{"type":"FeatureCollection","name":"habita_obras","features":[{"type":"Feature","properties":{"id":"habi_obraurbanizacao2geosampa_ext.1","gid":1,"ID_Habitasampa":"950d5df9-971a-4c51-bbcb-3ab1cade1281","Nome":"PAI MORRO DO S4 - 2ª ETAPA - VAZ DE LIMA/SANTO DIAS/JARDIM LIDIA; JARDIM IMBÉ I; JARDIM IMBÉ II; SANTO DIAS II","Agrupamento":"URBANIZAÇÃO COMPLEXA PAC-PV","Estagio":"08 - AÇÕES PRELIMINARES DE OBRA","ID_unico":"1040.101.iii-u","Escopo":"PROJETO+OBRA","Responsavel":"SEHAB/CFT-OBRA","Programa_metas":"","Estimativa_familias":null,"Previsao_entrega_obra":"Sem previsão","Estagio_mapeamento":"Projeto finalizado","Area_m2":144790.67,"Distrito":"CAPAO REDONDO","Subprefeitura":"CAMPO LIMPO","DTS":"SUL"},"geometry":{"type":"MultiPolygon","coordinates":[[[[-46.765569,-23.674688],[-46.765576,-23.674776],[-46.76567,-23.674763],[-46.765659,-23.674588],[-46.765652,-23.674585],[-46.765617,-23.67415],[-46.765614,-23.674137],[-46.765603,-23.67407],[-46.765365,-23.674095],[-46.765332,-23.674054],[-46.765283,-23.673926],[-46.764925,-23.674046],[-46.765011,-23.674261],[-46.764979,-23.674273],[-46.765011,-23.674353],[-46.765043,-23.67434],[-46.765076,-23.674417],[-46.765035,-23.67446],[-46.765027,-23.674455],[-46.764938,-23.67445],[-46.76494,-23.674438],[-46.764924,-23.674436],[-46.764897,-23.674485],[-46.764888,-23.674509],[-46.764891,-23.67468],[-46.764895,-23.674705],[-46.764997,-23.6747],[-46.764998,-23.674794],[-46.765008,-23.674913],[-46.765098,-23.674904],[-46.765081,-23.674731],[-46.7651,-23.674711],[-46.765549,-23.674681],[-46.765569,-23.674688]]],[[[-46.759051,-23.663223],[-46.759205,-23.663126],[-46.759833,-23.663901],[-46.759883,-23.663952],[-46.759929,-23.663923],[-46.760155,-23.664041],[-46.760297,-23.664096],[-46.760476,-23.664184],[-46.760613,-23.664276],[-46.760724,-23.664367],[-46.760853,-23.66452],[-46.760903,-23.664573],[-46.761063,-23.664734],[-46.761209,-23.665002],[-46.76144,-23.665514],[-46.761617,-23.66587],[-46.761405,-23.665869],[-46.761403,-23.665976],[-46.761762,-23.665981],[-46.76174,-23.666362],[-46.761605,-23.666382],[-46.761608,-23.666605],[-46.761529,-23.666866],[-46.761479,-23.667124],[-46.761476,-23.66766],[-46.761514,-23.668044],[-46.761389,-23.668046],[-46.761177,-23.668063],[-46.761201,-23.668248],[-46.76121,-23.668336],[-46.761385,-23.668307],[-46.761426,-23.668465],[-46.761465,-23.668598],[-46.761477,-23.668629],[-46.761454,-23.668639],[-46.761478,-23.668712],[-46.7615,-23.668706],[-46.761602,-23.669033],[-46.761604,-23.669055],[-46.761581,-23.669062],[-46.761606,-23.669143],[-46.761635,-23.669137],[-46.761731,-23.669462],[-46.761735,-23.669489],[-46.761707,-23.669507],[-46.761724,-23.669567],[-46.761753,-23.66956],[-46.761836,-23.669826],[-46.761719,-23.669871],[-46.761538,-23.66995],[-46.761596,-23.670056],[-46.761678,-23.670017],[-46.761705,-23.670029],[-46.761757,-23.670217],[-46.761976,-23.670176],[-46.762027,-23.670404],[-46.762055,-23.670398],[-46.762069,-23.670451],[-46.762155,-23.67043],[-46.762206,-23.670591],[-46.762019,-23.670633],[-46.762046,-23.670742],[-46.762149,-23.670722],[-46.762179,-23.670834],[-46.762131,-23.670845],[-46.76221,-23.671149],[-46.762031,-23.671189],[-46.76211,-23.671512],[-46.762165,-23.671499],[-46.762224,-23.671721],[-46.761982,-23.671772],[-46.762012,-23.671881],[-46.76226,-23.671824],[-46.762318,-23.672038],[-46.762469,-23.671991],[-46.76253,-23.671969],[-46.76257,-23.671974],[-46.762562,-23.672034],[-46.762562,-23.672069],[-46.762569,-23.672278],[-46.762575,-23.672312],[-46.76259,-23.672363],[-46.76276,-23.672788],[-46.762988,-23.672715],[-46.763303,-23.6726],[-46.763343,-23.672438],[-46.76327,-23.672418],[-46.763251,-23.672456],[-46.763212,-23.672463],[-46.763185,-23.672442],[-46.763114,-23.672316],[-46.763056,-23.672179],[-46.762841,-23.671742],[-46.762576,-23.671181],[-46.762549,-23.671096],[-46.762548,-23.671034],[-46.762511,-23.670769],[-46.762493,-23.67069],[-46.762491,-23.670653],[-46.762495,-23.670624],[-46.762504,-23.670608],[-46.762534,-23.670612],[-46.762535,-23.670538],[-46.76248,-23.67051],[-46.762439,-23.670481],[-46.762401,-23.670371],[-46.762379,-23.670247],[-46.76236,-23.670122],[-46.762344,-23.669977],[-46.762407,-23.66999],[-46.763132,-23.670118],[-46.763319,-23.670161],[-46.763736,-23.670231],[-46.76401,-23.670262],[-46.764145,-23.670266],[-46.764143,-23.670131],[-46.764107,-23.669999],[-46.764055,-23.669971],[-46.764038,-23.669923],[-46.764023,-23.669892],[-46.764016,-23.669869],[-46.764037,-23.669856],[-46.764037,-23.669844],[-46.764033,-23.669715],[-46.764031,-23.669591],[-46.764116,-23.669611],[-46.764177,-23.66963],[-46.764213,-23.669648],[-46.764222,-23.669632],[-46.76402,-23.669469],[-46.763989,-23.669509],[-46.763922,-23.66952],[-46.763516,-23.669544],[-46.763441,-23.669542],[-46.763398,-23.669536],[-46.76336,-23.669527],[-46.763276,-23.669486],[-46.763222,-23.669443],[-46.762476,-23.66883],[-46.76213,-23.668546],[-46.762083,-23.668496],[-46.762061,-23.668452],[-46.762053,-23.668417],[-46.761982,-23.667858],[-46.762022,-23.667837],[-46.762045,-23.667838],[-46.762091,-23.667873],[-46.762136,-23.667819],[-46.762031,-23.667729],[-46.76198,-23.667658],[-46.761929,-23.667508],[-46.761928,-23.66744],[-46.761979,-23.667096],[-46.761989,-23.667078],[-46.762016,-23.667072],[-46.762055,-23.667105],[-46.762079,-23.667001],[-46.762005,-23.66693],[-46.762007,-23.666905],[-46.762029,-23.666877],[-46.762116,-23.666876],[-46.762122,-23.666814],[-46.762049,-23.666812],[-46.762106,-23.666467],[-46.76213,-23.666348],[-46.762173,-23.666002],[-46.762176,-23.665929],[-46.762161,-23.665344],[-46.762157,-23.664931],[-46.76215,-23.664614],[-46.762173,-23.664602],[-46.762208,-23.664565],[-46.762243,-23.664458],[-46.762238,-23.664401],[-46.762185,-23.664361],[-46.76204,-23.664389],[-46.761687,-23.664256],[-46.761716,-23.664159],[-46.761787,-23.66399],[-46.761812,-23.663901],[-46.761942,-23.663616],[-46.761602,-23.663484],[-46.761584,-23.663502],[-46.76123,-23.663207],[-46.761356,-23.663078],[-46.762001,-23.66307],[-46.762059,-23.663125],[-46.762114,-23.663049],[-46.762078,-23.663014],[-46.761963,-23.662885],[-46.761884,-23.662773],[-46.761858,-23.662723],[-46.76176,-23.662763],[-46.761451,-23.662903],[-46.761422,-23.662791],[-46.761373,-23.66268],[-46.761189,-23.662742],[-46.761131,-23.662599],[-46.761051,-23.662595],[-46.760781,-23.662895],[-46.760711,-23.662926],[-46.760675,-23.663041],[-46.760429,-23.66332],[-46.760228,-23.663438],[-46.760072,-23.663592],[-46.760032,-23.6636],[-46.759992,-23.663577],[-46.759202,-23.662572],[-46.758714,-23.662064],[-46.758739,-23.662033],[-46.759682,-23.661436],[-46.759654,-23.661332],[-46.759425,-23.661063],[-46.759547,-23.660981],[-46.759474,-23.660843],[-46.759434,-23.660815],[-46.759391,-23.66059],[-46.759347,-23.660427],[-46.759303,-23.660367],[-46.75908,-23.66042],[-46.758329,-23.660446],[-46.758305,-23.660376],[-46.758121,-23.660497],[-46.757457,-23.661171],[-46.757519,-23.661205],[-46.758305,-23.662382],[-46.758443,-23.66242],[-46.75848,-23.662375],[-46.758588,-23.6624],[-46.758742,-23.662539],[-46.759182,-23.663079],[-46.759017,-23.663185],[-46.759051,-23.663223]]]]}},{"type":"Feature","properties":{"id":"habi_obraurbanizacao2geosampa_ext.2","gid":2,"ID_Habitasampa":"f5fd1403-f354-491b-b73e-6d56f286d1a1","Nome":"JARDIM VITÓRIA - SUBPERÍMETRO 1","Agrupamento":"URBANIZAÇÃO COMPLEXA","Estagio":"03 - OBRA EM ANDAMENTO","ID_unico":"1154.100.100-u","Escopo":"OBRA","Responsavel":"SEHAB/CFT-OBRA","Programa_metas":"2025-2028","Estimativa_familias":260.0,"Previsao_entrega_obra":null,"Estagio_mapeamento":"Obra contratada","Area_m2":54371.0,"Distrito":"CIDADE TIRADENTES","Subprefeitura":"CIDADE TIRADENTES","DTS":"LESTE"},"geometry":{"type":"MultiPolygon","coordinates":[[[[-46.386579,-23.588127],[-46.386566,-23.587928],[-46.386576,-23.587746],[-46.38656,-23.587584],[-46.386692,-23.587247],[-46.386143,-23.587054],[-46.386019,-23.58757],[-46.385919,-23.588055],[-46.385818,-23.588512],[-46.385482,-23.589796],[-46.385353,-23.590249],[-46.385784,-23.59035],[-46.386029,-23.589726],[-46.386757,-23.590075],[-46.387035,-23.591706],[-46.388133,-23.59196],[-46.388224,-23.591629],[-46.387928,-23.591562],[-46.387653,-23.59144],[-46.387802,-23.590886],[-46.388018,-23.589995],[-46.387432,-23.589868],[-46.387079,-23.5895],[-46.386921,-23.589258],[-46.386698,-23.588691],[-46.386579,-23.588127]]]]}},{"type":"Feature","properties":{"id":"habi_obraurbanizacao2geosampa_ext.9","gid":9,"ID_Habitasampa":"f9579d85-7d6a-43e9-8174-6ff18fc09d5d","Nome":"LOTE 6 - NOVA GRAJAÚ II - PARQUE LINEAR COCAIA - SUBPERÍMETRO 4","Agrupamento":"URBANIZAÇÃO COMPLEXA MANANCIAIS","Estagio":"03 - OBRA EM ANDAMENTO","ID_unico":"1144.101.103-u","Escopo":"PROJETO+OBRA","Responsavel":"SEHAB/SEPM","Programa_metas":"2025-2028","Estimativa_familias":389.0,"Previsao_entrega_obra":"dez-28","Estagio_mapeamento":"Obra contratada","Area_m2":70583.45,"Distrito":"GRAJAU","Subprefeitura":"CAPELA DO SOCORRO","DTS":"MANANCIAIS"},"geometry":{"type":"MultiPolygon","coordinates":[[[[-46.686668,-23.752156],[-46.68652,-23.752275],[-46.686193,-23.752539],[-46.686069,-23.752718],[-46.686131,-23.752741],[-46.686315,-23.752845],[-46.686541,-23.752876],[-46.68665,-23.752831],[-46.687566,-23.753498],[-46.688001,-23.753661],[-46.688165,-23.753543],[-46.688337,-23.753419],[-46.68838,-23.753384],[-46.688406,-23.753364],[-46.68852,-23.753257],[-46.688665,-23.753085],[-46.688722,-23.753038],[-46.688749,-23.75303],[-46.688854,-23.753091],[-46.688876,-23.753108],[-46.688898,-23.753037],[-46.68888,-23.753025],[-46.688784,-23.752952],[-46.68875,-23.752922],[-46.688721,-23.752858],[-46.6887,-23.752752],[-46.688639,-23.752554],[-46.688591,-23.752423],[-46.688481,-23.752148],[-46.688399,-23.75193],[-46.688328,-23.751699],[-46.688284,-23.751429],[-46.688277,-23.751382],[-46.68827,-23.751198],[-46.688266,-23.751057],[-46.688259,-23.750827],[-46.688251,-23.75071],[-46.688234,-23.750599],[-46.688214,-23.750517],[-46.688204,-23.750475],[-46.688197,-23.750431],[-46.688209,-23.750388],[-46.688233,-23.750359],[-46.688319,-23.750301],[-46.688391,-23.75026],[-46.688422,-23.750244],[-46.688353,-23.750183],[-46.688233,-23.750242],[-46.688155,-23.750279],[-46.688136,-23.750282],[-46.688108,-23.750264],[-46.688076,-23.750207],[-46.688048,-23.750152],[-46.688032,-23.750128],[-46.687988,-23.750047],[-46.687948,-23.749976],[-46.687885,-23.749862],[-46.687845,-23.749789],[-46.68782,-23.749739],[-46.687811,-23.749698],[-46.687812,-23.749664],[-46.687829,-23.749577],[-46.687862,-23.749463],[-46.687887,-23.749383],[-46.687908,-23.749278],[-46.68792,-23.749215],[-46.687854,-23.749258],[-46.68781,-23.749433],[-46.687769,-23.749476],[-46.687678,-23.749466],[-46.687649,-23.749401],[-46.687637,-23.749371],[-46.687633,-23.749363],[-46.687616,-23.749322],[-46.687585,-23.749237],[-46.687543,-23.749044],[-46.687531,-23.748915],[-46.687548,-23.748692],[-46.687555,-23.748652],[-46.687559,-23.748623],[-46.687582,-23.74848],[-46.687608,-23.748321],[-46.687519,-23.748247],[-46.687486,-23.748449],[-46.687465,-23.748553],[-46.687413,-23.748868],[-46.687339,-23.74918],[-46.687244,-23.749487],[-46.687189,-23.74967],[-46.687185,-23.749678],[-46.687182,-23.749687],[-46.687177,-23.749695],[-46.687172,-23.749703],[-46.687167,-23.749711],[-46.687161,-23.749718],[-46.687154,-23.749725],[-46.687146,-23.749733],[-46.687138,-23.74974],[-46.687129,-23.749747],[-46.687119,-23.749754],[-46.687109,-23.74976],[-46.687099,-23.749765],[-46.686803,-23.749867],[-46.686984,-23.749892],[-46.687036,-23.749881],[-46.687084,-23.749881],[-46.687129,-23.749888],[-46.687167,-23.749911],[-46.687188,-23.749939],[-46.687191,-23.74998],[-46.687186,-23.750003],[-46.68662,-23.750653],[-46.686615,-23.750658],[-46.686611,-23.750662],[-46.686606,-23.750666],[-46.6866,-23.75067],[-46.686595,-23.750673],[-46.686589,-23.750676],[-46.686583,-23.750679],[-46.686577,-23.750681],[-46.686571,-23.750683],[-46.686564,-23.750685],[-46.686558,-23.750686],[-46.686551,-23.750687],[-46.686551,-23.750687],[-46.686547,-23.750724],[-46.686545,-23.750761],[-46.686546,-23.750798],[-46.686549,-23.750835],[-46.686555,-23.750872],[-46.686564,-23.750908],[-46.686575,-23.750944],[-46.686589,-23.750971],[-46.686605,-23.750998],[-46.686623,-23.751024],[-46.686642,-23.751048],[-46.686663,-23.751072],[-46.686685,-23.751094],[-46.686705,-23.751106],[-46.686727,-23.751117],[-46.686748,-23.751126],[-46.686771,-23.751134],[-46.686794,-23.75114],[-46.686817,-23.751146],[-46.686841,-23.75115],[-46.686865,-23.751152],[-46.686889,-23.751153],[-46.687052,-23.751204],[-46.687178,-23.751293],[-46.687029,-23.751521],[-46.686925,-23.751812],[-46.686754,-23.752087],[-46.686668,-23.752156]]]]}},{"type":"Feature","properties":{"id":"habi_obraurbanizacao2geosampa_ext.3","gid":3,"ID_Habitasampa":"81377374-3cec-4b3e-84f4-8ebf36791ecd","Nome":"LOTE 1 - BOULEVARD DA PAZ A - SUBPERÍMETRO 1","Agrupamento":"URBANIZAÇÃO COMPLEXA MANANCIAIS","Estagio":"11 - PROJETO EM ANDAMENTO","ID_unico":"1107.101.100-u","Escopo":"PROJETO+OBRA","Responsavel":"SEHAB/SEPM","Programa_metas":"","Estimativa_familias":1324.0,"Previsao_entrega_obra":"Sem previsão","Estagio_mapeamento":"Projeto contratado","Area_m2":203067.76,"Distrito":"JARDIM ANGELA","Subprefeitura":"M BOI MIRIM","DTS":"MANANCIAIS"},"geometry":{"type":"MultiPolygon","coordinates":[[[[-46.790265,-23.698356],[-46.790271,-23.698357],[-46.790276,-23.698357],[-46.790281,-23.698358],[-46.790286,-23.69836],[-46.790291,-23.698362],[-46.790296,-23.698364],[-46.790301,-23.698366],[-46.790305,-23.698369],[-46.790309,-23.698372],[-46.790314,-23.698375],[-46.790317,-23.698378],[-46.790321,-23.698382],[-46.790324,-23.698386],[-46.790327,-23.69839],[-46.79033,-23.698394],[-46.790332,-23.698399],[-46.790334,-23.698403],[-46.790336,-23.698408],[-46.790337,-23.698413],[-46.790338,-23.698417],[-46.790339,-23.698422],[-46.790339,-23.698427],[-46.790342,-23.698649],[-46.790342,-23.698654],[-46.790341,-23.698659],[-46.790341,-23.698664],[-46.790339,-23.698669],[-46.790338,-23.698674],[-46.790336,-23.698678],[-46.790334,-23.698683],[-46.790331,-23.698687],[-46.790328,-23.698691],[-46.790325,-23.698695],[-46.790322,-23.698699],[-46.790318,-23.698702],[-46.790314,-23.698706],[-46.79031,-23.698709],[-46.790305,-23.698712],[-46.790301,-23.698714],[-46.790296,-23.698716],[-46.790291,-23.698718],[-46.790286,-23.69872],[-46.790281,-23.698721],[-46.790275,-23.698722],[-46.79027,-23.698722],[-46.790265,-23.698723],[-46.789969,-23.698726],[-46.789973,-23.699013],[-46.78998,-23.699477],[-46.790097,-23.700634],[-46.790104,-23.70064],[-46.79036,-23.700838],[-46.790402,-23.700879],[-46.79043,-23.700916],[-46.790454,-23.700977],[-46.790461,-23.701008],[-46.790487,-23.701062],[-46.79051,-23.70109],[-46.790533,-23.701105],[-46.79056,-23.701124],[-46.790601,-23.701144],[-46.790648,-23.701157],[-46.790695,-23.701167],[-46.790749,-23.701177],[-46.790836,-23.701202],[-46.790929,-23.701242],[-46.790975,-23.701273],[-46.791008,-23.701299],[-46.79103,-23.701327],[-46.791126,-23.70153],[-46.79117,-23.701719],[-46.791236,-23.701451],[-46.791356,-23.700841],[-46.791372,-23.700822],[-46.791405,-23.700816],[-46.791603,-23.700854],[-46.791613,-23.700817],[-46.791558,-23.700802],[-46.791561,-23.700785],[-46.791593,-23.700508],[-46.791628,-23.700518],[-46.791734,-23.700498],[-46.791757,-23.700466],[-46.79175,-23.700461],[-46.791787,-23.700409],[-46.791848,-23.700416],[-46.791887,-23.700387],[-46.791925,-23.700368],[-46.79193,-23.700339],[-46.791971,-23.700311],[-46.791994,-23.700267],[-46.792041,-23.700209],[-46.792092,-23.700144],[-46.792118,-23.700102],[-46.792141,-23.700076],[-46.792194,-23.700033],[-46.792211,-23.700017],[-46.792318,-23.699907],[-46.792379,-23.699837],[-46.792431,-23.699777],[-46.792482,-23.699722],[-46.792695,-23.699503],[-46.792709,-23.699498],[-46.792725,-23.699488],[-46.792771,-23.699482],[-46.79283,-23.69947],[-46.792891,-23.699444],[-46.79299,-23.69941],[-46.793082,-23.699372],[-46.793176,-23.699329],[-46.793281,-23.699285],[-46.793372,-23.699247],[-46.793478,-23.699206],[-46.793574,-23.699166],[-46.793746,-23.699092],[-46.793805,-23.699063],[-46.793832,-23.699047],[-46.793852,-23.699034],[-46.793873,-23.699018],[-46.793889,-23.699],[-46.793903,-23.698985],[-46.793917,-23.698968],[-46.793932,-23.698951],[-46.793946,-23.698929],[-46.793959,-23.698908],[-46.79397,-23.698887],[-46.793977,-23.698866],[-46.793985,-23.698843],[-46.79399,-23.69882],[-46.793996,-23.698795],[-46.794,-23.698773],[-46.794004,-23.69875],[-46.794018,-23.698605],[-46.794024,-23.698549],[-46.794027,-23.698412],[-46.794021,-23.698232],[-46.794014,-23.698093],[-46.794,-23.697961],[-46.793995,-23.697925],[-46.793969,-23.697809],[-46.793926,-23.69769],[-46.793883,-23.697609],[-46.793829,-23.697523],[-46.793753,-23.697415],[-46.793689,-23.697313],[-46.793656,-23.697261],[-46.793634,-23.69725],[-46.793494,-23.697372],[-46.79347,-23.697361],[-46.793459,-23.697365],[-46.793332,-23.697399],[-46.793268,-23.697391],[-46.79314,-23.69735],[-46.793093,-23.697326],[-46.793053,-23.697292],[-46.79301,-23.697227],[-46.792975,-23.697173],[-46.792937,-23.697113],[-46.792899,-23.697041],[-46.792843,-23.696941],[-46.792771,-23.696794],[-46.792704,-23.696663],[-46.792589,-23.696411],[-46.792568,-23.696249],[-46.79257,-23.696165],[-46.792598,-23.696045],[-46.792625,-23.695964],[-46.79266,-23.695869],[-46.792704,-23.695721],[-46.792724,-23.695674],[-46.792801,-23.695543],[-46.79279,-23.695529],[-46.792705,-23.695518],[-46.792689,-23.695525],[-46.79267,-23.695529],[-46.792646,-23.695527],[-46.792638,-23.695525],[-46.792613,-23.695505],[-46.792594,-23.695432],[-46.792568,-23.695353],[-46.792551,-23.695307],[-46.792506,-23.695228],[-46.792482,-23.695196],[-46.792423,-23.695121],[-46.792384,-23.695077],[-46.79232,-23.695018],[-46.792242,-23.694956],[-46.792189,-23.694929],[-46.792142,-23.694899],[-46.792059,-23.694869],[-46.792011,-23.694863],[-46.791957,-23.694855],[-46.791918,-23.694848],[-46.791836,-23.694835],[-46.791827,-23.694861],[-46.791772,-23.694863],[-46.791579,-23.69483],[-46.791382,-23.694801],[-46.791372,-23.694797],[-46.791357,-23.694779],[-46.791348,-23.694763],[-46.791345,-23.694713],[-46.791289,-23.694655],[-46.791285,-23.69471],[-46.791256,-23.694798],[-46.791213,-23.694861],[-46.791032,-23.695003],[-46.790956,-23.695058],[-46.790653,-23.695211],[-46.790582,-23.695211],[-46.790544,-23.695164],[-46.790479,-23.695171],[-46.790456,-23.695254],[-46.790412,-23.695317],[-46.790235,-23.695388],[-46.790099,-23.695443],[-46.790029,-23.695471],[-46.789876,-23.695531],[-46.789828,-23.695545],[-46.789778,-23.695533],[-46.789729,-23.695479],[-46.789601,-23.695459],[-46.789586,-23.695471],[-46.789719,-23.695624],[-46.789705,-23.695706],[-46.789665,-23.695722],[-46.789564,-23.696185],[-46.789653,-23.696285],[-46.789653,-23.696298],[-46.789654,-23.696311],[-46.789657,-23.696323],[-46.789768,-23.696981],[-46.789774,-23.697012],[-46.789884,-23.697539],[-46.789887,-23.69755],[-46.78989,-23.697561],[-46.789895,-23.697572],[-46.7899,-23.697583],[-46.789905,-23.697593],[-46.789985,-23.697731],[-46.789993,-23.697746],[-46.79,-23.697761],[-46.790006,-23.697776],[-46.79001,-23.697792],[-46.790013,-23.697808],[-46.790015,-23.697824],[-46.790016,-23.69784],[-46.790022,-23.698301],[-46.790022,-23.698304],[-46.790023,-23.698307],[-46.790023,-23.69831],[-46.790024,-23.698313],[-46.790025,-23.698316],[-46.790027,-23.698319],[-46.790028,-23.698321],[-46.79003,-23.698324],[-46.790032,-23.698327],[-46.790034,-23.698329],[-46.790036,-23.698331],[-46.790038,-23.698334],[-46.790041,-23.698336],[-46.790043,-23.698337],[-46.790046,-23.698339],[-46.790049,-23.69834],[-46.790052,-23.698342],[-46.790055,-23.698343],[-46.790059,-23.698344],[-46.790062,-23.698344],[-46.790065,-23.698345],[-46.790068,-23.698345],[-46.790265,-23.698356]]]]}},{"type":"Feature","properties":{"id":"habi_obraurbanizacao2geosampa_ext.4","gid":4,"ID_Habitasampa":"e2313dc3-61d8-4baa-8f71-035d32b013fb","Nome":"LOTE 1 - BOULEVARD DA PAZ A - SUBPERÍMETRO 2","Agrupamento":"URBANIZAÇÃO COMPLEXA MANANCIAIS","Estagio":"12 - PROJETO CONTRATADO E NÃO INICIADO","ID_unico":"1107.101.101-u","Escopo":"PROJETO+OBRA","Responsavel":"SEHAB/SEPM","Programa_metas":"","Estimativa_familias":592.0,"Previsao_entrega_obra":"Sem previsão","Estagio_mapeamento":"Obra contratada","Area_m2":47425.96,"Distrito":"JARDIM ANGELA","Subprefeitura":"M BOI MIRIM","DTS":"MANANCIAIS"},"geometry":{"type":"MultiPolygon","coordinates":[[[[-46.784877,-23.695825],[-46.784885,-23.695845],[-46.784918,-23.695932],[-46.784971,-23.696047],[-46.785049,-23.696204],[-46.785059,-23.696223],[-46.785269,-23.696645],[-46.785279,-23.696664],[-46.785343,-23.696788],[-46.785454,-23.696996],[-46.785535,-23.697142],[-46.785639,-23.697335],[-46.785684,-23.697443],[-46.78568,-23.697547],[-46.785695,-23.697615],[-46.785688,-23.697616],[-46.785695,-23.697674],[-46.785689,-23.69771],[-46.785676,-23.697738],[-46.785624,-23.697807],[-46.785589,-23.697845],[-46.785533,-23.697881],[-46.785487,-23.697905],[-46.78543,-23.697928],[-46.785354,-23.697913],[-46.785235,-23.697975],[-46.785335,-23.698018],[-46.785429,-23.698087],[-46.785611,-23.69788],[-46.785783,-23.697661],[-46.786839,-23.696415],[-46.786772,-23.696381],[-46.786713,-23.696323],[-46.786654,-23.696182],[-46.786634,-23.696113],[-46.786599,-23.695987],[-46.786567,-23.695874],[-46.786512,-23.695685],[-46.786443,-23.695429],[-46.786426,-23.695367],[-46.786425,-23.695259],[-46.786447,-23.695176],[-46.786428,-23.695162],[-46.786462,-23.695096],[-46.786418,-23.695036],[-46.786402,-23.695069],[-46.786377,-23.69509],[-46.786347,-23.69509],[-46.78634,-23.695085],[-46.786322,-23.69503],[-46.786288,-23.694902],[-46.786257,-23.694789],[-46.786255,-23.694777],[-46.786252,-23.694761],[-46.786247,-23.694712],[-46.786247,-23.694697],[-46.786247,-23.694672],[-46.786254,-23.694624],[-46.78619,-23.694578],[-46.786141,-23.694545],[-46.785926,-23.694424],[-46.785832,-23.694383],[-46.785691,-23.69433],[-46.785634,-23.694309],[-46.785557,-23.694259],[-46.785526,-23.694302],[-46.785513,-23.694319],[-46.78549,-23.694312],[-46.785466,-23.694325],[-46.785413,-23.694357],[-46.785358,-23.694389],[-46.785308,-23.694415],[-46.785241,-23.694457],[-46.785146,-23.694511],[-46.785079,-23.694548],[-46.784999,-23.694594],[-46.784858,-23.694878],[-46.784845,-23.694907],[-46.784833,-23.694945],[-46.784813,-23.695015],[-46.784803,-23.695051],[-46.784798,-23.695072],[-46.784795,-23.695083],[-46.784789,-23.695088],[-46.784782,-23.695095],[-46.784768,-23.6951],[-46.78475,-23.695095],[-46.784695,-23.695112],[-46.784719,-23.695151],[-46.784762,-23.695197],[-46.784745,-23.695244],[-46.784743,-23.695268],[-46.784759,-23.695357],[-46.784763,-23.695378],[-46.7848,-23.695552],[-46.784819,-23.695628],[-46.784839,-23.695709],[-46.784877,-23.695825]]]]}},{"type":"Feature","properties":{"id":"habi_obraurbanizacao2geosampa_ext.10","gid":10,"ID_Habitasampa":"e9096be7-e3d5-4c01-87f0-1e121cf5d2e6","Nome":"LOTE 6 - GRAJAÚ B / SÃO JUDAS - JARDIM UNIÃO","Agrupamento":"URB SIMPLES S/ REMOÇÃO MANANCIAIS","Estagio":"01 - OBRA CONCLUÍDA","ID_unico":"1125.101.100-u","Escopo":"PROJETO+OBRA","Responsavel":"SEHAB/SEPM","Programa_metas":"2021-2024","Estimativa_familias":578.0,"Previsao_entrega_obra":"Sem previsão","Estagio_mapeamento":"Obra contratada","Area_m2":80361.03,"Distrito":"GRAJAU","Subprefeitura":"CAPELA DO SOCORRO","DTS":"MANANCIAIS"},"geometry":{"type":"MultiPolygon","coordinates":[[[[-46.711026,-23.777246],[-46.710234,-23.777479],[-46.71014,-23.777473],[-46.710068,-23.777467],[-46.708961,-23.7775],[-46.708304,-23.777398],[-46.707705,-23.777348],[-46.707065,-23.777358],[-46.706801,-23.777382],[-46.709699,-23.780953],[-46.709669,-23.780693],[-46.710004,-23.779569],[-46.710201,-23.779529],[-46.711026,-23.777246]]]]}},{"type":"Feature","properties":{"id":"habi_obraurbanizacao2geosampa_ext.24","gid":24,"ID_Habitasampa":"47d2a1bc-a3be-43bc-8bb5-19f2d4800d07","Nome":"LOTE 8 - TOMÁS SANDRINO - SUBPERÍMETRO 1","Agrupamento":"URBANIZAÇÃO COMPLEXA MANANCIAIS","Estagio":"11 - PROJETO EM ANDAMENTO","ID_unico":"1266.100.100-u","Escopo":"PROJETO+OBRA","Responsavel":"SEHAB/SEPM","Programa_metas":"2025-2028","Estimativa_familias":204.0,"Previsao_entrega_obra":"dez-27","Estagio_mapeamento":"Projeto contratado","Area_m2":31243.36,"Distrito":"PARELHEIROS","Subprefeitura":"PARELHEIROS","DTS":"MANANCIAIS"},"geometry":{"type":"MultiPolygon","coordinates":[[[[-46.736154,-23.828589],[-46.735263,-23.827479],[-46.733602,-23.826156],[-46.733508,-23.825662],[-46.733301,-23.825702],[-46.733119,-23.825957],[-46.733489,-23.826514],[-46.734012,-23.826864],[-46.735318,-23.829255],[-46.736281,-23.82909],[-46.736154,-23.828589]]]]}},{"type":"Feature","properties":{"id":"habi_obraurbanizacao2geosampa_ext.5","gid":5,"ID_Habitasampa":"c64ff616-c0ea-4944-aac4-2dc9473b3ac3","Nome":"PAI PIRAJUSSARA 5 - 2ª ETAPA - MONFORTE DE LEMOS; FAV. HORTO DO IPÊ; FAV. JARDIM UMUARAMA; VALE DAS VIRTUDES I; VIELA CINCO","Agrupamento":"URBANIZAÇÃO COMPLEXA PAC-PV","Estagio":"07 - EDITAL DE OBRA EM ELABORAÇÃO","ID_unico":"1033.102.iii-u","Escopo":"PROJETO+OBRA","Responsavel":"SEHAB/CFT-OBRA","Programa_metas":"","Estimativa_familias":2505.0,"Previsao_entrega_obra":"Sem previsão","Estagio_mapeamento":"Projeto finalizado","Area_m2":131014.08,"Distrito":"CAMPO LIMPO","Subprefeitura":"CAMPO LIMPO","DTS":"SUL"},"geometry":{"type":"MultiPolygon","coordinates":[[[[-46.766977,-23.655963],[-46.766934,-23.656098],[-46.766893,-23.656164],[-46.766821,-23.65619],[-46.766696,-23.656314],[-46.766611,-23.656442],[-46.766522,-23.656503],[-46.766551,-23.656701],[-46.766541,-23.656745],[-46.766557,-23.656771],[-46.766663,-23.656933],[-46.76671,-23.657022],[-46.766738,-23.65706],[-46.766727,-23.657086],[-46.766747,-23.657096],[-46.766817,-23.657112],[-46.766886,-23.657151],[-46.766983,-23.657154],[-46.767146,-23.657242],[-46.767174,-23.657203],[-46.767178,-23.657198],[-46.7672,-23.657167],[-46.767058,-23.657085],[-46.767046,-23.657042],[-46.767066,-23.656862],[-46.767085,-23.656785],[-46.767128,-23.656647],[-46.767184,-23.656575],[-46.767306,-23.656458],[-46.767475,-23.656292],[-46.767621,-23.656133],[-46.767751,-23.656013],[-46.767794,-23.655998],[-46.767852,-23.656066],[-46.767829,-23.656088],[-46.768191,-23.656404],[-46.768317,-23.656185],[-46.768407,-23.656048],[-46.768434,-23.656002],[-46.768512,-23.655867],[-46.768544,-23.655875],[-46.768631,-23.655747],[-46.768647,-23.655747],[-46.768688,-23.655658],[-46.768742,-23.655674],[-46.768832,-23.65552],[-46.76885,-23.655525],[-46.768822,-23.655457],[-46.768999,-23.65525],[-46.769082,-23.655309],[-46.769118,-23.655312],[-46.769358,-23.655327],[-46.76931,-23.655143],[-46.769224,-23.654864],[-46.76909,-23.654425],[-46.76903,-23.654224],[-46.769335,-23.654116],[-46.76922,-23.653813],[-46.769153,-23.65385],[-46.769078,-23.653851],[-46.768804,-23.654113],[-46.768742,-23.654181],[-46.768692,-23.654269],[-46.768691,-23.654414],[-46.768631,-23.654496],[-46.768576,-23.654527],[-46.768536,-23.654634],[-46.768416,-23.654706],[-46.768373,-23.654796],[-46.768366,-23.654803],[-46.768307,-23.654885],[-46.768232,-23.654958],[-46.768132,-23.655058],[-46.767955,-23.655237],[-46.76793,-23.655262],[-46.76776,-23.655413],[-46.767664,-23.655531],[-46.767342,-23.655765],[-46.767042,-23.655911],[-46.766977,-23.655963]]],[[[-46.770448,-23.649709],[-46.770454,-23.649795],[-46.770466,-23.649968],[-46.770474,-23.650163],[-46.770476,-23.650341],[-46.770479,-23.650468],[-46.770501,-23.650901],[-46.770507,-23.650986],[-46.770515,-23.651096],[-46.770517,-23.651348],[-46.770507,-23.651473],[-46.770499,-23.651559],[-46.770492,-23.65161],[-46.770484,-23.651675],[-46.770462,-23.651784],[-46.77045,-23.651844],[-46.770409,-23.651952],[-46.770385,-23.652005],[-46.770337,-23.652088],[-46.7703,-23.652143],[-46.770247,-23.652215],[-46.77022,-23.652248],[-46.770168,-23.652316],[-46.770148,-23.652349],[-46.770128,-23.652381],[-46.770114,-23.652409],[-46.77009,-23.652456],[-46.770077,-23.652489],[-46.770053,-23.652556],[-46.770036,-23.652609],[-46.769995,-23.652739],[-46.769986,-23.652766],[-46.769971,-23.652817],[-46.769925,-23.652988],[-46.76991,-23.653059],[-46.769903,-23.653098],[-46.770306,-23.653301],[-46.77034,-23.653252],[-46.770509,-23.653138],[-46.770727,-23.653015],[-46.770889,-23.652949],[-46.770964,-23.652883],[-46.771162,-23.652445],[-46.771267,-23.652109],[-46.771315,-23.651794],[-46.771288,-23.651783],[-46.771077,-23.651698],[-46.770951,-23.651642],[-46.77087,-23.651606],[-46.770859,-23.651612],[-46.770769,-23.651619],[-46.770761,-23.651619],[-46.770826,-23.651455],[-46.771031,-23.650535],[-46.771143,-23.650259],[-46.77122,-23.650211],[-46.771288,-23.650187],[-46.77143,-23.650207],[-46.771591,-23.649989],[-46.770793,-23.649522],[-46.77093,-23.649344],[-46.770997,-23.64926],[-46.771042,-23.649284],[-46.771142,-23.649342],[-46.771258,-23.649405],[-46.771293,-23.649426],[-46.771335,-23.649449],[-46.771457,-23.649518],[-46.77153,-23.649563],[-46.771554,-23.649578],[-46.771571,-23.649585],[-46.771585,-23.649587],[-46.771608,-23.649587],[-46.771631,-23.649583],[-46.771653,-23.649577],[-46.771677,-23.649566],[-46.771706,-23.649556],[-46.771814,-23.649524],[-46.771917,-23.649487],[-46.772046,-23.649439],[-46.772158,-23.649404],[-46.772299,-23.649358],[-46.772311,-23.649354],[-46.772397,-23.649323],[-46.772502,-23.649286],[-46.772634,-23.649237],[-46.77274,-23.6492],[-46.772824,-23.649171],[-46.772862,-23.649157],[-46.772881,-23.649146],[-46.772892,-23.649138],[-46.772903,-23.64913],[-46.772933,-23.648686],[-46.772949,-23.648189],[-46.773036,-23.647962],[-46.77315,-23.647691],[-46.77314,-23.647655],[-46.773124,-23.647603],[-46.773135,-23.647545],[-46.773136,-23.647544],[-46.773137,-23.647544],[-46.773152,-23.647479],[-46.773155,-23.647479],[-46.77322,-23.647265],[-46.773195,-23.647255],[-46.773165,-23.647248],[-46.773136,-23.64725],[-46.773117,-23.647259],[-46.773111,-23.647262],[-46.773078,-23.647286],[-46.773057,-23.647309],[-46.773048,-23.647327],[-46.773047,-23.64737],[-46.77304,-23.647463],[-46.773033,-23.647502],[-46.773018,-23.64757],[-46.773016,-23.647625],[-46.772969,-23.64767],[-46.772943,-23.647735],[-46.772913,-23.647804],[-46.772887,-23.647867],[-46.772854,-23.647943],[-46.772801,-23.648071],[-46.772746,-23.648193],[-46.772696,-23.648303],[-46.772644,-23.648421],[-46.772594,-23.648532],[-46.772551,-23.648619],[-46.772522,-23.648673],[-46.772493,-23.648711],[-46.772467,-23.648743],[-46.772453,-23.648758],[-46.772442,-23.648768],[-46.772366,-23.648821],[-46.772298,-23.648865],[-46.772272,-23.648878],[-46.772218,-23.648903],[-46.772134,-23.648926],[-46.772049,-23.648939],[-46.771965,-23.648944],[-46.771907,-23.64894],[-46.771815,-23.648921],[-46.771715,-23.648889],[-46.771668,-23.648869],[-46.771585,-23.648834],[-46.771494,-23.648791],[-46.77141,-23.648747],[-46.771339,-23.648704],[-46.771292,-23.648667],[-46.771282,-23.64866],[-46.771219,-23.648617],[-46.77112,-23.648552],[-46.771014,-23.64848],[-46.770914,-23.648417],[-46.770801,-23.648343],[-46.770699,-23.648271],[-46.770583,-23.64819],[-46.770534,-23.648158],[-46.770588,-23.648082],[-46.77086,-23.647773],[-46.771075,-23.647687],[-46.771323,-23.647588],[-46.771355,-23.647432],[-46.771417,-23.647298],[-46.771479,-23.647193],[-46.771559,-23.647112],[-46.771592,-23.647078],[-46.771745,-23.646876],[-46.772195,-23.647189],[-46.772215,-23.647165],[-46.772296,-23.64704],[-46.772421,-23.646778],[-46.772452,-23.646628],[-46.772444,-23.646441],[-46.772367,-23.646317],[-46.772172,-23.646112],[-46.772053,-23.646023],[-46.77204,-23.646024],[-46.771984,-23.646149],[-46.771925,-23.646282],[-46.771764,-23.646229],[-46.771729,-23.646309],[-46.771631,-23.646273],[-46.771466,-23.646211],[-46.771399,-23.646344],[-46.77136,-23.646437],[-46.771327,-23.646495],[-46.771288,-23.646529],[-46.771256,-23.646557],[-46.771206,-23.646599],[-46.771039,-23.646535],[-46.771012,-23.6466],[-46.770886,-23.646795],[-46.770745,-23.647014],[-46.770671,-23.647133],[-46.77068,-23.647138],[-46.770729,-23.647165],[-46.770549,-23.647461],[-46.770447,-23.647603],[-46.770197,-23.647536],[-46.769886,-23.647452],[-46.769871,-23.647703],[-46.769874,-23.647853],[-46.769734,-23.647816],[-46.76953,-23.647686],[-46.769428,-23.647633],[-46.769276,-23.647499],[-46.769159,-23.647401],[-46.769042,-23.647277],[-46.768802,-23.647064],[-46.768543,-23.646803],[-46.768338,-23.646612],[-46.768133,-23.646424],[-46.767927,-23.646224],[-46.767881,-23.646176],[-46.767821,-23.646106],[-46.767757,-23.646046],[-46.767606,-23.645703],[-46.767448,-23.645364],[-46.767419,-23.645306],[-46.767322,-23.645346],[-46.767373,-23.6455],[-46.767385,-23.645667],[-46.76739,-23.645728],[-46.767384,-23.645815],[-46.767407,-23.645982],[-46.767415,-23.646079],[-46.767438,-23.646188],[-46.767449,-23.646226],[-46.7675,-23.64639],[-46.767578,-23.646482],[-46.767832,-23.646627],[-46.768027,-23.64687],[-46.768259,-23.647253],[-46.768275,-23.647372],[-46.768316,-23.647552],[-46.76833,-23.647565],[-46.768372,-23.647616],[-46.768411,-23.647667],[-46.768535,-23.647788],[-46.768694,-23.64786],[-46.768816,-23.647884],[-46.7689,-23.647874],[-46.769029,-23.64785],[-46.769195,-23.64798],[-46.769286,-23.648011],[-46.769564,-23.648188],[-46.76961,-23.648184],[-46.76998,-23.648431],[-46.770034,-23.648575],[-46.770088,-23.648652],[-46.770159,-23.648722],[-46.770258,-23.648846],[-46.770367,-23.648925],[-46.770437,-23.648996],[-46.770433,-23.649111],[-46.770431,-23.649263],[-46.770435,-23.649481],[-46.770439,-23.649621],[-46.770448,-23.649709]]]]}},{"type":"Feature","properties":{"id":"habi_obraurbanizacao2geosampa_ext.11","gid":11,"ID_Habitasampa":"58a9d5e1-0e2a-4950-9e82-77f3c04688ba","Nome":"LOTE 5 - PAULISTAS / JARDIM APURÁ / DOIS (COMPLEXO PILÃO)","Agrupamento":"URBANIZAÇÃO COMPLEXA MANANCIAIS","Estagio":"01 - OBRA CONCLUÍDA","ID_unico":"1114.101.100-u","Escopo":"PROJETO+OBRA","Responsavel":"SEHAB/SEPM","Programa_metas":"2021-2024","Estimativa_familias":797.0,"Previsao_entrega_obra":"Sem previsão","Estagio_mapeamento":"Obra contratada","Area_m2":126084.88,"Distrito":"PEDREIRA","Subprefeitura":"CIDADE ADEMAR","DTS":"MANANCIAIS"},"geometry":{"type":"MultiPolygon","coordinates":[[[[-46.661997,-23.71195],[-46.662061,-23.711848],[-46.662143,-23.711847],[-46.662325,-23.711879],[-46.662502,-23.71187],[-46.662627,-23.711868],[-46.66274,-23.711729],[-46.662812,-23.71163],[-46.662619,-23.711488],[-46.662328,-23.711281],[-46.661932,-23.711101],[-46.661596,-23.711016],[-46.661248,-23.710875],[-46.661312,-23.710766],[-46.661511,-23.710491],[-46.661128,-23.710333],[-46.661365,-23.710025],[-46.661155,-23.709927],[-46.660374,-23.709557],[-46.65965,-23.709246],[-46.659076,-23.708993],[-46.658691,-23.708824],[-46.658696,-23.708814],[-46.658957,-23.708321],[-46.658516,-23.708135],[-46.658267,-23.708625],[-46.658261,-23.708622],[-46.657823,-23.708425],[-46.65776,-23.708401],[-46.657686,-23.708398],[-46.657402,-23.7085],[-46.657042,-23.708696],[-46.656864,-23.708835],[-46.65673,-23.70895],[-46.657003,-23.709076],[-46.657593,-23.709333],[-46.658376,-23.709694],[-46.658333,-23.709787],[-46.658158,-23.710156],[-46.658434,-23.710296],[-46.658255,-23.710579],[-46.658141,-23.71079],[-46.658121,-23.710865],[-46.658166,-23.710952],[-46.658351,-23.711193],[-46.658444,-23.711274],[-46.658591,-23.711442],[-46.658642,-23.711407],[-46.658649,-23.711317],[-46.658594,-23.711209],[-46.658814,-23.711079],[-46.658943,-23.71114],[-46.659198,-23.711317],[-46.659341,-23.711395],[-46.659532,-23.711604],[-46.659978,-23.712175],[-46.660239,-23.712459],[-46.660249,-23.712651],[-46.660359,-23.712891],[-46.660591,-23.712925],[-46.660775,-23.713042],[-46.660959,-23.713087],[-46.66109,-23.71306],[-46.661196,-23.712998],[-46.661424,-23.712753],[-46.661885,-23.712317],[-46.661985,-23.712189],[-46.661997,-23.71195]]]]}},{"type":"Feature","properties":{"id":"habi_obraurbanizacao2geosampa_ext.43","gid":43,"ID_Habitasampa":"7188f696-aaa2-4c89-804d-aec4b5ae0d6d","Nome":"LOTE 6 - TANGARÁ","Agrupamento":"URB SIMPLES S/ REMOÇÃO MANANCIAIS","Estagio":"01 - OBRA CONCLUÍDA","ID_unico":"1189.100.100-u","Escopo":"PROJETO+OBRA","Responsavel":"SEHAB/SEPM","Programa_metas":"2021-2024","Estimativa_familias":434.0,"Previsao_entrega_obra":null,"Estagio_mapeamento":"Obra contratada","Area_m2":50537.92,"Distrito":"GRAJAU","Subprefeitura":"CAPELA DO SOCORRO","DTS":"MANANCIAIS"},"geometry":{"type":"MultiPolygon","coordinates":[[[[-46.668865,-23.734062],[-46.66831,-23.735371],[-46.668896,-23.735559],[-46.668342,-23.736982],[-46.669491,-23.737344],[-46.669754,-23.736707],[-46.670673,-23.736444],[-46.670522,-23.736082],[-46.66997,-23.736247],[-46.670038,-23.735935],[-46.669928,-23.735613],[-46.669452,-23.735171],[-46.67024,-23.73553],[-46.670484,-23.735476],[-46.670331,-23.734749],[-46.669802,-23.734596],[-46.669795,-23.734315],[-46.668865,-23.734062]]]]}},{"type":"Feature","properties":{"id":"habi_obraurbanizacao2geosampa_ext.6","gid":6,"ID_Habitasampa":"a09d030b-8e0c-4632-9cf4-e62c8cfa09ab","Nome":"LOTE 4 - ANTHERO - SUBPERÍMETRO 1 (IMPÉRIO)","Agrupamento":"URBANIZAÇÃO COMPLEXA MANANCIAIS","Estagio":"11 - PROJETO EM ANDAMENTO","ID_unico":"1112.101.100-u","Escopo":"PROJETO+OBRA","Responsavel":"SEHAB/SEPM","Programa_metas":null,"Estimativa_familias":589.0,"Previsao_entrega_obra":"jul-27","Estagio_mapeamento":"Projeto contratado","Area_m2":51504.78,"Distrito":"CIDADE DUTRA","Subprefeitura":"CAPELA DO SOCORRO","DTS":"MANANCIAIS"},"geometry":{"type":"MultiPolygon","coordinates":[[[[-46.685235,-23.717087],[-46.685207,-23.717075],[-46.685092,-23.717027],[-46.685049,-23.717006],[-46.684983,-23.716978],[-46.684921,-23.716946],[-46.684887,-23.716925],[-46.684839,-23.716899],[-46.6848,-23.716882],[-46.684781,-23.716873],[-46.684747,-23.71686],[-46.684644,-23.716819],[-46.68459,-23.716796],[-46.684546,-23.716778],[-46.684522,-23.716765],[-46.684507,-23.716752],[-46.684471,-23.716712],[-46.684451,-23.71669],[-46.684431,-23.716656],[-46.684415,-23.71663],[-46.68441,-23.716617],[-46.6844,-23.716591],[-46.684389,-23.716569],[-46.684384,-23.716548],[-46.684384,-23.716535],[-46.684383,-23.716514],[-46.684383,-23.716488],[-46.684382,-23.716466],[-46.684382,-23.716453],[-46.684376,-23.716422],[-46.684373,-23.716394],[-46.684375,-23.716382],[-46.684387,-23.716378],[-46.684882,-23.716282],[-46.685088,-23.716238],[-46.685154,-23.716216],[-46.685192,-23.716193],[-46.685234,-23.716158],[-46.685287,-23.716087],[-46.685339,-23.71594],[-46.685356,-23.715867],[-46.685366,-23.715811],[-46.685387,-23.715742],[-46.685393,-23.715699],[-46.685399,-23.715646],[-46.685399,-23.715627],[-46.6854,-23.715599],[-46.6854,-23.715584],[-46.685401,-23.715555],[-46.685401,-23.715526],[-46.685401,-23.715454],[-46.685393,-23.715404],[-46.685389,-23.715378],[-46.685365,-23.715295],[-46.685352,-23.715263],[-46.685337,-23.71523],[-46.685318,-23.715208],[-46.6853,-23.715188],[-46.685277,-23.715166],[-46.685225,-23.715133],[-46.685117,-23.715077],[-46.684937,-23.714992],[-46.68487,-23.71497],[-46.684806,-23.714941],[-46.684739,-23.714912],[-46.684712,-23.714901],[-46.684669,-23.714885],[-46.6845,-23.71479],[-46.684428,-23.714737],[-46.6844,-23.714714],[-46.684344,-23.714668],[-46.684269,-23.71459],[-46.684246,-23.714566],[-46.684186,-23.714495],[-46.684151,-23.714439],[-46.684138,-23.714416],[-46.684138,-23.714369],[-46.684156,-23.714332],[-46.684196,-23.714257],[-46.684226,-23.714213],[-46.684247,-23.714182],[-46.684268,-23.71415],[-46.6843,-23.71411],[-46.684315,-23.714092],[-46.684336,-23.714071],[-46.684368,-23.714044],[-46.684379,-23.714037],[-46.684429,-23.714008],[-46.684462,-23.713985],[-46.684478,-23.71397],[-46.684505,-23.713946],[-46.684527,-23.713929],[-46.684599,-23.713877],[-46.684655,-23.713834],[-46.684707,-23.713803],[-46.684735,-23.713785],[-46.684791,-23.713763],[-46.684872,-23.713735],[-46.684929,-23.713725],[-46.685014,-23.713714],[-46.685135,-23.713702],[-46.685181,-23.71369],[-46.685205,-23.71368],[-46.685234,-23.713664],[-46.685246,-23.713641],[-46.685257,-23.713606],[-46.685258,-23.713594],[-46.685264,-23.713558],[-46.685264,-23.713519],[-46.68527,-23.713492],[-46.685271,-23.713477],[-46.685277,-23.713432],[-46.685278,-23.713396],[-46.685278,-23.713363],[-46.685278,-23.713332],[-46.685279,-23.713304],[-46.685279,-23.713281],[-46.685285,-23.713225],[-46.685292,-23.713196],[-46.685298,-23.713174],[-46.685305,-23.713133],[-46.685317,-23.713088],[-46.68533,-23.713051],[-46.685349,-23.713012],[-46.685361,-23.71298],[-46.68538,-23.71294],[-46.685399,-23.712905],[-46.685423,-23.712876],[-46.685454,-23.712856],[-46.685491,-23.712838],[-46.685508,-23.71286],[-46.685514,-23.71288],[-46.685537,-23.712911],[-46.68556,-23.712936],[-46.685584,-23.712955],[-46.685601,-23.712964],[-46.685631,-23.712977],[-46.685654,-23.712996],[-46.685676,-23.713015],[-46.685699,-23.71304],[-46.685728,-23.713064],[-46.685745,-23.713087],[-46.685773,-23.713117],[-46.685802,-23.713132],[-46.68583,-23.713154],[-46.685859,-23.713168],[-46.68587,-23.71319],[-46.68585,-23.713226],[-46.685837,-23.713253],[-46.6858,-23.713294],[-46.68577,-23.713317],[-46.685752,-23.713344],[-46.685733,-23.713388],[-46.68572,-23.713418],[-46.685713,-23.713443],[-46.685724,-23.713471],[-46.68574,-23.713492],[-46.685791,-23.713517],[-46.685836,-23.713541],[-46.68587,-23.713562],[-46.685892,-23.713583],[-46.685913,-23.713603],[-46.685963,-23.713645],[-46.686018,-23.713681],[-46.686062,-23.713704],[-46.686089,-23.713719],[-46.686111,-23.713733],[-46.686127,-23.713741],[-46.686142,-23.713769],[-46.686112,-23.713793],[-46.6861,-23.713812],[-46.686076,-23.713831],[-46.686034,-23.713873],[-46.686022,-23.713885],[-46.685974,-23.713939],[-46.68595,-23.71397],[-46.685932,-23.713995],[-46.685913,-23.714021],[-46.685895,-23.714046],[-46.685847,-23.714119],[-46.685835,-23.714137],[-46.685782,-23.714208],[-46.685717,-23.714286],[-46.685706,-23.714304],[-46.685688,-23.714332],[-46.685671,-23.71436],[-46.685642,-23.714399],[-46.685614,-23.714432],[-46.685591,-23.714466],[-46.685573,-23.714507],[-46.685578,-23.714536],[-46.685599,-23.714537],[-46.685681,-23.714546],[-46.685697,-23.714547],[-46.685735,-23.714548],[-46.685767,-23.714549],[-46.685799,-23.714551],[-46.685816,-23.714552],[-46.685826,-23.714552],[-46.68588,-23.714555],[-46.685912,-23.714573],[-46.685959,-23.714591],[-46.685981,-23.714597],[-46.686001,-23.714615],[-46.685999,-23.714644],[-46.685997,-23.714674],[-46.685984,-23.714699],[-46.685966,-23.714724],[-46.685949,-23.714747],[-46.685948,-23.714768],[-46.685947,-23.714789],[-46.685941,-23.714821],[-46.68594,-23.714842],[-46.685939,-23.714862],[-46.685938,-23.714883],[-46.685937,-23.714915],[-46.685935,-23.714941],[-46.685924,-23.714959],[-46.685934,-23.71497],[-46.68596,-23.714974],[-46.685992,-23.714984],[-46.686018,-23.714983],[-46.686055,-23.714988],[-46.686096,-23.714997],[-46.686147,-23.715008],[-46.686207,-23.715024],[-46.686232,-23.715036],[-46.686258,-23.715051],[-46.686299,-23.715076],[-46.686376,-23.71511],[-46.686417,-23.715134],[-46.686441,-23.715164],[-46.686459,-23.715192],[-46.686468,-23.715209],[-46.686494,-23.715253],[-46.686506,-23.715271],[-46.686516,-23.715297],[-46.686522,-23.715338],[-46.686525,-23.715359],[-46.686529,-23.715375],[-46.686531,-23.715401],[-46.686535,-23.715422],[-46.686546,-23.715468],[-46.686547,-23.715508],[-46.686549,-23.715557],[-46.686548,-23.715576],[-46.686546,-23.715596],[-46.686544,-23.71562],[-46.686537,-23.715645],[-46.686521,-23.715708],[-46.68652,-23.715723],[-46.686518,-23.715752],[-46.686517,-23.715766],[-46.686514,-23.7158],[-46.686493,-23.715805],[-46.686438,-23.715813],[-46.686363,-23.715821],[-46.686313,-23.715819],[-46.686294,-23.715818],[-46.686242,-23.715807],[-46.686198,-23.715791],[-46.686175,-23.715779],[-46.68616,-23.715778],[-46.68615,-23.715782],[-46.686144,-23.715796],[-46.686127,-23.715833],[-46.686019,-23.716073],[-46.685981,-23.716152],[-46.685929,-23.716277],[-46.685898,-23.716346],[-46.685892,-23.716365],[-46.685886,-23.716383],[-46.685873,-23.716447],[-46.685866,-23.716483],[-46.68586,-23.716518],[-46.685853,-23.716562],[-46.685853,-23.716575],[-46.685852,-23.716597],[-46.68585,-23.716636],[-46.685849,-23.716666],[-46.685851,-23.71674],[-46.68585,-23.71677],[-46.685849,-23.716787],[-46.685849,-23.716796],[-46.685848,-23.716822],[-46.685846,-23.71686],[-46.685846,-23.716877],[-46.685844,-23.716903],[-46.685847,-23.71695],[-46.68585,-23.716992],[-46.685843,-23.717042],[-46.685838,-23.717059],[-46.685828,-23.717063],[-46.685795,-23.717066],[-46.685739,-23.71707],[-46.685682,-23.717073],[-46.685625,-23.717077],[-46.685587,-23.717076],[-46.685545,-23.717076],[-46.685526,-23.717075],[-46.685478,-23.717075],[-46.685445,-23.71707],[-46.685412,-23.717062],[-46.685351,-23.717036],[-46.685317,-23.71702],[-46.685303,-23.717032],[-46.685283,-23.717045],[-46.685264,-23.717058],[-46.685245,-23.717071],[-46.685235,-23.717087]]]]}},{"type":"Feature","properties":{"id":"habi_obraurbanizacao2geosampa_ext.7","gid":7,"ID_Habitasampa":"9acb067e-0f10-438f-8765-5d5246d1a24a","Nome":"PARQUE FLORESTAL II/SITIO HORORIO PRADO","Agrupamento":"A DEFINIR MANACIAIS","Estagio":"10 - PROJETO PARALISADO","ID_unico":"1160.100.100-u","Escopo":"PROJETO","Responsavel":"SEHAB/CFT-PROJ","Programa_metas":"","Estimativa_familias":154.0,"Previsao_entrega_obra":"Sem previsão","Estagio_mapeamento":"Projeto contratado","Area_m2":49372.65,"Distrito":"PARELHEIROS","Subprefeitura":"PARELHEIROS","DTS":"MANANCIAIS"},"geometry":{"type":"MultiPolygon","coordinates":[[[[-46.748216,-23.81198],[-46.747582,-23.811339],[-46.746738,-23.812146],[-46.74674,-23.812458],[-46.746708,-23.812718],[-46.746662,-23.812896],[-46.746672,-23.81327],[-46.746738,-23.813775],[-46.746869,-23.81403],[-46.747252,-23.814535],[-46.74778,-23.815171],[-46.747937,-23.814987],[-46.748039,-23.814656],[-46.748031,-23.81435],[-46.748063,-23.814024],[-46.748162,-23.813518],[-46.748326,-23.813117],[-46.748431,-23.81263],[-46.748385,-23.812319],[-46.748216,-23.81198]]]]}},{"type":"Feature","properties":{"id":"habi_obraurbanizacao2geosampa_ext.8","gid":8,"ID_Habitasampa":"1776f561-9617-499a-a3ec-8857dac6fc74","Nome":"ESPERANÇA - SUBPERÍMETRO 2","Agrupamento":"URBANIZAÇÃO COMPLEXA","Estagio":"03 - OBRA EM ANDAMENTO","ID_unico":"1020.101.101-u","Escopo":"OBRA","Responsavel":"SEHAB/CFT-OBRA","Programa_metas":"2025-2028","Estimativa_familias":130.0,"Previsao_entrega_obra":"dez-26","Estagio_mapeamento":"Obra contratada","Area_m2":7962.98,"Distrito":"PERUS","Subprefeitura":"PERUS","DTS":"NORTE"},"geometry":{"type":"MultiPolygon","coordinates":[[[[-46.76343,-23.411536],[-46.76352,-23.411768],[-46.76385,-23.411688],[-46.764032,-23.411799],[-46.764172,-23.41179],[-46.764161,-23.411747],[-46.764204,-23.411747],[-46.764204,-23.411713],[-46.764432,-23.411764],[-46.764529,-23.41177],[-46.764932,-23.411732],[-46.764941,-23.411612],[-46.765036,-23.411337],[-46.764975,-23.411261],[-46.764863,-23.411112],[-46.764758,-23.411049],[-46.764545,-23.410985],[-46.764418,-23.4114],[-46.764106,-23.411364],[-46.763952,-23.411341],[-46.763795,-23.411352],[-46.763613,-23.411424],[-46.76343,-23.411536]]]]}},{"type":"Feature","properties":{"id":"habi_obraurbanizacao2geosampa_ext.19","gid":19,"ID_Habitasampa":"a63a9d8d-4212-4c39-b5a5-125a678fcf22","Nome":"PARQUE TAIPAS/ FLORES","Agrupamento":"URB SIMPLES S/ REMOÇÃO","Estagio":"01 - OBRA CONCLUÍDA","ID_unico":"1155.100.100-u","Escopo":"OBRA","Responsavel":"SEHAB/CFT-OBRA","Programa_metas":"2021-2024","Estimativa_familias":255.0,"Previsao_entrega_obra":"Sem previsão","Estagio_mapeamento":"Obra contratada","Area_m2":44482.3,"Distrito":"PERUS","Subprefeitura":"PERUS","DTS":"NORTE"},"geometry":{"type":"MultiPolygon","coordinates":[[[[-46.719144,-23.418165],[-46.718812,-23.417734],[-46.717887,-23.416928],[-46.716945,-23.417553],[-46.716753,-23.418105],[-46.716681,-23.41832],[-46.716817,-23.41883],[-46.716809,-23.419247],[-46.716833,-23.419566],[-46.717058,-23.41978],[-46.717395,-23.419573],[-46.717742,-23.419314],[-46.718451,-23.418703],[-46.719144,-23.418165]]]]}},{"type":"Feature","properties":{"id":"habi_obraurbanizacao2geosampa_ext.39","gid":39,"ID_Habitasampa":"201191a2-cb0c-4f05-baa4-e992e874f5af","Nome":"PARAISÓPOLIS / COLOMBO - 1ª ETAPA - SUBPERÍMETRO 3","Agrupamento":"URBANIZAÇÃO COMPLEXA OUCFL","Estagio":"04 - OBRA CONTRATADA E NÃO INICIADA","ID_unico":"1027.103.102-u","Escopo":"OBRA","Responsavel":"SEHAB/CFT-OBRA","Programa_metas":"2025-2028","Estimativa_familias":419.0,"Previsao_entrega_obra":"jul/27","Estagio_mapeamento":"Obra contratada","Area_m2":11422.22,"Distrito":"VILA SONIA","Subprefeitura":"BUTANTA","DTS":"SUL"},"geometry":{"type":"MultiPolygon","coordinates":[[[[-46.728657,-23.609356],[-46.728623,-23.609514],[-46.728739,-23.609945],[-46.728778,-23.609939],[-46.72882,-23.61005],[-46.728834,-23.61005],[-46.728877,-23.610106],[-46.729059,-23.610235],[-46.728682,-23.610347],[-46.728743,-23.610625],[-46.72933,-23.610483],[-46.72953,-23.610348],[-46.729278,-23.609816],[-46.729097,-23.609594],[-46.729129,-23.609576],[-46.729039,-23.609398],[-46.728987,-23.609153],[-46.728947,-23.609028],[-46.728925,-23.608934],[-46.729048,-23.608916],[-46.729034,-23.608847],[-46.729002,-23.608813],[-46.728991,-23.608757],[-46.72894,-23.608641],[-46.728951,-23.608612],[-46.729021,-23.608592],[-46.729131,-23.608581],[-46.729132,-23.608399],[-46.728638,-23.608422],[-46.728599,-23.608493],[-46.728613,-23.608603],[-46.728616,-23.608658],[-46.728628,-23.60871],[-46.728646,-23.608786],[-46.728645,-23.608808],[-46.728651,-23.608828],[-46.728656,-23.608862],[-46.72866,-23.608903],[-46.728642,-23.608956],[-46.728642,-23.60898],[-46.72866,-23.609001],[-46.728671,-23.60904],[-46.728657,-23.609356],[-46.728657,-23.609356]]]]}},{"type":"Feature","properties":{"id":"habi_obraurbanizacao2geosampa_ext.12","gid":12,"ID_Habitasampa":"a8ca5f2a-a15c-431e-825d-a20bb1c2cf45","Nome":"PAI MORRO DO S4 - 1ª ETAPA - CAPELINHA/NUNO ROLLAND; JD. GERMÂNIA; JD. CAMPO DE FORA/SANTO ANTONIO (Trechos de A a F);","Agrupamento":"URBANIZAÇÃO COMPLEXA PAC-PV","Estagio":"07 - EDITAL DE OBRA EM ELABORAÇÃO","ID_unico":"1040.105.iii-u","Escopo":"PROJETO+OBRA","Responsavel":"SEHAB/CFT-OBRA","Programa_metas":"","Estimativa_familias":null,"Previsao_entrega_obra":"Sem previsão","Estagio_mapeamento":"Projeto finalizado","Area_m2":96939.04,"Distrito":"CAPAO REDONDO","Subprefeitura":"CAMPO LIMPO","DTS":"SUL"},"geometry":{"type":"MultiPolygon","coordinates":[[[[-46.754274,-23.651767],[-46.754175,-23.651801],[-46.753965,-23.651893],[-46.753844,-23.651709],[-46.753803,-23.651687],[-46.753675,-23.651736],[-46.753797,-23.65185],[-46.753921,-23.652104],[-46.753967,-23.65217],[-46.754127,-23.652385],[-46.754285,-23.652782],[-46.754381,-23.652944],[-46.754536,-23.65315],[-46.75468,-23.653434],[-46.754807,-23.653596],[-46.754894,-23.653898],[-46.754898,-23.654149],[-46.754866,-23.654183],[-46.754736,-23.65425],[-46.75458,-23.654291],[-46.754418,-23.654343],[-46.754457,-23.654439],[-46.754725,-23.654881],[-46.755197,-23.654656],[-46.755335,-23.654988],[-46.75541,-23.655265],[-46.755079,-23.655463],[-46.75522,-23.655698],[-46.755253,-23.655713],[-46.755495,-23.656066],[-46.755604,-23.656289],[-46.755711,-23.656564],[-46.755712,-23.656617],[-46.755703,-23.656655],[-46.755594,-23.657],[-46.755698,-23.657064],[-46.756269,-23.656641],[-46.756573,-23.657046],[-46.755821,-23.657509],[-46.756335,-23.658261],[-46.756523,-23.658562],[-46.756714,-23.658805],[-46.756873,-23.659046],[-46.757354,-23.658788],[-46.757765,-23.65943],[-46.757288,-23.6597],[-46.757402,-23.659935],[-46.75742,-23.660197],[-46.757354,-23.660394],[-46.75723,-23.660563],[-46.757138,-23.660601],[-46.757098,-23.660723],[-46.757084,-23.660827],[-46.757111,-23.660919],[-46.757205,-23.66101],[-46.757456,-23.66117],[-46.757782,-23.660831],[-46.758121,-23.660497],[-46.758386,-23.660324],[-46.758809,-23.659931],[-46.758586,-23.659599],[-46.758133,-23.658747],[-46.757903,-23.658327],[-46.757633,-23.658511],[-46.757094,-23.657852],[-46.757263,-23.657751],[-46.757458,-23.657631],[-46.757373,-23.657444],[-46.757094,-23.656945],[-46.756903,-23.656535],[-46.756684,-23.656253],[-46.756458,-23.656008],[-46.75629,-23.655763],[-46.756286,-23.655728],[-46.756084,-23.655268],[-46.755823,-23.654692],[-46.755724,-23.654723],[-46.755655,-23.654571],[-46.755691,-23.654495],[-46.755735,-23.654477],[-46.755717,-23.65442],[-46.755681,-23.654368],[-46.755603,-23.654204],[-46.755546,-23.654071],[-46.755563,-23.654038],[-46.75553,-23.65396],[-46.75546,-23.653986],[-46.755425,-23.6539],[-46.755381,-23.653827],[-46.755364,-23.653738],[-46.755332,-23.65366],[-46.755319,-23.653654],[-46.755283,-23.653613],[-46.755182,-23.653569],[-46.755078,-23.653357],[-46.754977,-23.653096],[-46.754725,-23.652352],[-46.754631,-23.651941],[-46.754557,-23.651712],[-46.754465,-23.651732],[-46.75437,-23.651742],[-46.754274,-23.651767]]]]}},{"type":"Feature","properties":{"id":"habi_obraurbanizacao2geosampa_ext.13","gid":13,"ID_Habitasampa":"18520787-db66-4540-a1e4-355cc26fe876","Nome":"ALFREDO AVILA - SUBPERÍMETRO 1","Agrupamento":"URBANIZAÇÃO COMPLEXA PAC-ENCOSTAS","Estagio":"03 - OBRA EM ANDAMENTO","ID_unico":"1153.100.100-u","Escopo":"OBRA","Responsavel":"SEHAB/CFT-OBRA","Programa_metas":"2025-2028","Estimativa_familias":97.0,"Previsao_entrega_obra":null,"Estagio_mapeamento":"Obra contratada","Area_m2":9844.16,"Distrito":"JACANA","Subprefeitura":"JACANA-TREMEMBE","DTS":"NORTE"},"geometry":{"type":"MultiPolygon","coordinates":[[[[-46.575327,-23.457731],[-46.57522,-23.457707],[-46.57487,-23.457759],[-46.574787,-23.457721],[-46.574502,-23.457822],[-46.574544,-23.457914],[-46.57444,-23.457945],[-46.574314,-23.457963],[-46.574168,-23.457983],[-46.57408,-23.458081],[-46.574201,-23.458412],[-46.574242,-23.458397],[-46.574419,-23.458417],[-46.574555,-23.458458],[-46.574772,-23.458603],[-46.575145,-23.458734],[-46.575213,-23.458746],[-46.575278,-23.458519],[-46.575299,-23.458522],[-46.575387,-23.458268],[-46.57535,-23.458247],[-46.575394,-23.458095],[-46.575207,-23.458037],[-46.575327,-23.457731]]]]}},{"type":"Feature","properties":{"id":"habi_obraurbanizacao2geosampa_ext.14","gid":14,"ID_Habitasampa":"0bf7d7b1-207d-4633-9bbb-79feaa74d9a7","Nome":"LOTE 5 - PARQUE PRIMAVERA - EST DO ALVARENGA - SUBPERÍMETRO 1","Agrupamento":"URBANIZAÇÃO COMPLEXA MANANCIAIS","Estagio":"03 - OBRA EM ANDAMENTO","ID_unico":"1187.100.100-u","Escopo":"PROJETO+OBRA","Responsavel":"SEHAB/SEPM","Programa_metas":"2025-2028","Estimativa_familias":791.0,"Previsao_entrega_obra":null,"Estagio_mapeamento":"Obra contratada","Area_m2":89434.07,"Distrito":"PEDREIRA","Subprefeitura":"CIDADE ADEMAR","DTS":"MANANCIAIS"},"geometry":{"type":"MultiPolygon","coordinates":[[[[-46.649942,-23.694166],[-46.649964,-23.694183],[-46.64999,-23.694229],[-46.650005,-23.694247],[-46.650021,-23.694273],[-46.650044,-23.694316],[-46.650067,-23.694335],[-46.65008,-23.694358],[-46.650097,-23.694396],[-46.650127,-23.694439],[-46.650153,-23.694471],[-46.650161,-23.694466],[-46.65019,-23.694505],[-46.650195,-23.694525],[-46.650266,-23.694637],[-46.650304,-23.694704],[-46.650324,-23.694751],[-46.650338,-23.694796],[-46.650363,-23.69486],[-46.650381,-23.694917],[-46.650409,-23.694997],[-46.650427,-23.695057],[-46.650436,-23.695089],[-46.650448,-23.695143],[-46.650457,-23.695178],[-46.650466,-23.695209],[-46.650473,-23.695225],[-46.650484,-23.695258],[-46.650492,-23.695285],[-46.650505,-23.695322],[-46.650516,-23.695358],[-46.65052,-23.695389],[-46.650528,-23.695428],[-46.650522,-23.695432],[-46.650535,-23.695475],[-46.650546,-23.695522],[-46.65056,-23.695565],[-46.650571,-23.695612],[-46.650583,-23.695655],[-46.650595,-23.695701],[-46.650605,-23.695753],[-46.650698,-23.695858],[-46.650786,-23.695815],[-46.650877,-23.695775],[-46.650978,-23.695737],[-46.651088,-23.695708],[-46.651226,-23.695678],[-46.651305,-23.695666],[-46.651293,-23.695535],[-46.651355,-23.695407],[-46.651419,-23.695282],[-46.65156,-23.695256],[-46.651719,-23.69523],[-46.65188,-23.695205],[-46.651908,-23.69534],[-46.651926,-23.69543],[-46.652056,-23.695403],[-46.652144,-23.69538],[-46.652228,-23.69535],[-46.652275,-23.69527],[-46.6523,-23.695224],[-46.652349,-23.69506],[-46.652371,-23.69495],[-46.652388,-23.694864],[-46.652404,-23.694779],[-46.652426,-23.694584],[-46.652266,-23.694512],[-46.652098,-23.694436],[-46.652095,-23.69442],[-46.65215,-23.694373],[-46.652223,-23.694314],[-46.652275,-23.694261],[-46.652324,-23.694211],[-46.652403,-23.694133],[-46.652511,-23.694025],[-46.6526,-23.693953],[-46.652594,-23.693946],[-46.652586,-23.693938],[-46.65263,-23.693912],[-46.652654,-23.693885],[-46.652689,-23.693863],[-46.65272,-23.693845],[-46.652756,-23.69383],[-46.652794,-23.693817],[-46.652823,-23.693794],[-46.652859,-23.693778],[-46.652923,-23.693754],[-46.652951,-23.693734],[-46.652964,-23.693728],[-46.653022,-23.693688],[-46.653064,-23.693652],[-46.653094,-23.693629],[-46.653062,-23.693594],[-46.653047,-23.693578],[-46.653009,-23.693534],[-46.652962,-23.693482],[-46.652949,-23.69347],[-46.652945,-23.693467],[-46.65294,-23.693463],[-46.652935,-23.69346],[-46.65293,-23.693457],[-46.652925,-23.693455],[-46.652919,-23.693452],[-46.652914,-23.69345],[-46.652908,-23.693449],[-46.652906,-23.693449],[-46.652905,-23.693448],[-46.652903,-23.693448],[-46.652902,-23.693448],[-46.6529,-23.693448],[-46.652898,-23.693449],[-46.652897,-23.693449],[-46.652895,-23.693449],[-46.652894,-23.69345],[-46.652808,-23.693492],[-46.652756,-23.693516],[-46.652683,-23.693547],[-46.652573,-23.693585],[-46.652482,-23.693621],[-46.652434,-23.693637],[-46.652379,-23.693653],[-46.652253,-23.693684],[-46.652148,-23.693706],[-46.652075,-23.693722],[-46.651989,-23.693736],[-46.651922,-23.693745],[-46.65185,-23.693749],[-46.651827,-23.693749],[-46.651803,-23.693748],[-46.65178,-23.693746],[-46.651772,-23.693744],[-46.651763,-23.693742],[-46.651755,-23.69374],[-46.651747,-23.693737],[-46.651739,-23.693733],[-46.651731,-23.693729],[-46.651729,-23.693728],[-46.651726,-23.693727],[-46.651723,-23.693726],[-46.651721,-23.693725],[-46.651718,-23.693724],[-46.65171,-23.693723],[-46.651702,-23.69372],[-46.651695,-23.693718],[-46.651687,-23.693714],[-46.65168,-23.693711],[-46.651673,-23.693707],[-46.651631,-23.693685],[-46.651578,-23.69365],[-46.651538,-23.693618],[-46.65148,-23.693554],[-46.651436,-23.69349],[-46.651428,-23.693477],[-46.651375,-23.693401],[-46.65123,-23.693053],[-46.651213,-23.693003],[-46.651159,-23.692841],[-46.651126,-23.692742],[-46.650964,-23.69281],[-46.65094,-23.692764],[-46.650924,-23.692719],[-46.650917,-23.692672],[-46.650911,-23.692626],[-46.650924,-23.692621],[-46.650906,-23.692578],[-46.650889,-23.692534],[-46.650869,-23.692541],[-46.650852,-23.692501],[-46.650832,-23.692454],[-46.650816,-23.692415],[-46.650811,-23.692403],[-46.650794,-23.692408],[-46.65079,-23.692401],[-46.650778,-23.692378],[-46.650799,-23.692367],[-46.650766,-23.69231],[-46.65074,-23.692323],[-46.650718,-23.692305],[-46.650705,-23.692302],[-46.650696,-23.692319],[-46.650676,-23.69231],[-46.650617,-23.692302],[-46.650604,-23.692301],[-46.650565,-23.692301],[-46.650517,-23.692299],[-46.650491,-23.692299],[-46.650489,-23.692325],[-46.650409,-23.692332],[-46.650409,-23.692313],[-46.650329,-23.692309],[-46.650328,-23.692321],[-46.650277,-23.692316],[-46.650278,-23.692281],[-46.650268,-23.692281],[-46.650214,-23.692281],[-46.650157,-23.692282],[-46.650158,-23.692348],[-46.650109,-23.692346],[-46.650059,-23.692344],[-46.650063,-23.692303],[-46.650026,-23.692302],[-46.650026,-23.692264],[-46.64999,-23.692262],[-46.64995,-23.692258],[-46.649933,-23.692258],[-46.649927,-23.692258],[-46.649906,-23.692257],[-46.649903,-23.692302],[-46.649863,-23.6923],[-46.64986,-23.69226],[-46.649821,-23.69226],[-46.649782,-23.69226],[-46.649783,-23.692275],[-46.649741,-23.692269],[-46.649729,-23.692293],[-46.649715,-23.692293],[-46.649712,-23.692318],[-46.649575,-23.692312],[-46.649572,-23.692347],[-46.649569,-23.692382],[-46.649525,-23.692381],[-46.649501,-23.692381],[-46.649386,-23.692379],[-46.649363,-23.692379],[-46.649215,-23.692377],[-46.649102,-23.692339],[-46.649049,-23.69233],[-46.649037,-23.692357],[-46.649022,-23.692399],[-46.649014,-23.692396],[-46.649004,-23.692421],[-46.648983,-23.692475],[-46.648919,-23.692456],[-46.648844,-23.692434],[-46.648793,-23.692418],[-46.648285,-23.693423],[-46.648311,-23.693487],[-46.648624,-23.693628],[-46.64904,-23.693812],[-46.649055,-23.693818],[-46.649104,-23.693841],[-46.649149,-23.693863],[-46.649188,-23.693886],[-46.649231,-23.693909],[-46.649274,-23.693932],[-46.649316,-23.693955],[-46.649356,-23.693974],[-46.649401,-23.693995],[-46.649431,-23.694014],[-46.649466,-23.694033],[-46.649502,-23.694049],[-46.64951,-23.694046],[-46.649566,-23.694069],[-46.649673,-23.6941],[-46.649704,-23.694107],[-46.64975,-23.694117],[-46.649797,-23.694126],[-46.649846,-23.694142],[-46.649942,-23.694166]]]]}},{"type":"Feature","properties":{"id":"habi_obraurbanizacao2geosampa_ext.23","gid":23,"ID_Habitasampa":"56135f4f-c026-499e-973a-68fc517bdc41","Nome":"PARAISÓPOLIS / COLOMBO - 1ª ETAPA - SUBPERÍMETRO 1","Agrupamento":"URBANIZAÇÃO COMPLEXA OUCFL","Estagio":"03 - OBRA EM ANDAMENTO","ID_unico":"1027.103.100-u","Escopo":"OBRA","Responsavel":"SEHAB/CFT-OBRA","Programa_metas":"2025-2028","Estimativa_familias":91.0,"Previsao_entrega_obra":"jul/27","Estagio_mapeamento":"Obra contratada","Area_m2":5812.19,"Distrito":"VILA SONIA","Subprefeitura":"BUTANTA","DTS":"SUL"},"geometry":{"type":"MultiPolygon","coordinates":[[[[-46.729147,-23.607331],[-46.729164,-23.607261],[-46.729178,-23.607094],[-46.72929,-23.607151],[-46.729367,-23.607064],[-46.729343,-23.60683],[-46.729596,-23.606282],[-46.729444,-23.606205],[-46.729383,-23.60618],[-46.729342,-23.606215],[-46.729311,-23.606269],[-46.729297,-23.606327],[-46.729223,-23.606343],[-46.729132,-23.606346],[-46.729039,-23.606348],[-46.729003,-23.606478],[-46.729038,-23.606871],[-46.72902,-23.606874],[-46.728983,-23.606916],[-46.72895,-23.606928],[-46.728909,-23.606938],[-46.728838,-23.606937],[-46.728832,-23.606972],[-46.728879,-23.606982],[-46.728892,-23.606981],[-46.728895,-23.607013],[-46.728854,-23.607119],[-46.72877,-23.607116],[-46.728755,-23.607116],[-46.728714,-23.607446],[-46.729076,-23.607447],[-46.729178,-23.607447],[-46.72918,-23.607435],[-46.729178,-23.607333],[-46.729147,-23.607331]]]]}},{"type":"Feature","properties":{"id":"habi_obraurbanizacao2geosampa_ext.15","gid":15,"ID_Habitasampa":"7e3691ae-6ccb-4678-b618-446bf35cab67","Nome":"LOTE 3 - PURUBA - JUNDIACANGA","Agrupamento":"URBANIZAÇÃO COMPLEXA MANANCIAIS","Estagio":"03 - OBRA EM ANDAMENTO","ID_unico":"1109.102.100-u","Escopo":"PROJETO+OBRA","Responsavel":"SEHAB/SEPM","Programa_metas":"2025-2028","Estimativa_familias":582.0,"Previsao_entrega_obra":"jun-26","Estagio_mapeamento":"Obra contratada","Area_m2":21268.63,"Distrito":"JARDIM ANGELA","Subprefeitura":"M BOI MIRIM","DTS":"MANANCIAIS"},"geometry":{"type":"MultiPolygon","coordinates":[[[[-46.767363,-23.729512],[-46.767441,-23.729389],[-46.767455,-23.729345],[-46.767513,-23.729207],[-46.76757,-23.729127],[-46.767618,-23.729074],[-46.767663,-23.729037],[-46.767728,-23.728995],[-46.767789,-23.728929],[-46.767844,-23.728839],[-46.767903,-23.728677],[-46.767904,-23.728611],[-46.767641,-23.727604],[-46.767552,-23.727625],[-46.767803,-23.728636],[-46.767785,-23.728737],[-46.767746,-23.728825],[-46.767685,-23.728915],[-46.76762,-23.728969],[-46.767565,-23.729008],[-46.767505,-23.729067],[-46.767428,-23.729172],[-46.767381,-23.729293],[-46.767284,-23.729473],[-46.767159,-23.729601],[-46.766843,-23.729558],[-46.766531,-23.729491],[-46.766369,-23.729427],[-46.76602,-23.729278],[-46.765779,-23.729111],[-46.76551,-23.728866],[-46.76537,-23.728699],[-46.764963,-23.728047],[-46.764804,-23.727772],[-46.764688,-23.727495],[-46.764669,-23.727296],[-46.764677,-23.727154],[-46.765015,-23.725466],[-46.765246,-23.724301],[-46.765386,-23.723695],[-46.765462,-23.723289],[-46.765578,-23.722608],[-46.765634,-23.722275],[-46.765524,-23.722258],[-46.765469,-23.722599],[-46.765351,-23.72325],[-46.765165,-23.724157],[-46.764835,-23.725744],[-46.764758,-23.726124],[-46.764644,-23.72671],[-46.764558,-23.727155],[-46.76455,-23.727318],[-46.764561,-23.727517],[-46.764709,-23.727844],[-46.765276,-23.728769],[-46.765422,-23.728945],[-46.765718,-23.729221],[-46.76601,-23.729392],[-46.766154,-23.729464],[-46.766358,-23.729547],[-46.766634,-23.729628],[-46.766961,-23.729677],[-46.767214,-23.729716],[-46.767343,-23.729744],[-46.767692,-23.730031],[-46.768159,-23.730529],[-46.768414,-23.730818],[-46.76874,-23.731242],[-46.768866,-23.731422],[-46.768937,-23.731557],[-46.768991,-23.73178],[-46.768965,-23.731997],[-46.768782,-23.732488],[-46.768716,-23.732689],[-46.768733,-23.732848],[-46.768852,-23.733159],[-46.769277,-23.734222],[-46.769385,-23.734176],[-46.768864,-23.732843],[-46.76884,-23.732652],[-46.768917,-23.732455],[-46.769082,-23.732037],[-46.769128,-23.73178],[-46.769074,-23.731673],[-46.76905,-23.731515],[-46.768888,-23.731229],[-46.768463,-23.730698],[-46.767773,-23.729954],[-46.767389,-23.729643],[-46.767284,-23.729619],[-46.767363,-23.729512]]]]}},{"type":"Feature","properties":{"id":"habi_obraurbanizacao2geosampa_ext.16","gid":16,"ID_Habitasampa":"d4eacab7-ab13-40d6-a478-31c413b12ced","Nome":"LOTE 2 - JOÃO MANUEL VAZ","Agrupamento":"URBANIZAÇÃO COMPLEXA MANANCIAIS","Estagio":"01 - OBRA CONCLUÍDA","ID_unico":"1174.100.100-u","Escopo":"PROJETO+OBRA","Responsavel":"SEHAB/SEPM","Programa_metas":"2021-2024","Estimativa_familias":null,"Previsao_entrega_obra":"Não se aplica","Estagio_mapeamento":"Obra contratada","Area_m2":18794.11,"Distrito":"JARDIM ANGELA","Subprefeitura":"M BOI MIRIM","DTS":"MANANCIAIS"},"geometry":{"type":"MultiPolygon","coordinates":[[[[-46.753608,-23.684361],[-46.754581,-23.685441],[-46.754363,-23.685607],[-46.754244,-23.68554],[-46.754122,-23.685614],[-46.75442,-23.685945],[-46.754826,-23.68572],[-46.75543,-23.685205],[-46.755525,-23.685147],[-46.75604,-23.684796],[-46.756079,-23.684689],[-46.755866,-23.684413],[-46.754973,-23.685081],[-46.754875,-23.684973],[-46.754954,-23.684924],[-46.754882,-23.68482],[-46.754769,-23.684845],[-46.754585,-23.684553],[-46.754476,-23.6846],[-46.754457,-23.684575],[-46.754042,-23.684062],[-46.753813,-23.683787],[-46.753608,-23.684361]]]]}},{"type":"Feature","properties":{"id":"habi_obraurbanizacao2geosampa_ext.17","gid":17,"ID_Habitasampa":"716e07d1-15fb-4582-8988-90615dac9887","Nome":"JARDIM DA PAZ - SUBPERÍMETRO 3","Agrupamento":"URBANIZAÇÃO COMPLEXA","Estagio":"03 - OBRA EM ANDAMENTO","ID_unico":"1150.101.102-u","Escopo":"OBRA","Responsavel":"SEHAB/CFT-OBRA","Programa_metas":"2025-2028","Estimativa_familias":254.0,"Previsao_entrega_obra":null,"Estagio_mapeamento":"Obra contratada","Area_m2":17504.18,"Distrito":"PERUS","Subprefeitura":"PERUS","DTS":"NORTE"},"geometry":{"type":"MultiPolygon","coordinates":[[[[-46.749511,-23.421282],[-46.749438,-23.421286],[-46.749356,-23.421234],[-46.749334,-23.421176],[-46.749359,-23.421102],[-46.749357,-23.420936],[-46.749625,-23.420844],[-46.749646,-23.420917],[-46.750339,-23.420689],[-46.75071,-23.420585],[-46.750732,-23.42054],[-46.750889,-23.420511],[-46.750995,-23.42108],[-46.751072,-23.421415],[-46.751132,-23.421821],[-46.750666,-23.421943],[-46.750589,-23.421859],[-46.749975,-23.421602],[-46.749787,-23.421509],[-46.749611,-23.421421],[-46.74957,-23.421365],[-46.749511,-23.421282]]]]}},{"type":"Feature","properties":{"id":"habi_obraurbanizacao2geosampa_ext.18","gid":18,"ID_Habitasampa":"8daedf32-eceb-40e7-a615-7fc762c62568","Nome":"LOTE 3 - CHÁCARA FLÓRIDA - SUBPERÍMETRO 4","Agrupamento":"URBANIZAÇÃO COMPLEXA MANANCIAIS","Estagio":"11 - PROJETO EM ANDAMENTO","ID_unico":"1109.101.103-u","Escopo":"PROJETO+OBRA","Responsavel":"SEHAB/SEPM","Programa_metas":"2025-2028","Estimativa_familias":1113.0,"Previsao_entrega_obra":"jul-27","Estagio_mapeamento":"Projeto contratado","Area_m2":204500.01,"Distrito":"JARDIM ANGELA","Subprefeitura":"M BOI MIRIM","DTS":"MANANCIAIS"},"geometry":{"type":"MultiPolygon","coordinates":[[[[-46.772776,-23.722617],[-46.772518,-23.721893],[-46.772337,-23.721411],[-46.772224,-23.721514],[-46.772179,-23.721557],[-46.772072,-23.721658],[-46.771961,-23.72176],[-46.77191,-23.721648],[-46.771804,-23.721692],[-46.771812,-23.721709],[-46.771823,-23.721705],[-46.77186,-23.721787],[-46.771848,-23.721792],[-46.771887,-23.721861],[-46.771874,-23.721874],[-46.771598,-23.722156],[-46.771602,-23.722162],[-46.771503,-23.722243],[-46.77145,-23.722134],[-46.771348,-23.722175],[-46.771384,-23.722261],[-46.771424,-23.722343],[-46.771308,-23.722468],[-46.771245,-23.722534],[-46.771128,-23.722638],[-46.771049,-23.722702],[-46.771012,-23.722613],[-46.770918,-23.722642],[-46.770861,-23.722691],[-46.770803,-23.722767],[-46.770186,-23.722381],[-46.77004,-23.722582],[-46.769706,-23.722372],[-46.769699,-23.722368],[-46.769691,-23.722365],[-46.769683,-23.722362],[-46.769675,-23.72236],[-46.769667,-23.722358],[-46.769659,-23.722356],[-46.76965,-23.722356],[-46.769642,-23.722355],[-46.769633,-23.722356],[-46.769625,-23.722357],[-46.769617,-23.722358],[-46.769608,-23.72236],[-46.7696,-23.722362],[-46.769593,-23.722365],[-46.769585,-23.722369],[-46.769578,-23.722372],[-46.769571,-23.722377],[-46.769564,-23.722382],[-46.769558,-23.722387],[-46.769552,-23.722392],[-46.769546,-23.722398],[-46.769541,-23.722405],[-46.769537,-23.722411],[-46.769533,-23.722418],[-46.769529,-23.722425],[-46.769526,-23.722432],[-46.769524,-23.72244],[-46.769419,-23.722828],[-46.769389,-23.723051],[-46.769367,-23.723138],[-46.769441,-23.723153],[-46.769441,-23.723152],[-46.769442,-23.723151],[-46.769442,-23.72315],[-46.769443,-23.723149],[-46.769443,-23.723149],[-46.769444,-23.723148],[-46.769445,-23.723147],[-46.769445,-23.723146],[-46.769446,-23.723146],[-46.769447,-23.723145],[-46.769448,-23.723145],[-46.769449,-23.723144],[-46.76945,-23.723144],[-46.769451,-23.723143],[-46.769452,-23.723143],[-46.769453,-23.723143],[-46.769454,-23.723143],[-46.769455,-23.723142],[-46.769456,-23.723142],[-46.769458,-23.723143],[-46.769459,-23.723143],[-46.76946,-23.723143],[-46.769461,-23.723143],[-46.769462,-23.723143],[-46.770102,-23.723433],[-46.770178,-23.723487],[-46.770185,-23.723492],[-46.770192,-23.723496],[-46.7702,-23.7235],[-46.770207,-23.723503],[-46.770215,-23.723506],[-46.770224,-23.723508],[-46.770232,-23.72351],[-46.77024,-23.723511],[-46.770249,-23.723511],[-46.770258,-23.723512],[-46.770319,-23.723511],[-46.770324,-23.723511],[-46.770329,-23.723511],[-46.770335,-23.723512],[-46.77034,-23.723513],[-46.770344,-23.723514],[-46.770349,-23.723516],[-46.770354,-23.723518],[-46.770358,-23.72352],[-46.770363,-23.723522],[-46.77043,-23.723653],[-46.770437,-23.723667],[-46.770443,-23.723682],[-46.770447,-23.723698],[-46.770451,-23.723713],[-46.770453,-23.723729],[-46.770455,-23.723745],[-46.770455,-23.723761],[-46.770449,-23.724037],[-46.770446,-23.724104],[-46.770422,-23.72443],[-46.770416,-23.724504],[-46.77041,-23.724503],[-46.770404,-23.724503],[-46.770398,-23.724503],[-46.770392,-23.724504],[-46.770386,-23.724505],[-46.77038,-23.724506],[-46.770374,-23.724507],[-46.770369,-23.724509],[-46.770363,-23.724512],[-46.770358,-23.724514],[-46.770353,-23.724517],[-46.770348,-23.72452],[-46.770343,-23.724524],[-46.770339,-23.724528],[-46.770335,-23.724532],[-46.770331,-23.724536],[-46.770327,-23.724541],[-46.770324,-23.724545],[-46.770321,-23.72455],[-46.770319,-23.724555],[-46.770317,-23.724561],[-46.770315,-23.724566],[-46.770223,-23.724985],[-46.770257,-23.724998],[-46.770274,-23.725167],[-46.770293,-23.725197],[-46.770285,-23.725218],[-46.770283,-23.725244],[-46.770283,-23.725263],[-46.770306,-23.72528],[-46.770357,-23.725324],[-46.770473,-23.725414],[-46.770498,-23.725435],[-46.770668,-23.725588],[-46.770679,-23.725606],[-46.770686,-23.725637],[-46.77069,-23.725758],[-46.770705,-23.725938],[-46.770727,-23.726027],[-46.77074,-23.726249],[-46.770843,-23.726263],[-46.770832,-23.726326],[-46.77082,-23.726413],[-46.77081,-23.726481],[-46.770801,-23.726533],[-46.771061,-23.726547],[-46.771083,-23.726548],[-46.771105,-23.726547],[-46.771127,-23.726545],[-46.771148,-23.726542],[-46.77117,-23.726537],[-46.771191,-23.726531],[-46.771212,-23.726524],[-46.771232,-23.726516],[-46.771251,-23.726506],[-46.77127,-23.726496],[-46.771288,-23.726484],[-46.771644,-23.726234],[-46.771644,-23.726234],[-46.771645,-23.726233],[-46.771646,-23.726232],[-46.771648,-23.726231],[-46.771649,-23.72623],[-46.77165,-23.726228],[-46.771651,-23.726227],[-46.771652,-23.726225],[-46.771652,-23.726224],[-46.771653,-23.726222],[-46.771654,-23.72622],[-46.771654,-23.726219],[-46.771654,-23.726217],[-46.771654,-23.726215],[-46.771654,-23.726214],[-46.771654,-23.726212],[-46.771654,-23.72621],[-46.771654,-23.726209],[-46.771653,-23.726207],[-46.77175,-23.726178],[-46.771752,-23.726184],[-46.771755,-23.726189],[-46.77176,-23.726199],[-46.771768,-23.726211],[-46.771775,-23.726222],[-46.771962,-23.726494],[-46.771979,-23.726515],[-46.771995,-23.726537],[-46.772009,-23.72656],[-46.772149,-23.726795],[-46.772161,-23.726816],[-46.772172,-23.726838],[-46.772181,-23.726859],[-46.77219,-23.726882],[-46.772274,-23.727056],[-46.772292,-23.727101],[-46.772306,-23.727133],[-46.772327,-23.727187],[-46.772342,-23.727241],[-46.772348,-23.727314],[-46.772386,-23.727682],[-46.772443,-23.72781],[-46.772635,-23.728028],[-46.772774,-23.728117],[-46.772932,-23.72821],[-46.773003,-23.728243],[-46.773076,-23.728253],[-46.773172,-23.728255],[-46.773332,-23.728211],[-46.77355,-23.72811],[-46.773555,-23.728172],[-46.773646,-23.728489],[-46.773842,-23.729008],[-46.77394,-23.729122],[-46.774034,-23.729179],[-46.774034,-23.729179],[-46.774034,-23.729179],[-46.774071,-23.729114],[-46.774113,-23.729045],[-46.774139,-23.728999],[-46.774161,-23.728952],[-46.774209,-23.728843],[-46.774222,-23.728812],[-46.774279,-23.728668],[-46.774295,-23.728624],[-46.774308,-23.728579],[-46.774319,-23.728533],[-46.774327,-23.728487],[-46.774378,-23.728126],[-46.774379,-23.728117],[-46.774379,-23.728109],[-46.774379,-23.7281],[-46.774378,-23.728091],[-46.774377,-23.728083],[-46.774465,-23.728067],[-46.774552,-23.727999],[-46.774427,-23.727857],[-46.774293,-23.727398],[-46.774152,-23.726677],[-46.774119,-23.726542],[-46.773995,-23.726171],[-46.773915,-23.725854],[-46.773944,-23.72512],[-46.774043,-23.724766],[-46.774076,-23.724508],[-46.773996,-23.724427],[-46.773679,-23.724106],[-46.773497,-23.723792],[-46.773368,-23.723445],[-46.773355,-23.723411],[-46.77334,-23.723378],[-46.773275,-23.723245],[-46.773261,-23.723218],[-46.773244,-23.723191],[-46.773225,-23.723166],[-46.773205,-23.723142],[-46.773183,-23.723119],[-46.773159,-23.723097],[-46.773011,-23.722975],[-46.77292,-23.722897],[-46.772906,-23.722882],[-46.772894,-23.722866],[-46.772882,-23.722849],[-46.772872,-23.722831],[-46.772863,-23.722813],[-46.772776,-23.722617]]]]}},{"type":"Feature","properties":{"id":"habi_obraurbanizacao2geosampa_ext.20","gid":20,"ID_Habitasampa":"524053a2-3c42-4062-97a5-5c08a5540d97","Nome":"LOTE 6 - COCAIA I - PARQUE LINEAR COCAIA - SUBPERÍMETRO 1","Agrupamento":"URBANIZAÇÃO COMPLEXA MANANCIAIS","Estagio":"02 - OBRA PARALISADA","ID_unico":"1144.101.100-u","Escopo":"PROJETO+OBRA","Responsavel":"SEHAB/SEPM","Programa_metas":"","Estimativa_familias":1366.0,"Previsao_entrega_obra":"Sem previsão","Estagio_mapeamento":"Obra contratada","Area_m2":258240.77,"Distrito":"GRAJAU","Subprefeitura":"CAPELA DO SOCORRO","DTS":"MANANCIAIS"},"geometry":{"type":"MultiPolygon","coordinates":[[[[-46.672786,-23.752027],[-46.672752,-23.752061],[-46.672684,-23.752127],[-46.672646,-23.752158],[-46.672609,-23.752191],[-46.672573,-23.752226],[-46.672532,-23.752264],[-46.672548,-23.752413],[-46.672493,-23.752486],[-46.672566,-23.752546],[-46.67253,-23.752903],[-46.672552,-23.752911],[-46.672554,-23.752975],[-46.672546,-23.753004],[-46.672649,-23.753075],[-46.672682,-23.753112],[-46.672682,-23.753173],[-46.672778,-23.753237],[-46.672817,-23.753372],[-46.672886,-23.753464],[-46.672923,-23.753506],[-46.672938,-23.753562],[-46.672778,-23.753975],[-46.672775,-23.754031],[-46.672772,-23.754068],[-46.672764,-23.754134],[-46.672717,-23.754189],[-46.672675,-23.754212],[-46.672632,-23.75424],[-46.672588,-23.754278],[-46.672547,-23.754313],[-46.672482,-23.754371],[-46.672242,-23.754789],[-46.672257,-23.754805],[-46.672335,-23.754869],[-46.672339,-23.754896],[-46.672726,-23.754965],[-46.672814,-23.755021],[-46.673109,-23.755176],[-46.673165,-23.755282],[-46.673176,-23.755282],[-46.67323,-23.755296],[-46.673368,-23.755319],[-46.673384,-23.755274],[-46.673413,-23.755187],[-46.673443,-23.755129],[-46.673508,-23.754942],[-46.673552,-23.754811],[-46.673569,-23.754761],[-46.673512,-23.754657],[-46.673616,-23.754555],[-46.67494,-23.754874],[-46.674999,-23.754972],[-46.675091,-23.754996],[-46.675129,-23.755004],[-46.675247,-23.75503],[-46.675303,-23.755026],[-46.675343,-23.755047],[-46.675438,-23.755066],[-46.675503,-23.755079],[-46.675613,-23.755102],[-46.675904,-23.75551],[-46.675978,-23.755476],[-46.676099,-23.755413],[-46.676081,-23.755375],[-46.676061,-23.755332],[-46.676056,-23.75528],[-46.675984,-23.755257],[-46.67596,-23.755219],[-46.675935,-23.755191],[-46.675984,-23.755204],[-46.676022,-23.755212],[-46.676058,-23.755218],[-46.676105,-23.755227],[-46.676157,-23.75524],[-46.676225,-23.75525],[-46.676444,-23.755177],[-46.676417,-23.755075],[-46.676419,-23.755036],[-46.676333,-23.754945],[-46.676312,-23.754862],[-46.676264,-23.754764],[-46.676241,-23.754682],[-46.676226,-23.754629],[-46.67621,-23.754573],[-46.676196,-23.754524],[-46.676183,-23.75448],[-46.676171,-23.754438],[-46.676158,-23.754393],[-46.676146,-23.75435],[-46.676133,-23.754304],[-46.676121,-23.754263],[-46.676108,-23.754218],[-46.676096,-23.754175],[-46.676083,-23.75413],[-46.676071,-23.754087],[-46.676058,-23.754042],[-46.676046,-23.753998],[-46.676033,-23.753955],[-46.676017,-23.753899],[-46.676,-23.753838],[-46.676028,-23.753773],[-46.676037,-23.753706],[-46.676017,-23.753639],[-46.675814,-23.753188],[-46.675685,-23.752909],[-46.675571,-23.752731],[-46.675438,-23.752124],[-46.675463,-23.751953],[-46.675518,-23.751955],[-46.675569,-23.751954],[-46.675618,-23.751948],[-46.675708,-23.751949],[-46.675756,-23.75194],[-46.675809,-23.751946],[-46.67584,-23.751949],[-46.675961,-23.751952],[-46.676014,-23.751942],[-46.67606,-23.751934],[-46.676161,-23.751907],[-46.676233,-23.751858],[-46.676292,-23.751893],[-46.676395,-23.752015],[-46.67648,-23.752004],[-46.676533,-23.75199],[-46.676532,-23.75198],[-46.67668,-23.751978],[-46.676748,-23.751974],[-46.676817,-23.751968],[-46.67687,-23.751963],[-46.676943,-23.751966],[-46.676989,-23.751964],[-46.677042,-23.751961],[-46.677097,-23.751958],[-46.677146,-23.751957],[-46.677193,-23.751948],[-46.677254,-23.75193],[-46.677252,-23.751923],[-46.677298,-23.751919],[-46.677347,-23.751899],[-46.677588,-23.751726],[-46.677662,-23.751625],[-46.677568,-23.751624],[-46.677529,-23.751618],[-46.677471,-23.751618],[-46.677412,-23.751625],[-46.677359,-23.751627],[-46.677306,-23.751634],[-46.677245,-23.751646],[-46.677182,-23.751662],[-46.677101,-23.751661],[-46.677001,-23.751658],[-46.676946,-23.751651],[-46.67688,-23.751657],[-46.676812,-23.751672],[-46.676745,-23.751674],[-46.676666,-23.751676],[-46.676632,-23.751699],[-46.676576,-23.751722],[-46.676534,-23.751703],[-46.67648,-23.751622],[-46.676417,-23.751635],[-46.676377,-23.751645],[-46.676316,-23.751638],[-46.676275,-23.75166],[-46.676212,-23.751662],[-46.676186,-23.751664],[-46.676139,-23.751671],[-46.676081,-23.751687],[-46.676044,-23.751708],[-46.67601,-23.751718],[-46.675996,-23.751722],[-46.675933,-23.751724],[-46.675841,-23.751652],[-46.675711,-23.751656],[-46.675604,-23.751656],[-46.675554,-23.751692],[-46.675496,-23.751725],[-46.67544,-23.751737],[-46.675392,-23.751744],[-46.675291,-23.751749],[-46.675178,-23.75174],[-46.675112,-23.75175],[-46.675123,-23.751349],[-46.675162,-23.751284],[-46.67516,-23.751244],[-46.675142,-23.751217],[-46.675126,-23.751149],[-46.675161,-23.751083],[-46.675161,-23.751018],[-46.675142,-23.750975],[-46.675128,-23.75093],[-46.675122,-23.750889],[-46.675121,-23.750852],[-46.675112,-23.750808],[-46.675106,-23.750751],[-46.67509,-23.750711],[-46.675072,-23.750673],[-46.675041,-23.750637],[-46.675047,-23.750586],[-46.675048,-23.750539],[-46.675041,-23.750489],[-46.67501,-23.750452],[-46.675004,-23.750413],[-46.67501,-23.750368],[-46.675034,-23.750311],[-46.675033,-23.750273],[-46.674985,-23.750144],[-46.674981,-23.750098],[-46.674976,-23.750014],[-46.674969,-23.749975],[-46.674967,-23.74993],[-46.674952,-23.749842],[-46.674946,-23.749801],[-46.674931,-23.749725],[-46.674911,-23.749635],[-46.674905,-23.749596],[-46.674886,-23.749555],[-46.674884,-23.749466],[-46.674876,-23.74937],[-46.674859,-23.749287],[-46.674845,-23.749213],[-46.674912,-23.749082],[-46.674942,-23.749027],[-46.675,-23.748935],[-46.675025,-23.748876],[-46.675043,-23.748827],[-46.675083,-23.748768],[-46.675126,-23.748704],[-46.675221,-23.748564],[-46.67512,-23.748497],[-46.67495,-23.747927],[-46.674982,-23.747888],[-46.675002,-23.747853],[-46.67503,-23.74781],[-46.675021,-23.747767],[-46.675048,-23.747731],[-46.675067,-23.747696],[-46.675116,-23.747674],[-46.675135,-23.747632],[-46.675146,-23.747586],[-46.6752,-23.74755],[-46.67522,-23.747502],[-46.675241,-23.747472],[-46.675305,-23.747454],[-46.675334,-23.747423],[-46.675367,-23.74734],[-46.675433,-23.747265],[-46.675476,-23.747187],[-46.675497,-23.746951],[-46.676179,-23.746859],[-46.675487,-23.745729],[-46.675411,-23.745755],[-46.675383,-23.745822],[-46.675334,-23.745918],[-46.675334,-23.745925],[-46.675072,-23.746099],[-46.675029,-23.746194],[-46.674993,-23.746269],[-46.674995,-23.746325],[-46.674987,-23.746382],[-46.674904,-23.746461],[-46.674739,-23.746561],[-46.674516,-23.746925],[-46.674483,-23.747002],[-46.67448,-23.74708],[-46.674448,-23.747234],[-46.674376,-23.747328],[-46.674349,-23.747436],[-46.674254,-23.74747],[-46.674152,-23.747519],[-46.673991,-23.747639],[-46.673939,-23.747799],[-46.67398,-23.747889],[-46.673922,-23.747919],[-46.673782,-23.747964],[-46.673529,-23.74825],[-46.673413,-23.748305],[-46.673353,-23.748371],[-46.673049,-23.748971],[-46.672936,-23.749163],[-46.67278,-23.749299],[-46.67259,-23.749444],[-46.672391,-23.749579],[-46.672127,-23.749725],[-46.671922,-23.74956],[-46.671916,-23.749545],[-46.671786,-23.749556],[-46.671478,-23.749768],[-46.671406,-23.749775],[-46.671259,-23.749915],[-46.671152,-23.749949],[-46.671035,-23.749984],[-46.67093,-23.750098],[-46.67113,-23.75023],[-46.671133,-23.75025],[-46.671219,-23.750326],[-46.671159,-23.750391],[-46.671194,-23.750435],[-46.671225,-23.750475],[-46.67128,-23.750511],[-46.671333,-23.750576],[-46.67146,-23.750593],[-46.671491,-23.750594],[-46.671527,-23.750646],[-46.671532,-23.750666],[-46.671629,-23.750735],[-46.671727,-23.750774],[-46.67186,-23.750787],[-46.671974,-23.750759],[-46.672074,-23.750751],[-46.672193,-23.750806],[-46.672253,-23.750829],[-46.672338,-23.750853],[-46.672413,-23.750926],[-46.672466,-23.751022],[-46.672638,-23.751094],[-46.672683,-23.751124],[-46.672727,-23.751142],[-46.672761,-23.751174],[-46.672777,-23.751231],[-46.672825,-23.751296],[-46.672801,-23.751465],[-46.672885,-23.751527],[-46.672902,-23.751589],[-46.672912,-23.751655],[-46.672911,-23.751683],[-46.672916,-23.751715],[-46.67292,-23.751766],[-46.67291,-23.751815],[-46.672916,-23.751853],[-46.672902,-23.751887],[-46.672869,-23.751942],[-46.672843,-23.751963],[-46.67282,-23.751993],[-46.672822,-23.752002],[-46.672786,-23.752027]]]]}},{"type":"Feature","properties":{"id":"habi_obraurbanizacao2geosampa_ext.21","gid":21,"ID_Habitasampa":"efc49485-a185-466b-a1e6-4aeb66b2dc0b","Nome":"LOTE 8 - JARDIM SANTA TEREZINHA - SUBPERÍMETRO 4","Agrupamento":"URBANIZAÇÃO COMPLEXA MANANCIAIS","Estagio":"12 - PROJETO CONTRATADO E NÃO INICIADO","ID_unico":"1208.100.103-u","Escopo":"PROJETO+OBRA","Responsavel":"SEHAB/SEPM","Programa_metas":"","Estimativa_familias":28.0,"Previsao_entrega_obra":"Sem previsão","Estagio_mapeamento":"Projeto contratado","Area_m2":56153.11,"Distrito":"PARELHEIROS","Subprefeitura":"PARELHEIROS","DTS":"MANANCIAIS"},"geometry":{"type":"MultiPolygon","coordinates":[[[[-46.69431,-23.852353],[-46.694243,-23.852227],[-46.69429,-23.852064],[-46.694428,-23.851489],[-46.694569,-23.85062],[-46.694864,-23.850027],[-46.695387,-23.849076],[-46.69593,-23.849553],[-46.696082,-23.849377],[-46.69504,-23.848611],[-46.69521,-23.847907],[-46.694208,-23.847863],[-46.693876,-23.850255],[-46.693474,-23.853058],[-46.693414,-23.853585],[-46.6936,-23.853629],[-46.69376,-23.85361],[-46.693846,-23.853493],[-46.69431,-23.852353]]]]}},{"type":"Feature","properties":{"id":"habi_obraurbanizacao2geosampa_ext.22","gid":22,"ID_Habitasampa":"2ed0f0ad-9a7c-4aba-83fb-27ba23b105e7","Nome":"LOTE 8 - JARDIM IPORÃ","Agrupamento":"A DEFINIR MANANCIAIS","Estagio":"11 - PROJETO EM ANDAMENTO","ID_unico":"1205.100.100-u","Escopo":"PROJETO+OBRA","Responsavel":"SEHAB/SEPM","Programa_metas":"","Estimativa_familias":2210.0,"Previsao_entrega_obra":"Sem previsão","Estagio_mapeamento":"Projeto contratado","Area_m2":411035.77,"Distrito":"PARELHEIROS","Subprefeitura":"PARELHEIROS","DTS":"MANANCIAIS"},"geometry":{"type":"MultiPolygon","coordinates":[[[[-46.71353,-23.783795],[-46.713445,-23.783043],[-46.712762,-23.783084],[-46.712746,-23.783126],[-46.712539,-23.783803],[-46.712761,-23.784516],[-46.713276,-23.785205],[-46.713343,-23.785463],[-46.713327,-23.786483],[-46.712319,-23.786391],[-46.711346,-23.786354],[-46.710506,-23.786255],[-46.70999,-23.785891],[-46.709853,-23.785503],[-46.710086,-23.785025],[-46.710136,-23.784704],[-46.709986,-23.78405],[-46.710045,-23.783533],[-46.710224,-23.782793],[-46.710486,-23.781973],[-46.710834,-23.781187],[-46.710991,-23.780903],[-46.711228,-23.780562],[-46.711502,-23.780303],[-46.711754,-23.780233],[-46.712068,-23.779697],[-46.71227,-23.779779],[-46.71245,-23.779397],[-46.712778,-23.779199],[-46.713146,-23.778944],[-46.713498,-23.778654],[-46.713823,-23.77825],[-46.714122,-23.777875],[-46.714459,-23.777552],[-46.714654,-23.776935],[-46.715045,-23.776411],[-46.715031,-23.775269],[-46.714415,-23.775047],[-46.713526,-23.775521],[-46.712296,-23.775492],[-46.712162,-23.776021],[-46.711881,-23.777354],[-46.711555,-23.777241],[-46.711642,-23.776847],[-46.711458,-23.776806],[-46.711222,-23.777161],[-46.711026,-23.777246],[-46.710201,-23.779529],[-46.710004,-23.779569],[-46.709669,-23.780693],[-46.709699,-23.780953],[-46.709708,-23.781028],[-46.708745,-23.783624],[-46.708329,-23.784748],[-46.707645,-23.787714],[-46.707116,-23.78923],[-46.707424,-23.789349],[-46.708008,-23.788248],[-46.708595,-23.787675],[-46.709186,-23.78731],[-46.709675,-23.787181],[-46.710665,-23.787363],[-46.71114,-23.787464],[-46.711693,-23.787688],[-46.712258,-23.787969],[-46.712833,-23.788466],[-46.713207,-23.788588],[-46.713675,-23.78847],[-46.713965,-23.788352],[-46.715127,-23.788344],[-46.714632,-23.787609],[-46.714296,-23.786967],[-46.714075,-23.786194],[-46.714123,-23.785477],[-46.714179,-23.784995],[-46.713829,-23.784366],[-46.71353,-23.783795]]]]}},{"type":"Feature","properties":{"id":"habi_obraurbanizacao2geosampa_ext.25","gid":25,"ID_Habitasampa":"c7d0c6fb-3ce7-4a18-8c21-f6486f98ba1a","Nome":"LOTE 4 - ANTHERO - SUBPERÍMETRO 3 (JARDIM SÃO JUDAS TADEU)","Agrupamento":"URBANIZAÇÃO COMPLEXA MANANCIAIS","Estagio":"12 - PROJETO CONTRATADO E NÃO INICIADO","ID_unico":"1112.101.102-u","Escopo":"PROJETO+OBRA","Responsavel":"SEHAB/SEPM","Programa_metas":null,"Estimativa_familias":301.0,"Previsao_entrega_obra":"mar-28","Estagio_mapeamento":"Projeto contratado","Area_m2":40315.73,"Distrito":"CIDADE DUTRA","Subprefeitura":"CAPELA DO SOCORRO","DTS":"MANANCIAIS"},"geometry":{"type":"MultiPolygon","coordinates":[[[[-46.683917,-23.717527],[-46.684033,-23.717526],[-46.68408,-23.717526],[-46.68412,-23.717523],[-46.68418,-23.717521],[-46.68422,-23.717522],[-46.684292,-23.717533],[-46.68435,-23.717559],[-46.684395,-23.717578],[-46.684443,-23.717588],[-46.684469,-23.717591],[-46.684514,-23.717599],[-46.684554,-23.717612],[-46.684573,-23.717619],[-46.684594,-23.717631],[-46.684664,-23.717649],[-46.684787,-23.717659],[-46.684836,-23.717657],[-46.684886,-23.717666],[-46.684922,-23.717689],[-46.684941,-23.717709],[-46.684956,-23.717726],[-46.684966,-23.717774],[-46.684972,-23.717844],[-46.683896,-23.718031],[-46.683922,-23.718122],[-46.683928,-23.718149],[-46.683935,-23.718181],[-46.683942,-23.718209],[-46.683949,-23.718236],[-46.683957,-23.718295],[-46.683958,-23.718316],[-46.683949,-23.718364],[-46.683949,-23.718394],[-46.683962,-23.718412],[-46.683983,-23.718412],[-46.684063,-23.718393],[-46.684084,-23.718388],[-46.684121,-23.718379],[-46.684164,-23.71837],[-46.684185,-23.718366],[-46.684228,-23.718363],[-46.684255,-23.718365],[-46.684298,-23.718367],[-46.684357,-23.718376],[-46.684367,-23.718376],[-46.684426,-23.718375],[-46.68449,-23.718373],[-46.68458,-23.718367],[-46.684606,-23.718363],[-46.684633,-23.718359],[-46.684664,-23.718355],[-46.68476,-23.718341],[-46.684818,-23.718331],[-46.684844,-23.718326],[-46.684881,-23.71832],[-46.684919,-23.718314],[-46.685009,-23.718297],[-46.68503,-23.718297],[-46.685046,-23.718297],[-46.685089,-23.718296],[-46.685115,-23.718296],[-46.685147,-23.718301],[-46.685189,-23.718312],[-46.68521,-23.718317],[-46.685247,-23.718328],[-46.685268,-23.718328],[-46.685295,-23.718327],[-46.685326,-23.718327],[-46.685363,-23.718327],[-46.68539,-23.718328],[-46.685426,-23.718339],[-46.685442,-23.718344],[-46.685457,-23.71835],[-46.685477,-23.718361],[-46.685497,-23.718384],[-46.685517,-23.718401],[-46.685526,-23.718412],[-46.685551,-23.718428],[-46.68555,-23.718449],[-46.685549,-23.718475],[-46.685542,-23.718496],[-46.685541,-23.718517],[-46.685519,-23.718537],[-46.685471,-23.718567],[-46.685465,-23.718571],[-46.685406,-23.71863],[-46.685379,-23.718664],[-46.685357,-23.718693],[-46.68533,-23.718736],[-46.685319,-23.71876],[-46.685313,-23.71878],[-46.685302,-23.718804],[-46.685289,-23.718858],[-46.685284,-23.718872],[-46.685277,-23.718897],[-46.685263,-23.719002],[-46.685263,-23.719029],[-46.685248,-23.719034],[-46.685217,-23.719034],[-46.685197,-23.719039],[-46.685145,-23.719053],[-46.685054,-23.719067],[-46.685034,-23.71907],[-46.684988,-23.71908],[-46.684973,-23.719085],[-46.684907,-23.719112],[-46.684856,-23.719135],[-46.684805,-23.719157],[-46.684629,-23.719248],[-46.684509,-23.719292],[-46.684484,-23.719296],[-46.684444,-23.719296],[-46.684358,-23.719295],[-46.684273,-23.719285],[-46.684223,-23.719275],[-46.684101,-23.719251],[-46.68405,-23.719236],[-46.683993,-23.719208],[-46.683905,-23.719151],[-46.683851,-23.719108],[-46.683825,-23.719088],[-46.683759,-23.719033],[-46.683658,-23.718965],[-46.683599,-23.71893],[-46.683571,-23.71891],[-46.683527,-23.718874],[-46.683499,-23.718849],[-46.683482,-23.718829],[-46.683457,-23.718788],[-46.683413,-23.718696],[-46.683395,-23.718661],[-46.683382,-23.718635],[-46.683376,-23.718625],[-46.683363,-23.718594],[-46.683356,-23.718573],[-46.683182,-23.718469],[-46.683138,-23.718458],[-46.68309,-23.718448],[-46.683057,-23.718438],[-46.682961,-23.71839],[-46.682903,-23.718353],[-46.682849,-23.718304],[-46.682818,-23.718272],[-46.682793,-23.718244],[-46.68278,-23.718228],[-46.682756,-23.718208],[-46.682646,-23.718214],[-46.682639,-23.718151],[-46.682621,-23.718073],[-46.682536,-23.718097],[-46.682452,-23.718108],[-46.682461,-23.71817],[-46.682394,-23.718179],[-46.682381,-23.718126],[-46.682229,-23.718134],[-46.682226,-23.71807],[-46.682197,-23.717897],[-46.68238,-23.717877],[-46.68254,-23.717865],[-46.682644,-23.717852],[-46.682687,-23.717787],[-46.682176,-23.717497],[-46.682342,-23.716875],[-46.682779,-23.717171],[-46.68321,-23.717375],[-46.683257,-23.717396],[-46.683319,-23.71742],[-46.683376,-23.717437],[-46.683442,-23.717449],[-46.68356,-23.717474],[-46.683677,-23.717495],[-46.683853,-23.717521],[-46.683897,-23.717526],[-46.683917,-23.717527]]]]}},{"type":"Feature","properties":{"id":"habi_obraurbanizacao2geosampa_ext.26","gid":26,"ID_Habitasampa":"b6ca352a-9ea9-42b2-93d7-03232d4aff58","Nome":"LOTE 2 - JARDIM ARNALDO","Agrupamento":"URBANIZAÇÃO COMPLEXA MANANCIAIS","Estagio":"01 - OBRA CONCLUÍDA","ID_unico":"1173.100.100-u","Escopo":"PROJETO+OBRA","Responsavel":"SEHAB/SEPM","Programa_metas":"2021-2024","Estimativa_familias":621.0,"Previsao_entrega_obra":null,"Estagio_mapeamento":"Obra contratada","Area_m2":34874.33,"Distrito":"JARDIM SAO LUIS","Subprefeitura":"M BOI MIRIM","DTS":"MANANCIAIS"},"geometry":{"type":"MultiPolygon","coordinates":[[[[-46.743452,-23.68787],[-46.743501,-23.687974],[-46.743529,-23.688036],[-46.74365,-23.688298],[-46.74369,-23.688383],[-46.743826,-23.688636],[-46.743918,-23.688805],[-46.743981,-23.688931],[-46.744015,-23.688973],[-46.74411,-23.689088],[-46.744132,-23.689108],[-46.744155,-23.689127],[-46.744179,-23.689144],[-46.744204,-23.68916],[-46.744231,-23.689175],[-46.744258,-23.689188],[-46.744287,-23.689199],[-46.744316,-23.689209],[-46.744408,-23.689228],[-46.744618,-23.689259],[-46.744941,-23.689306],[-46.744979,-23.689311],[-46.745051,-23.689322],[-46.745075,-23.689326],[-46.745131,-23.689334],[-46.74518,-23.68934],[-46.745298,-23.689358],[-46.745437,-23.689379],[-46.745598,-23.689402],[-46.745734,-23.689427],[-46.745761,-23.689432],[-46.745787,-23.689439],[-46.745812,-23.689448],[-46.745837,-23.689458],[-46.745862,-23.689469],[-46.745885,-23.689482],[-46.746048,-23.689581],[-46.746225,-23.689688],[-46.746416,-23.689802],[-46.746587,-23.689906],[-46.746592,-23.689908],[-46.746597,-23.68991],[-46.746603,-23.689912],[-46.746608,-23.689913],[-46.746614,-23.689914],[-46.746619,-23.689915],[-46.746625,-23.689915],[-46.746631,-23.689915],[-46.746636,-23.689915],[-46.746642,-23.689914],[-46.746648,-23.689913],[-46.746653,-23.689912],[-46.746659,-23.68991],[-46.746664,-23.689908],[-46.746669,-23.689906],[-46.746674,-23.689903],[-46.746679,-23.6899],[-46.746683,-23.689897],[-46.746695,-23.689881],[-46.746745,-23.689778],[-46.74675,-23.689767],[-46.746759,-23.689746],[-46.746786,-23.689682],[-46.746805,-23.689617],[-46.746824,-23.689532],[-46.746829,-23.689494],[-46.746832,-23.689455],[-46.746832,-23.68926],[-46.74683,-23.689078],[-46.74683,-23.689074],[-46.746829,-23.689069],[-46.746828,-23.689065],[-46.746827,-23.68906],[-46.746826,-23.689056],[-46.746824,-23.689052],[-46.746822,-23.689047],[-46.74682,-23.689043],[-46.746817,-23.68904],[-46.746814,-23.689036],[-46.746811,-23.689032],[-46.746808,-23.689029],[-46.746804,-23.689026],[-46.746801,-23.689023],[-46.746797,-23.68902],[-46.746792,-23.689018],[-46.746788,-23.689015],[-46.746784,-23.689013],[-46.746779,-23.689012],[-46.746774,-23.68901],[-46.74677,-23.689009],[-46.746765,-23.689008],[-46.74676,-23.689007],[-46.746755,-23.689007],[-46.74675,-23.689007],[-46.746745,-23.689007],[-46.746502,-23.689027],[-46.746304,-23.68902],[-46.746076,-23.688999],[-46.746008,-23.688993],[-46.745962,-23.688988],[-46.745796,-23.688968],[-46.745693,-23.688947],[-46.745628,-23.68893],[-46.745602,-23.688924],[-46.745576,-23.688919],[-46.74555,-23.688916],[-46.745374,-23.688895],[-46.745211,-23.688875],[-46.74519,-23.688871],[-46.745169,-23.688866],[-46.745148,-23.68886],[-46.745128,-23.688852],[-46.744854,-23.688729],[-46.744732,-23.688665],[-46.744605,-23.688598],[-46.744446,-23.688514],[-46.744393,-23.688487],[-46.744265,-23.688419],[-46.744218,-23.688391],[-46.744173,-23.68836],[-46.74413,-23.688326],[-46.744091,-23.688289],[-46.744054,-23.68825],[-46.743963,-23.688126],[-46.743946,-23.688104],[-46.743931,-23.68808],[-46.743917,-23.688056],[-46.743906,-23.688031],[-46.743896,-23.688005],[-46.74325,-23.686328],[-46.743249,-23.686325],[-46.743247,-23.686322],[-46.743245,-23.686319],[-46.743243,-23.686316],[-46.743241,-23.686313],[-46.743239,-23.68631],[-46.743236,-23.686308],[-46.743233,-23.686305],[-46.74323,-23.686303],[-46.743227,-23.686301],[-46.743224,-23.686299],[-46.743221,-23.686298],[-46.742874,-23.686142],[-46.742872,-23.686141],[-46.742871,-23.686141],[-46.742869,-23.68614],[-46.742867,-23.68614],[-46.742865,-23.686139],[-46.742863,-23.686139],[-46.742862,-23.686139],[-46.74286,-23.686139],[-46.742858,-23.686139],[-46.742856,-23.68614],[-46.742854,-23.68614],[-46.742852,-23.68614],[-46.742851,-23.686141],[-46.742849,-23.686142],[-46.742847,-23.686142],[-46.742846,-23.686143],[-46.742844,-23.686144],[-46.742843,-23.686145],[-46.742841,-23.686146],[-46.74284,-23.686147],[-46.742839,-23.686149],[-46.742838,-23.68615],[-46.742837,-23.686151],[-46.742836,-23.686153],[-46.742835,-23.686154],[-46.742834,-23.686156],[-46.742833,-23.686158],[-46.742833,-23.686159],[-46.742832,-23.686161],[-46.742832,-23.686163],[-46.742832,-23.686164],[-46.742832,-23.686166],[-46.742832,-23.686168],[-46.742832,-23.686169],[-46.742832,-23.686171],[-46.742833,-23.686173],[-46.742833,-23.686174],[-46.742834,-23.686176],[-46.742834,-23.686178],[-46.742835,-23.686179],[-46.742836,-23.686181],[-46.742837,-23.686182],[-46.743069,-23.68648],[-46.742545,-23.686691],[-46.74284,-23.687548],[-46.743143,-23.687422],[-46.743228,-23.687397],[-46.743452,-23.68787]]]]}},{"type":"Feature","properties":{"id":"habi_obraurbanizacao2geosampa_ext.40","gid":40,"ID_Habitasampa":"0a30921c-5e44-4168-8d93-9b6cbd2608e9","Nome":"LOTEAMENTO PARQUE DAS FLORES/JD CONTINENTAL/COHAB - NÚCLEO BEIJA-FLOR","Agrupamento":"URBANIZAÇÃO COMPLEXA","Estagio":"03 - OBRA EM ANDAMENTO","ID_unico":"1148.100.100-u","Escopo":"OBRA","Responsavel":"SEHAB/CFT-OBRA","Programa_metas":"2025-2028","Estimativa_familias":290.0,"Previsao_entrega_obra":"jul-28","Estagio_mapeamento":"Obra contratada","Area_m2":37418.39,"Distrito":"SAO RAFAEL","Subprefeitura":"SAO MATEUS","DTS":"LESTE"},"geometry":{"type":"MultiPolygon","coordinates":[[[[-46.444887,-23.642694],[-46.445427,-23.642251],[-46.444666,-23.641474],[-46.444438,-23.641443],[-46.444298,-23.641541],[-46.444109,-23.641726],[-46.443543,-23.642383],[-46.443148,-23.642782],[-46.442449,-23.643399],[-46.44266,-23.643656],[-46.442917,-23.643874],[-46.443162,-23.643951],[-46.443433,-23.643921],[-46.443669,-23.643877],[-46.443841,-23.643772],[-46.443888,-23.643718],[-46.443912,-23.643475],[-46.444701,-23.642848],[-46.444887,-23.642694]]]]}},{"type":"Feature","properties":{"id":"habi_obraurbanizacao2geosampa_ext.44","gid":44,"ID_Habitasampa":"499c501a-2ace-4db0-9c63-0d795d031c5e","Nome":"LOTE 8 - JARDIM BOSQUE DO SOL","Agrupamento":"URBANIZAÇÃO COMPLEXA MANANCIAIS","Estagio":"03 - OBRA EM ANDAMENTO","ID_unico":"1206.100.100-u","Escopo":"PROJETO+OBRA","Responsavel":"SEHAB/SEPM","Programa_metas":"2025-2028","Estimativa_familias":39.0,"Previsao_entrega_obra":"dez-27","Estagio_mapeamento":"Obra contratada","Area_m2":16111.09,"Distrito":"PARELHEIROS","Subprefeitura":"PARELHEIROS","DTS":"MANANCIAIS"},"geometry":{"type":"MultiPolygon","coordinates":[[[[-46.739735,-23.830912],[-46.739869,-23.83124],[-46.73993,-23.831231],[-46.740106,-23.831152],[-46.740512,-23.830838],[-46.740792,-23.8307],[-46.740774,-23.830154],[-46.740761,-23.8298],[-46.740411,-23.82958],[-46.739778,-23.829508],[-46.739764,-23.830282],[-46.739732,-23.830641],[-46.739735,-23.830912]]]]}},{"type":"Feature","properties":{"id":"habi_obraurbanizacao2geosampa_ext.27","gid":27,"ID_Habitasampa":"b454e1a5-af3f-4141-b0c1-dfee3463de48","Nome":"LOTE 4 - ANTHERO - SUBPERÍMETRO 4 (JARDIM SÃO VICENTE)","Agrupamento":"URBANIZAÇÃO COMPLEXA MANANCIAIS","Estagio":"12 - PROJETO CONTRATADO E NÃO INICIADO","ID_unico":"1112.101.103-u","Escopo":"PROJETO+OBRA","Responsavel":"SEHAB/SEPM","Programa_metas":null,"Estimativa_familias":602.0,"Previsao_entrega_obra":"mar-28","Estagio_mapeamento":"Projeto contratado","Area_m2":56445.36,"Distrito":"CIDADE DUTRA","Subprefeitura":"CAPELA DO SOCORRO","DTS":"MANANCIAIS"},"geometry":{"type":"MultiPolygon","coordinates":[[[[-46.685248,-23.719034],[-46.685263,-23.719029],[-46.685257,-23.719101],[-46.685299,-23.719102],[-46.685347,-23.719112],[-46.68539,-23.719122],[-46.685428,-23.719133],[-46.685567,-23.719153],[-46.685678,-23.719167],[-46.68583,-23.719163],[-46.685899,-23.719158],[-46.685947,-23.719154],[-46.686048,-23.719135],[-46.686108,-23.719125],[-46.686183,-23.719119],[-46.68622,-23.71912],[-46.686299,-23.719125],[-46.686476,-23.719135],[-46.686569,-23.719139],[-46.686595,-23.719139],[-46.686622,-23.719139],[-46.686654,-23.719139],[-46.686705,-23.719142],[-46.68676,-23.719154],[-46.686798,-23.719169],[-46.686851,-23.719189],[-46.686872,-23.719194],[-46.686887,-23.719199],[-46.686924,-23.719209],[-46.68695,-23.719214],[-46.686996,-23.71922],[-46.687027,-23.719225],[-46.68711,-23.719241],[-46.687194,-23.719271],[-46.687256,-23.719295],[-46.687271,-23.71931],[-46.687287,-23.71933],[-46.687303,-23.719339],[-46.687323,-23.719349],[-46.687344,-23.719354],[-46.687354,-23.719369],[-46.687353,-23.719389],[-46.687343,-23.719408],[-46.687268,-23.71953],[-46.687179,-23.719578],[-46.686986,-23.719558],[-46.686971,-23.719553],[-46.686939,-23.719548],[-46.686898,-23.719548],[-46.686872,-23.719548],[-46.686845,-23.719547],[-46.686809,-23.719547],[-46.686788,-23.719542],[-46.686767,-23.719532],[-46.68673,-23.719527],[-46.686714,-23.719522],[-46.686677,-23.719518],[-46.686634,-23.719518],[-46.686597,-23.719518],[-46.686581,-23.719518],[-46.686554,-23.719518],[-46.686538,-23.719518],[-46.686506,-23.719527],[-46.6865,-23.719547],[-46.6865,-23.719576],[-46.6865,-23.719606],[-46.6865,-23.71963],[-46.686463,-23.719742],[-46.686452,-23.719811],[-46.686452,-23.71983],[-46.686452,-23.71986],[-46.686446,-23.719879],[-46.686435,-23.719899],[-46.68643,-23.719904],[-46.686365,-23.719943],[-46.686291,-23.719987],[-46.686264,-23.720001],[-46.686252,-23.720035],[-46.686235,-23.720098],[-46.686217,-23.720219],[-46.686191,-23.720272],[-46.686164,-23.720282],[-46.686017,-23.720278],[-46.68589,-23.720259],[-46.6858,-23.72024],[-46.685779,-23.720235],[-46.685779,-23.720225],[-46.685812,-23.720118],[-46.685812,-23.720021],[-46.685839,-23.719933],[-46.685892,-23.719933],[-46.685909,-23.719918],[-46.685898,-23.719899],[-46.685898,-23.719806],[-46.685925,-23.719703],[-46.685914,-23.719693],[-46.685893,-23.719688],[-46.685845,-23.719683],[-46.685797,-23.719679],[-46.685743,-23.719669],[-46.685743,-23.719654],[-46.685738,-23.719615],[-46.685738,-23.719586],[-46.685748,-23.719542],[-46.685765,-23.719517],[-46.68577,-23.719498],[-46.685775,-23.719478],[-46.685775,-23.719458],[-46.685775,-23.719439],[-46.685759,-23.719429],[-46.685732,-23.719414],[-46.685711,-23.719409],[-46.685658,-23.719404],[-46.685615,-23.719399],[-46.685578,-23.719394],[-46.685535,-23.719385],[-46.685508,-23.71938],[-46.685476,-23.719375],[-46.685347,-23.71936],[-46.685315,-23.71936],[-46.685299,-23.71936],[-46.685267,-23.71936],[-46.685256,-23.71936],[-46.68516,-23.719369],[-46.685048,-23.71938],[-46.684978,-23.719394],[-46.684919,-23.719419],[-46.684833,-23.719467],[-46.684811,-23.719482],[-46.684726,-23.719531],[-46.684623,-23.719614],[-46.684601,-23.719638],[-46.684585,-23.719658],[-46.684569,-23.719683],[-46.684547,-23.719722],[-46.684536,-23.719742],[-46.684525,-23.719761],[-46.684509,-23.719786],[-46.684493,-23.71981],[-46.684477,-23.719835],[-46.684466,-23.719855],[-46.684456,-23.719874],[-46.68445,-23.719889],[-46.684435,-23.719938],[-46.684429,-23.719958],[-46.684419,-23.720036],[-46.684414,-23.720071],[-46.684409,-23.720144],[-46.684414,-23.720213],[-46.68442,-23.720242],[-46.684447,-23.720316],[-46.684474,-23.72038],[-46.684485,-23.720399],[-46.684506,-23.720433],[-46.684523,-23.720453],[-46.684539,-23.720468],[-46.68456,-23.720477],[-46.684582,-23.720482],[-46.684974,-23.720539],[-46.685033,-23.720548],[-46.685151,-23.720567],[-46.685246,-23.720577],[-46.685316,-23.720582],[-46.685353,-23.720582],[-46.68539,-23.720582],[-46.685456,-23.720589],[-46.685516,-23.720602],[-46.685561,-23.720616],[-46.685566,-23.720621],[-46.685614,-23.720636],[-46.685657,-23.720646],[-46.685838,-23.720664],[-46.685965,-23.720673],[-46.685991,-23.720673],[-46.686023,-23.720673],[-46.68606,-23.720677],[-46.686087,-23.720682],[-46.686129,-23.720692],[-46.686155,-23.720701],[-46.686192,-23.720716],[-46.686219,-23.720735],[-46.686235,-23.72075],[-46.686256,-23.720794],[-46.686267,-23.720838],[-46.686273,-23.720852],[-46.686284,-23.720877],[-46.686294,-23.720897],[-46.686294,-23.720916],[-46.686284,-23.720931],[-46.686268,-23.720936],[-46.686231,-23.720936],[-46.686199,-23.720946],[-46.686162,-23.72096],[-46.68604,-23.721031],[-46.685944,-23.721084],[-46.685902,-23.721109],[-46.685833,-23.721158],[-46.68579,-23.721198],[-46.685716,-23.721281],[-46.685694,-23.721353],[-46.685684,-23.721421],[-46.685673,-23.721479],[-46.685667,-23.721504],[-46.685662,-23.721528],[-46.685657,-23.721557],[-46.685651,-23.721576],[-46.685635,-23.721634],[-46.685598,-23.721745],[-46.685587,-23.721773],[-46.685571,-23.721812],[-46.685566,-23.721822],[-46.68555,-23.721856],[-46.685539,-23.72188],[-46.685534,-23.7219],[-46.685518,-23.721953],[-46.685513,-23.721977],[-46.685507,-23.722015],[-46.685507,-23.722034],[-46.685507,-23.722048],[-46.685513,-23.722071],[-46.685502,-23.722094],[-46.685449,-23.722113],[-46.685396,-23.722133],[-46.685327,-23.722158],[-46.685306,-23.722158],[-46.685284,-23.722158],[-46.685263,-23.722148],[-46.685247,-23.722115],[-46.685221,-23.722071],[-46.685199,-23.722052],[-46.685151,-23.722],[-46.685119,-23.721966],[-46.685103,-23.721947],[-46.685077,-23.721913],[-46.684948,-23.721723],[-46.68491,-23.721638],[-46.684893,-23.72152],[-46.684893,-23.721481],[-46.684903,-23.721389],[-46.684914,-23.72135],[-46.684946,-23.721258],[-46.684962,-23.721199],[-46.684961,-23.72117],[-46.684934,-23.721131],[-46.684913,-23.721122],[-46.684886,-23.721117],[-46.684822,-23.72111],[-46.684774,-23.721111],[-46.684672,-23.721126],[-46.684618,-23.721136],[-46.684559,-23.721151],[-46.684505,-23.72117],[-46.684436,-23.7212],[-46.684414,-23.72121],[-46.684322,-23.721265],[-46.684284,-23.7213],[-46.684236,-23.721354],[-46.684203,-23.721399],[-46.684182,-23.721448],[-46.684166,-23.721491],[-46.684145,-23.72153],[-46.684146,-23.721583],[-46.684158,-23.721631],[-46.684153,-23.72165],[-46.683989,-23.721647],[-46.683962,-23.721647],[-46.68391,-23.721641],[-46.683708,-23.721615],[-46.683681,-23.721595],[-46.683686,-23.721572],[-46.683691,-23.721553],[-46.683694,-23.721491],[-46.683698,-23.721424],[-46.683707,-23.721327],[-46.683712,-23.721273],[-46.683718,-23.721219],[-46.683723,-23.721165],[-46.683737,-23.720965],[-46.683736,-23.720941],[-46.683736,-23.720907],[-46.683733,-23.720828],[-46.683721,-23.720769],[-46.68371,-23.720744],[-46.683699,-23.720724],[-46.683666,-23.720661],[-46.683649,-23.720612],[-46.683638,-23.720578],[-46.683622,-23.720543],[-46.6836,-23.720514],[-46.683556,-23.72047],[-46.683503,-23.720421],[-46.683461,-23.720386],[-46.683445,-23.720371],[-46.683429,-23.720341],[-46.683419,-23.720317],[-46.683408,-23.720287],[-46.683406,-23.72015],[-46.683406,-23.72014],[-46.68341,-23.720086],[-46.683415,-23.720057],[-46.683424,-23.719988],[-46.683434,-23.719928],[-46.683439,-23.719914],[-46.683445,-23.719889],[-46.683449,-23.71983],[-46.683454,-23.719776],[-46.683459,-23.719682],[-46.683463,-23.719593],[-46.683463,-23.719538],[-46.683462,-23.719508],[-46.683462,-23.719469],[-46.683462,-23.719444],[-46.683463,-23.719405],[-46.683463,-23.719375],[-46.683463,-23.71936],[-46.683463,-23.719326],[-46.683473,-23.719232],[-46.683484,-23.719197],[-46.683494,-23.719172],[-46.683505,-23.719152],[-46.683548,-23.719123],[-46.683575,-23.719118],[-46.683629,-23.719118],[-46.683656,-23.719118],[-46.683678,-23.719118],[-46.683727,-23.719113],[-46.68376,-23.719113],[-46.683804,-23.719114],[-46.683851,-23.719108],[-46.683905,-23.719151],[-46.683993,-23.719208],[-46.68405,-23.719236],[-46.684101,-23.719251],[-46.684273,-23.719285],[-46.684358,-23.719295],[-46.684444,-23.719296],[-46.684484,-23.719296],[-46.684509,-23.719292],[-46.684629,-23.719248],[-46.684805,-23.719157],[-46.684907,-23.719112],[-46.684973,-23.719085],[-46.684988,-23.71908],[-46.685034,-23.71907],[-46.685054,-23.719067],[-46.685146,-23.719053],[-46.685197,-23.719039],[-46.685217,-23.719034],[-46.685248,-23.719034]]]]}},{"type":"Feature","properties":{"id":"habi_obraurbanizacao2geosampa_ext.28","gid":28,"ID_Habitasampa":"17ed570d-a619-4e78-abfc-acb0e539b4d1","Nome":"CÓRREGO DA MINA - SUBPERÍMETRO 1","Agrupamento":"URBANIZAÇÃO COMPLEXA","Estagio":"03 - OBRA EM ANDAMENTO","ID_unico":"1150.100.100-u","Escopo":"OBRA","Responsavel":"SEHAB/CFT-OBRA","Programa_metas":"2025-2028","Estimativa_familias":120.0,"Previsao_entrega_obra":"dez-26","Estagio_mapeamento":"Obra contratada","Area_m2":8784.76,"Distrito":"PERUS","Subprefeitura":"PERUS","DTS":"NORTE"},"geometry":{"type":"MultiPolygon","coordinates":[[[[-46.750005,-23.417563],[-46.750145,-23.418102],[-46.750406,-23.418856],[-46.750886,-23.418744],[-46.750672,-23.41768],[-46.75056,-23.417452],[-46.750239,-23.417466],[-46.750005,-23.417563]]]]}},{"type":"Feature","properties":{"id":"habi_obraurbanizacao2geosampa_ext.29","gid":29,"ID_Habitasampa":"c120014a-0abd-4509-9a63-bbd5c6007711","Nome":"LIDIANE - SAMPAIO CORREA - SUBPERÍMETRO 2","Agrupamento":"URBANIZAÇÃO COMPLEXA OUCAB","Estagio":"01 - OBRA CONCLUÍDA","ID_unico":"1022.101.101-u","Escopo":"OBRA","Responsavel":"SEHAB/CFT-OBRA","Programa_metas":"2025-2028","Estimativa_familias":173.0,"Previsao_entrega_obra":null,"Estagio_mapeamento":"Obra contratada","Area_m2":4341.04,"Distrito":"LIMAO","Subprefeitura":"CASA VERDE-CACHOEIRINHA","DTS":"NORTE"},"geometry":{"type":"MultiPolygon","coordinates":[[[[-46.677107,-23.510533],[-46.676978,-23.510468],[-46.676892,-23.510441],[-46.676548,-23.511227],[-46.676659,-23.511281],[-46.676641,-23.511371],[-46.676711,-23.511669],[-46.676825,-23.511613],[-46.676911,-23.511496],[-46.677135,-23.510705],[-46.677147,-23.510616],[-46.677132,-23.510565],[-46.677107,-23.510533]]]]}},{"type":"Feature","properties":{"id":"habi_obraurbanizacao2geosampa_ext.41","gid":41,"ID_Habitasampa":"2163420e-3665-41f1-87de-3379a2ad2c23","Nome":"LOTEAMENTO PARQUE DAS FLORES/JD CONTINENTAL/COHAB - NÚCLEO SÃO JORGE","Agrupamento":"URBANIZAÇÃO COMPLEXA","Estagio":"03 - OBRA EM ANDAMENTO","ID_unico":"1148.100.105-u","Escopo":"OBRA","Responsavel":"SEHAB/CFT-OBRA","Programa_metas":"2025-2028","Estimativa_familias":874.0,"Previsao_entrega_obra":"jul-28","Estagio_mapeamento":"Obra contratada","Area_m2":159822.36,"Distrito":"SAO RAFAEL","Subprefeitura":"SAO MATEUS","DTS":"LESTE"},"geometry":{"type":"MultiPolygon","coordinates":[[[[-46.439569,-23.641857],[-46.439746,-23.641673],[-46.440266,-23.641278],[-46.439926,-23.640774],[-46.439475,-23.640555],[-46.439125,-23.640267],[-46.438892,-23.640054],[-46.438632,-23.640127],[-46.43836,-23.640145],[-46.438085,-23.639896],[-46.438013,-23.639612],[-46.438124,-23.639364],[-46.437886,-23.639252],[-46.437619,-23.639539],[-46.437519,-23.639686],[-46.437259,-23.63947],[-46.438132,-23.638034],[-46.438258,-23.638003],[-46.438598,-23.637938],[-46.438758,-23.637806],[-46.439246,-23.637147],[-46.438877,-23.637128],[-46.438372,-23.637173],[-46.437877,-23.637195],[-46.437775,-23.637456],[-46.437622,-23.637774],[-46.437363,-23.638133],[-46.437171,-23.638703],[-46.436797,-23.639103],[-46.436567,-23.639418],[-46.436289,-23.639716],[-46.435982,-23.639958],[-46.435656,-23.640205],[-46.435277,-23.640355],[-46.434821,-23.640545],[-46.433828,-23.640506],[-46.433435,-23.640548],[-46.433011,-23.640457],[-46.432749,-23.640174],[-46.432472,-23.640319],[-46.43207,-23.641229],[-46.432332,-23.641385],[-46.432564,-23.641557],[-46.43281,-23.641762],[-46.433624,-23.641832],[-46.434116,-23.641895],[-46.434698,-23.641789],[-46.435007,-23.641619],[-46.435352,-23.641497],[-46.435803,-23.641372],[-46.435926,-23.641353],[-46.436195,-23.641381],[-46.436583,-23.641486],[-46.436751,-23.641551],[-46.437112,-23.641659],[-46.43801,-23.641864],[-46.43822,-23.641946],[-46.438527,-23.641973],[-46.438922,-23.641927],[-46.439569,-23.641857]]]]}},{"type":"Feature","properties":{"id":"habi_obraurbanizacao2geosampa_ext.30","gid":30,"ID_Habitasampa":"05dc9d03-eddf-4718-804f-d4494ecf7b01","Nome":"PAI JARDIM JAPÃO 1","Agrupamento":"URBANIZAÇÃO COMPLEXA","Estagio":"08 - AÇÕES PRELIMINARES DE OBRA","ID_unico":"1041.105.iii-u","Escopo":"PROJETO+OBRA","Responsavel":"SEHAB/CFT-OBRA","Programa_metas":"","Estimativa_familias":4604.0,"Previsao_entrega_obra":"Sem previsão","Estagio_mapeamento":"Projeto finalizado","Area_m2":174971.94,"Distrito":"VILA MARIA","Subprefeitura":"VILA MARIA-VILA GUILHERME","DTS":"NORTE"},"geometry":{"type":"MultiPolygon","coordinates":[[[[-46.578976,-23.522697],[-46.579475,-23.52195],[-46.579251,-23.521669],[-46.579136,-23.521643],[-46.578968,-23.521909],[-46.578826,-23.522186],[-46.578741,-23.522368],[-46.577651,-23.522068],[-46.577891,-23.521376],[-46.577496,-23.5212],[-46.577122,-23.521107],[-46.57668,-23.521056],[-46.576229,-23.520989],[-46.576031,-23.521079],[-46.575389,-23.520997],[-46.574895,-23.520962],[-46.57473,-23.520956],[-46.574558,-23.521054],[-46.574846,-23.521282],[-46.575571,-23.52173],[-46.576051,-23.522037],[-46.576129,-23.522052],[-46.576248,-23.521851],[-46.576543,-23.521928],[-46.576399,-23.522177],[-46.576799,-23.522365],[-46.577487,-23.522629],[-46.578043,-23.522791],[-46.57875,-23.522917],[-46.578976,-23.522697]]],[[[-46.577976,-23.521491],[-46.578274,-23.521689],[-46.578307,-23.521645],[-46.578482,-23.521739],[-46.578688,-23.521859],[-46.578757,-23.52176],[-46.577952,-23.521393],[-46.57792,-23.521374],[-46.577828,-23.521638],[-46.577976,-23.521491]]],[[[-46.577709,-23.520921],[-46.577668,-23.52118],[-46.577781,-23.521262],[-46.578961,-23.521752],[-46.579045,-23.521723],[-46.579102,-23.521671],[-46.579147,-23.521619],[-46.579119,-23.521571],[-46.578963,-23.521692],[-46.577781,-23.521176],[-46.577903,-23.520846],[-46.577823,-23.520799],[-46.577741,-23.520867],[-46.577709,-23.520921]]],[[[-46.580333,-23.519749],[-46.578735,-23.520949],[-46.579525,-23.521793],[-46.579846,-23.52117],[-46.580837,-23.520357],[-46.580852,-23.520336],[-46.580333,-23.519749]]],[[[-46.574136,-23.52023],[-46.574229,-23.520529],[-46.574282,-23.5207],[-46.574356,-23.520855],[-46.574477,-23.52104],[-46.574683,-23.520924],[-46.575864,-23.521],[-46.576136,-23.520764],[-46.57608,-23.520226],[-46.576053,-23.519392],[-46.576006,-23.518802],[-46.575866,-23.518373],[-46.575883,-23.518368],[-46.575676,-23.518427],[-46.575776,-23.518773],[-46.575775,-23.519182],[-46.575783,-23.519415],[-46.575675,-23.519764],[-46.575656,-23.520012],[-46.575626,-23.52035],[-46.574984,-23.520263],[-46.575077,-23.520055],[-46.575105,-23.519531],[-46.575213,-23.519188],[-46.575366,-23.518834],[-46.574787,-23.518768],[-46.574387,-23.519145],[-46.574176,-23.519411],[-46.574097,-23.519821],[-46.574136,-23.52023]]],[[[-46.575276,-23.516355],[-46.576822,-23.515095],[-46.576738,-23.515005],[-46.575153,-23.516216],[-46.575222,-23.516307],[-46.574734,-23.516668],[-46.574611,-23.516557],[-46.574521,-23.516628],[-46.574485,-23.516726],[-46.574456,-23.516873],[-46.57451,-23.516943],[-46.575424,-23.517947],[-46.57564,-23.518294],[-46.575686,-23.518349],[-46.576108,-23.518142],[-46.575043,-23.517154],[-46.574835,-23.516856],[-46.574863,-23.516722],[-46.575186,-23.516454],[-46.57623,-23.51754],[-46.576289,-23.51747],[-46.575276,-23.516355]]],[[[-46.573865,-23.516698],[-46.573991,-23.516592],[-46.574049,-23.51664],[-46.574176,-23.51663],[-46.574275,-23.516581],[-46.573444,-23.515904],[-46.573088,-23.516244],[-46.573055,-23.516218],[-46.571669,-23.517366],[-46.571774,-23.517456],[-46.571835,-23.517421],[-46.571902,-23.517499],[-46.572778,-23.516796],[-46.572812,-23.51684],[-46.573034,-23.516794],[-46.573038,-23.516785],[-46.573132,-23.516688],[-46.573227,-23.516739],[-46.573306,-23.516651],[-46.573445,-23.516759],[-46.573558,-23.516723],[-46.573647,-23.516635],[-46.573733,-23.516704],[-46.573807,-23.516638],[-46.573865,-23.516698]]],[[[-46.571017,-23.520492],[-46.570985,-23.520523],[-46.571076,-23.520617],[-46.571055,-23.520637],[-46.57106,-23.520642],[-46.571048,-23.520655],[-46.571112,-23.5207],[-46.571217,-23.520816],[-46.571261,-23.520334],[-46.571068,-23.520508],[-46.571033,-23.520514],[-46.571017,-23.520492]]],[[[-46.572143,-23.520533],[-46.572331,-23.520398],[-46.572561,-23.520104],[-46.572728,-23.519792],[-46.572791,-23.519647],[-46.572621,-23.518962],[-46.572277,-23.518374],[-46.572275,-23.518374],[-46.572051,-23.517854],[-46.572573,-23.517349],[-46.572924,-23.517123],[-46.573259,-23.517016],[-46.573599,-23.516967],[-46.57385,-23.516952],[-46.573931,-23.516976],[-46.574215,-23.516796],[-46.574224,-23.516758],[-46.574031,-23.516781],[-46.57387,-23.516807],[-46.573598,-23.516847],[-46.57341,-23.516895],[-46.573214,-23.516959],[-46.572977,-23.517023],[-46.572856,-23.517065],[-46.572687,-23.517166],[-46.572483,-23.517317],[-46.572323,-23.517434],[-46.572195,-23.517568],[-46.571955,-23.517764],[-46.571853,-23.517852],[-46.571782,-23.517915],[-46.571749,-23.518089],[-46.571647,-23.518177],[-46.571607,-23.518264],[-46.571595,-23.518355],[-46.571591,-23.518429],[-46.571565,-23.518475],[-46.571568,-23.518681],[-46.571592,-23.518668],[-46.571597,-23.518793],[-46.571582,-23.518797],[-46.571659,-23.520498],[-46.571676,-23.52081],[-46.572143,-23.520533]]],[[[-46.573273,-23.51588],[-46.573262,-23.515891],[-46.571609,-23.517258],[-46.571652,-23.517347],[-46.573122,-23.516131],[-46.573102,-23.51611],[-46.573412,-23.515858],[-46.573359,-23.515822],[-46.573334,-23.515805],[-46.573273,-23.51588]]],[[[-46.571508,-23.515657],[-46.571481,-23.515205],[-46.57141,-23.515206],[-46.571501,-23.517356],[-46.571529,-23.517376],[-46.571654,-23.517355],[-46.571593,-23.51726],[-46.57156,-23.51727],[-46.571544,-23.516833],[-46.571577,-23.516808],[-46.571574,-23.516602],[-46.571595,-23.516561],[-46.571561,-23.516411],[-46.571927,-23.516],[-46.571668,-23.515801],[-46.571932,-23.515532],[-46.571745,-23.515394],[-46.571508,-23.515657]]],[[[-46.57227,-23.513659],[-46.572062,-23.513496],[-46.571895,-23.513675],[-46.572111,-23.513833],[-46.57227,-23.513659]]],[[[-46.568986,-23.510607],[-46.569121,-23.510501],[-46.569242,-23.510322],[-46.569428,-23.509995],[-46.569463,-23.50992],[-46.569496,-23.509853],[-46.56969,-23.50972],[-46.569879,-23.509606],[-46.570002,-23.509531],[-46.570079,-23.509442],[-46.569762,-23.509261],[-46.569473,-23.509555],[-46.569057,-23.509882],[-46.568839,-23.510025],[-46.568455,-23.510186],[-46.568658,-23.510727],[-46.56878,-23.510692],[-46.568986,-23.510607]]]]}},{"type":"Feature","properties":{"id":"habi_obraurbanizacao2geosampa_ext.31","gid":31,"ID_Habitasampa":"9177e22c-09f7-4ced-8c29-01fe11741114","Nome":"LOTEAMENTO PARQUE DAS FLORES/JD CONTINENTAL/COHAB - NÚCLEO DAS VIOLETAS","Agrupamento":"URBANIZAÇÃO COMPLEXA","Estagio":"01 - OBRA CONCLUÍDA","ID_unico":"1148.100.101-u","Escopo":"OBRA","Responsavel":"SEHAB/CFT-OBRA","Programa_metas":"2025-2028","Estimativa_familias":136.0,"Previsao_entrega_obra":null,"Estagio_mapeamento":"Obra contratada","Area_m2":13131.89,"Distrito":"SAO RAFAEL","Subprefeitura":"SAO MATEUS","DTS":"LESTE"},"geometry":{"type":"MultiPolygon","coordinates":[[[[-46.443179,-23.639009],[-46.443065,-23.639594],[-46.443396,-23.639565],[-46.44377,-23.639282],[-46.444135,-23.638882],[-46.444614,-23.638544],[-46.444331,-23.638171],[-46.444158,-23.637992],[-46.443576,-23.63843],[-46.443372,-23.638511],[-46.443179,-23.639009]]]]}},{"type":"Feature","properties":{"id":"habi_obraurbanizacao2geosampa_ext.32","gid":32,"ID_Habitasampa":"92fb72c4-658d-40d1-aea9-e8fa61e54a89","Nome":"LOTE 6 - COCAIA I - PARQUE LINEAR COCAIA - SUBPERÍMETRO 3","Agrupamento":"URBANIZAÇÃO COMPLEXA MANANCIAIS","Estagio":"03 - OBRA EM ANDAMENTO","ID_unico":"1144.101.102-u","Escopo":"PROJETO+OBRA","Responsavel":"SEHAB/SEPM","Programa_metas":"","Estimativa_familias":894.0,"Previsao_entrega_obra":"Sem previsão","Estagio_mapeamento":"Obra contratada","Area_m2":112053.35,"Distrito":"GRAJAU","Subprefeitura":"CAPELA DO SOCORRO","DTS":"MANANCIAIS"},"geometry":{"type":"MultiPolygon","coordinates":[[[[-46.683365,-23.749875],[-46.682695,-23.750165],[-46.681565,-23.752763],[-46.681621,-23.752907],[-46.681683,-23.752927],[-46.681784,-23.752991],[-46.681813,-23.753066],[-46.681924,-23.753121],[-46.681953,-23.753127],[-46.682002,-23.753121],[-46.682234,-23.753088],[-46.68231,-23.753087],[-46.682904,-23.752971],[-46.682934,-23.752952],[-46.683016,-23.753],[-46.683756,-23.753161],[-46.683812,-23.753194],[-46.684385,-23.753311],[-46.684612,-23.7532],[-46.684948,-23.753303],[-46.68508,-23.753356],[-46.685271,-23.753406],[-46.685307,-23.753416],[-46.685648,-23.753512],[-46.685989,-23.753572],[-46.686006,-23.753577],[-46.686585,-23.75368],[-46.686603,-23.753678],[-46.687441,-23.754147],[-46.687467,-23.754159],[-46.687593,-23.754148],[-46.688237,-23.753993],[-46.688314,-23.753978],[-46.688323,-23.753972],[-46.688234,-23.753596],[-46.688179,-23.753533],[-46.688165,-23.753543],[-46.688001,-23.753661],[-46.687566,-23.753498],[-46.68665,-23.752831],[-46.686541,-23.752876],[-46.686315,-23.752845],[-46.686131,-23.752741],[-46.686008,-23.752695],[-46.685806,-23.752459],[-46.685662,-23.752261],[-46.685426,-23.752224],[-46.685162,-23.75218],[-46.684912,-23.752237],[-46.684601,-23.751867],[-46.684553,-23.751693],[-46.684087,-23.751642],[-46.684145,-23.751385],[-46.684231,-23.751179],[-46.684105,-23.750851],[-46.684051,-23.750612],[-46.683961,-23.750495],[-46.683798,-23.75042],[-46.683658,-23.75034],[-46.68349,-23.75028],[-46.683389,-23.750204],[-46.683376,-23.750102],[-46.68352,-23.749992],[-46.68353,-23.749931],[-46.683503,-23.749901],[-46.683365,-23.749875]]]]}},{"type":"Feature","properties":{"id":"habi_obraurbanizacao2geosampa_ext.47","gid":47,"ID_Habitasampa":"490adc04-0075-45d8-9e5a-c94ddee4e235","Nome":"LOTE 2 - XAMBORÉS I E II","Agrupamento":"A DEFINIR MANANCIAIS","Estagio":"11 - PROJETO EM ANDAMENTO","ID_unico":"1195.100.100-u","Escopo":"PROJETO+OBRA","Responsavel":"SEHAB/SEPM","Programa_metas":"2025-2028","Estimativa_familias":416.0,"Previsao_entrega_obra":"dez-27","Estagio_mapeamento":"Projeto contratado","Area_m2":66005.67,"Distrito":"JARDIM ANGELA","Subprefeitura":"M BOI MIRIM","DTS":"MANANCIAIS"},"geometry":{"type":"MultiPolygon","coordinates":[[[[-46.775041,-23.71352],[-46.775224,-23.714043],[-46.775496,-23.714008],[-46.776248,-23.714123],[-46.776795,-23.714127],[-46.776908,-23.713985],[-46.777145,-23.713665],[-46.777502,-23.713199],[-46.777728,-23.712918],[-46.77783,-23.712547],[-46.777588,-23.712552],[-46.77755,-23.71244],[-46.776955,-23.7125],[-46.776956,-23.712501],[-46.776949,-23.7125],[-46.776817,-23.712914],[-46.776246,-23.713443],[-46.776166,-23.713482],[-46.776043,-23.713438],[-46.77536,-23.712751],[-46.774568,-23.711927],[-46.774434,-23.711542],[-46.77434,-23.711036],[-46.774486,-23.710608],[-46.775274,-23.709864],[-46.774924,-23.70952],[-46.772986,-23.71135],[-46.775041,-23.71352]]]]}},{"type":"Feature","properties":{"id":"habi_obraurbanizacao2geosampa_ext.95","gid":95,"ID_Habitasampa":"5d9a133d-fe09-4372-81e1-8d866fd451a3","Nome":"LOTE 8 - JARDIM SÃO NORBERTO - SUBPERÍMETRO 4","Agrupamento":"A DEFINIR MANANCIAIS","Estagio":"12 - PROJETO CONTRATADO E NÃO INICIADO","ID_unico":"1203.100.103-u","Escopo":"PROJETO+OBRA","Responsavel":"SEHAB/SEPM","Programa_metas":"","Estimativa_familias":550.0,"Previsao_entrega_obra":"Sem previsão","Estagio_mapeamento":"Projeto contratado","Area_m2":202420.71,"Distrito":"GRAJAU","Subprefeitura":"CAPELA DO SOCORRO","DTS":"MANANCIAIS"},"geometry":{"type":"MultiPolygon","coordinates":[[[[-46.702422,-23.819389],[-46.702606,-23.81876],[-46.702371,-23.818696],[-46.701968,-23.818466],[-46.701741,-23.818092],[-46.701628,-23.817734],[-46.701708,-23.817614],[-46.701706,-23.817562],[-46.700622,-23.817758],[-46.700626,-23.817835],[-46.699528,-23.81803],[-46.699296,-23.817778],[-46.698933,-23.818314],[-46.698661,-23.818441],[-46.698547,-23.818596],[-46.698569,-23.818919],[-46.698565,-23.818961],[-46.698473,-23.819454],[-46.698282,-23.820227],[-46.698281,-23.820248],[-46.698461,-23.820974],[-46.699011,-23.822372],[-46.698927,-23.823388],[-46.699175,-23.82364],[-46.700582,-23.823845],[-46.700706,-23.823585],[-46.700796,-23.823445],[-46.701051,-23.822771],[-46.700999,-23.822445],[-46.700924,-23.822224],[-46.701072,-23.822073],[-46.701695,-23.821796],[-46.701777,-23.821414],[-46.70178,-23.821367],[-46.701814,-23.821321],[-46.702382,-23.81953],[-46.702385,-23.819482],[-46.702422,-23.819389]]]]}},{"type":"Feature","properties":{"id":"habi_obraurbanizacao2geosampa_ext.33","gid":33,"ID_Habitasampa":"0834994d-5366-4158-b925-0b89776227cb","Nome":"LOTE 3 - ANGELO TARSINI","Agrupamento":"A DEFINIR MANANCIAIS","Estagio":"11 - PROJETO EM ANDAMENTO","ID_unico":"1179.101.iii-u","Escopo":"PROJETO+OBRA","Responsavel":"SEHAB/SEPM","Programa_metas":null,"Estimativa_familias":543.0,"Previsao_entrega_obra":"Sem previsão","Estagio_mapeamento":"Projeto contratado","Area_m2":52139.98,"Distrito":"JARDIM ANGELA","Subprefeitura":"M BOI MIRIM","DTS":"MANANCIAIS"},"geometry":{"type":"MultiPolygon","coordinates":[[[[-46.774922,-23.741598],[-46.775043,-23.741307],[-46.774918,-23.741305],[-46.774892,-23.741126],[-46.774894,-23.740975],[-46.774884,-23.740828],[-46.774785,-23.740689],[-46.774759,-23.740428],[-46.774797,-23.740297],[-46.774798,-23.740279],[-46.774825,-23.740184],[-46.77487,-23.739966],[-46.77496,-23.739697],[-46.77501,-23.739522],[-46.77507,-23.739113],[-46.775207,-23.738486],[-46.775261,-23.738273],[-46.775291,-23.738115],[-46.775349,-23.737842],[-46.775417,-23.737548],[-46.775544,-23.737133],[-46.775618,-23.736937],[-46.775743,-23.736752],[-46.77608,-23.736331],[-46.77622,-23.736164],[-46.776437,-23.735903],[-46.776501,-23.735812],[-46.776711,-23.73555],[-46.776936,-23.735279],[-46.777042,-23.735162],[-46.777143,-23.735043],[-46.77729,-23.734936],[-46.777382,-23.734857],[-46.77751,-23.734775],[-46.777632,-23.734692],[-46.777853,-23.734675],[-46.777937,-23.734615],[-46.777578,-23.734579],[-46.77722,-23.734771],[-46.776911,-23.735018],[-46.776786,-23.735038],[-46.776574,-23.735166],[-46.776473,-23.735214],[-46.776371,-23.735271],[-46.776301,-23.735333],[-46.77624,-23.735416],[-46.77618,-23.735501],[-46.776125,-23.735582],[-46.776063,-23.735651],[-46.776003,-23.735693],[-46.775901,-23.735727],[-46.775788,-23.735752],[-46.775685,-23.735784],[-46.775579,-23.735832],[-46.775464,-23.735916],[-46.775379,-23.73597],[-46.775326,-23.736005],[-46.775276,-23.736038],[-46.775189,-23.736104],[-46.775112,-23.736189],[-46.775051,-23.736292],[-46.775019,-23.736321],[-46.774958,-23.736409],[-46.774877,-23.73653],[-46.774816,-23.736618],[-46.774772,-23.736682],[-46.774755,-23.736706],[-46.774661,-23.73684],[-46.77462,-23.736929],[-46.774592,-23.737074],[-46.774616,-23.737402],[-46.774676,-23.737557],[-46.774676,-23.737604],[-46.774673,-23.737674],[-46.774666,-23.737732],[-46.77465,-23.737824],[-46.774646,-23.737931],[-46.774638,-23.738013],[-46.774627,-23.738071],[-46.774612,-23.73814],[-46.774591,-23.738234],[-46.774584,-23.73828],[-46.774569,-23.73835],[-46.774562,-23.738396],[-46.774558,-23.738475],[-46.774553,-23.73855],[-46.774513,-23.738789],[-46.774499,-23.738872],[-46.774483,-23.738941],[-46.774444,-23.73905],[-46.774414,-23.739104],[-46.774397,-23.739148],[-46.774383,-23.739205],[-46.774412,-23.739404],[-46.774376,-23.739577],[-46.774326,-23.739969],[-46.774356,-23.74012],[-46.774366,-23.740263],[-46.774326,-23.740536],[-46.774299,-23.740831],[-46.774328,-23.740971],[-46.774461,-23.74098],[-46.774495,-23.741188],[-46.774536,-23.741317],[-46.774578,-23.741503],[-46.774615,-23.741639],[-46.774759,-23.741688],[-46.774922,-23.741598]]]]}},{"type":"Feature","properties":{"id":"habi_obraurbanizacao2geosampa_ext.34","gid":34,"ID_Habitasampa":"83b1bac4-3e10-4889-8f0e-32da4a85ca9d","Nome":"PAI ORATÓRIO 1 - IGUAÇU; PLANALTO I, II E III","Agrupamento":"URBANIZAÇÃO COMPLEXA","Estagio":"08 - AÇÕES PRELIMINARES DE OBRA","ID_unico":"1120.103.iii-u","Escopo":"PROJETO+OBRA","Responsavel":"SEHAB/CFT-OBRA","Programa_metas":null,"Estimativa_familias":2229.0,"Previsao_entrega_obra":"Sem previsão","Estagio_mapeamento":"Projeto finalizado","Area_m2":106081.35,"Distrito":"SAPOPEMBA","Subprefeitura":"SAPOPEMBA","DTS":"SUDESTE"},"geometry":{"type":"MultiPolygon","coordinates":[[[[-46.521419,-23.611977],[-46.521454,-23.612021],[-46.521475,-23.612076],[-46.521491,-23.61213],[-46.521503,-23.612196],[-46.521503,-23.612261],[-46.521501,-23.612317],[-46.521489,-23.612414],[-46.521485,-23.612531],[-46.521418,-23.612676],[-46.521283,-23.612791],[-46.521186,-23.612867],[-46.521033,-23.612968],[-46.520968,-23.613065],[-46.520926,-23.613164],[-46.520887,-23.613297],[-46.520871,-23.613444],[-46.520885,-23.613546],[-46.520892,-23.613596],[-46.521026,-23.614183],[-46.520908,-23.614639],[-46.520776,-23.614844],[-46.520478,-23.615068],[-46.520121,-23.615177],[-46.519857,-23.615135],[-46.519666,-23.614986],[-46.519484,-23.615021],[-46.519262,-23.615043],[-46.519255,-23.615309],[-46.519329,-23.61543],[-46.519366,-23.615498],[-46.519572,-23.615416],[-46.51992,-23.615343],[-46.520336,-23.615241],[-46.520695,-23.615117],[-46.520817,-23.615017],[-46.520909,-23.614911],[-46.521072,-23.614615],[-46.521176,-23.614415],[-46.521276,-23.61419],[-46.521267,-23.614159],[-46.521266,-23.614128],[-46.521295,-23.614066],[-46.52135,-23.614014],[-46.521398,-23.613976],[-46.52159,-23.613851],[-46.521684,-23.613798],[-46.521793,-23.613759],[-46.521907,-23.613727],[-46.522008,-23.613684],[-46.522282,-23.613578],[-46.522406,-23.613451],[-46.522451,-23.613341],[-46.522503,-23.61319],[-46.522519,-23.613071],[-46.52248,-23.612913],[-46.522465,-23.612819],[-46.522419,-23.612733],[-46.522263,-23.612594],[-46.522061,-23.612447],[-46.521827,-23.612176],[-46.521748,-23.612059],[-46.521662,-23.611943],[-46.521661,-23.611866],[-46.521656,-23.611855],[-46.521643,-23.611845],[-46.521643,-23.611789],[-46.521587,-23.611701],[-46.521654,-23.611632],[-46.521615,-23.611562],[-46.521535,-23.611504],[-46.521267,-23.611257],[-46.521273,-23.611145],[-46.521151,-23.611013],[-46.521019,-23.610878],[-46.520928,-23.610847],[-46.520805,-23.610826],[-46.52079,-23.610944],[-46.520744,-23.611064],[-46.520604,-23.611281],[-46.520527,-23.611384],[-46.520859,-23.611604],[-46.5211,-23.611762],[-46.521331,-23.611907],[-46.521381,-23.611957],[-46.521419,-23.611977]]],[[[-46.516128,-23.608879],[-46.516062,-23.608923],[-46.515882,-23.608986],[-46.515682,-23.608988],[-46.515361,-23.60896],[-46.514986,-23.608927],[-46.514779,-23.608923],[-46.514587,-23.609005],[-46.514474,-23.60908],[-46.514475,-23.609141],[-46.514569,-23.609239],[-46.514777,-23.60928],[-46.515218,-23.609288],[-46.515632,-23.609321],[-46.516307,-23.609351],[-46.517062,-23.609375],[-46.517088,-23.609301],[-46.516234,-23.608786],[-46.516128,-23.608879]]],[[[-46.520566,-23.610803],[-46.520463,-23.610802],[-46.520376,-23.610809],[-46.520261,-23.610793],[-46.519485,-23.610396],[-46.519353,-23.610026],[-46.518465,-23.609481],[-46.518102,-23.609275],[-46.517793,-23.609106],[-46.517389,-23.608802],[-46.517091,-23.608436],[-46.517033,-23.608339],[-46.517012,-23.608228],[-46.517042,-23.608156],[-46.517087,-23.608104],[-46.516909,-23.607736],[-46.516829,-23.607712],[-46.516265,-23.607423],[-46.515978,-23.606884],[-46.515853,-23.606504],[-46.515837,-23.606208],[-46.51554,-23.60594],[-46.515189,-23.606175],[-46.514964,-23.606335],[-46.514833,-23.606433],[-46.514748,-23.60659],[-46.514951,-23.606664],[-46.515053,-23.606722],[-46.515162,-23.606806],[-46.515256,-23.606948],[-46.515273,-23.607112],[-46.515104,-23.607532],[-46.515057,-23.607744],[-46.515125,-23.607954],[-46.515253,-23.608086],[-46.515863,-23.60846],[-46.518055,-23.60983],[-46.520513,-23.611378],[-46.520602,-23.611259],[-46.520629,-23.611214],[-46.520675,-23.611138],[-46.520723,-23.611065],[-46.520747,-23.611009],[-46.520761,-23.610946],[-46.52077,-23.610906],[-46.520775,-23.610872],[-46.520781,-23.61084],[-46.520648,-23.610803],[-46.520566,-23.610803]]]]}},{"type":"Feature","properties":{"id":"habi_obraurbanizacao2geosampa_ext.42","gid":42,"ID_Habitasampa":"386eefd8-a621-4cb3-8e2b-c85cc1b93592","Nome":"LOTE 2 - VILA SANTA ZÉLIA A","Agrupamento":"A DEFINIR MANANCIAIS","Estagio":"12 - PROJETO CONTRATADO E NÃO INICIADO","ID_unico":"1178.100.100-u","Escopo":"PROJETO+OBRA","Responsavel":"SEHAB/SEPM","Programa_metas":"2025-2028","Estimativa_familias":181.0,"Previsao_entrega_obra":"dez-27","Estagio_mapeamento":"Projeto contratado","Area_m2":11457.67,"Distrito":"JARDIM ANGELA","Subprefeitura":"M BOI MIRIM","DTS":"MANANCIAIS"},"geometry":{"type":"MultiPolygon","coordinates":[[[[-46.766412,-23.682633],[-46.766463,-23.682637],[-46.766658,-23.682016],[-46.76664,-23.681995],[-46.766636,-23.681997],[-46.766632,-23.682],[-46.766627,-23.682002],[-46.766623,-23.682004],[-46.766618,-23.682006],[-46.766613,-23.682007],[-46.766609,-23.682008],[-46.766604,-23.682009],[-46.766599,-23.68201],[-46.766594,-23.68201],[-46.766589,-23.68201],[-46.766584,-23.68201],[-46.766579,-23.682009],[-46.766574,-23.682008],[-46.766569,-23.682007],[-46.766564,-23.682006],[-46.766559,-23.682004],[-46.766555,-23.682002],[-46.766551,-23.682],[-46.766546,-23.681997],[-46.766542,-23.681994],[-46.766539,-23.681991],[-46.765842,-23.681405],[-46.765839,-23.681402],[-46.765835,-23.681399],[-46.765831,-23.681397],[-46.765826,-23.681394],[-46.765822,-23.681392],[-46.765818,-23.681391],[-46.765813,-23.681389],[-46.765808,-23.681388],[-46.765803,-23.681387],[-46.765798,-23.681386],[-46.765794,-23.681386],[-46.765789,-23.681386],[-46.765784,-23.681386],[-46.765779,-23.681387],[-46.765774,-23.681387],[-46.765769,-23.681388],[-46.765765,-23.68139],[-46.76576,-23.681391],[-46.765755,-23.681393],[-46.765751,-23.681395],[-46.765747,-23.681397],[-46.765743,-23.6814],[-46.765739,-23.681403],[-46.765735,-23.681406],[-46.765732,-23.681409],[-46.765686,-23.681452],[-46.765743,-23.681769],[-46.765799,-23.682101],[-46.765815,-23.682108],[-46.76583,-23.682115],[-46.765844,-23.682123],[-46.765859,-23.682132],[-46.765872,-23.682141],[-46.765885,-23.682152],[-46.765897,-23.682163],[-46.765908,-23.682175],[-46.765918,-23.682188],[-46.765927,-23.682201],[-46.765936,-23.682215],[-46.765943,-23.682229],[-46.76595,-23.682243],[-46.765955,-23.682258],[-46.76596,-23.682273],[-46.765963,-23.682289],[-46.765973,-23.682345],[-46.76598,-23.682398],[-46.765984,-23.682452],[-46.765984,-23.682506],[-46.76598,-23.68256],[-46.765973,-23.682613],[-46.765962,-23.682666],[-46.765947,-23.682718],[-46.765928,-23.682769],[-46.765868,-23.682917],[-46.765852,-23.682954],[-46.765833,-23.68299],[-46.765812,-23.683025],[-46.765788,-23.683059],[-46.765762,-23.683091],[-46.765734,-23.683122],[-46.765705,-23.683151],[-46.765673,-23.683178],[-46.76564,-23.683203],[-46.765604,-23.683227],[-46.7656,-23.68323],[-46.765597,-23.683233],[-46.765593,-23.683236],[-46.76559,-23.683239],[-46.765586,-23.683243],[-46.765584,-23.683246],[-46.765581,-23.68325],[-46.765578,-23.683254],[-46.765576,-23.683258],[-46.765575,-23.683263],[-46.765573,-23.683267],[-46.765572,-23.683272],[-46.765571,-23.683276],[-46.76557,-23.683281],[-46.76557,-23.683285],[-46.76557,-23.68329],[-46.765571,-23.683294],[-46.765571,-23.683299],[-46.765572,-23.683303],[-46.765574,-23.683308],[-46.765575,-23.683312],[-46.765577,-23.683316],[-46.765579,-23.68332],[-46.765582,-23.683324],[-46.765584,-23.683328],[-46.765587,-23.683332],[-46.765591,-23.683335],[-46.765594,-23.683339],[-46.765598,-23.683342],[-46.765602,-23.683345],[-46.765772,-23.683462],[-46.765776,-23.683464],[-46.765781,-23.683467],[-46.765785,-23.683469],[-46.765789,-23.683471],[-46.765794,-23.683472],[-46.765799,-23.683474],[-46.765804,-23.683475],[-46.765808,-23.683475],[-46.765813,-23.683476],[-46.765818,-23.683476],[-46.765823,-23.683476],[-46.765828,-23.683476],[-46.765833,-23.683475],[-46.765838,-23.683474],[-46.765842,-23.683473],[-46.765847,-23.683471],[-46.765852,-23.68347],[-46.765856,-23.683468],[-46.76586,-23.683465],[-46.765864,-23.683463],[-46.765868,-23.68346],[-46.765872,-23.683457],[-46.765876,-23.683454],[-46.765879,-23.683451],[-46.765882,-23.683447],[-46.76612,-23.683153],[-46.766124,-23.683148],[-46.766129,-23.683144],[-46.766133,-23.68314],[-46.766138,-23.683136],[-46.766143,-23.683133],[-46.766148,-23.683129],[-46.766154,-23.683127],[-46.766159,-23.683124],[-46.766165,-23.683122],[-46.766171,-23.68312],[-46.766177,-23.683119],[-46.766183,-23.683117],[-46.766189,-23.683117],[-46.766196,-23.683116],[-46.766202,-23.683116],[-46.766208,-23.683117],[-46.766412,-23.682633]]]]}},{"type":"Feature","properties":{"id":"habi_obraurbanizacao2geosampa_ext.35","gid":35,"ID_Habitasampa":"88fd1f42-542c-4c90-84e6-8f3338423194","Nome":"JARDIM ELISA MARIA","Agrupamento":"URBANIZAÇÃO COMPLEXA","Estagio":"06 - EDITAL DE OBRA PUBLICADO","ID_unico":"1167.100.iii-u","Escopo":"PROJETO+OBRA","Responsavel":"SEHAB/CFT-OBRA","Programa_metas":null,"Estimativa_familias":1285.0,"Previsao_entrega_obra":"Sem previsão","Estagio_mapeamento":"Projeto finalizado","Area_m2":53180.35,"Distrito":"BRASILANDIA","Subprefeitura":"FREGUESIA-BRASILANDIA","DTS":"NORTE"},"geometry":{"type":"MultiPolygon","coordinates":[[[[-46.685483,-23.457182],[-46.685718,-23.457351],[-46.685718,-23.457351],[-46.68572,-23.457352],[-46.685721,-23.457353],[-46.685723,-23.457354],[-46.685724,-23.457355],[-46.685725,-23.457357],[-46.685727,-23.457358],[-46.685728,-23.457359],[-46.685729,-23.457361],[-46.68573,-23.457362],[-46.685731,-23.457364],[-46.685731,-23.457365],[-46.685732,-23.457367],[-46.685732,-23.457369],[-46.685733,-23.45737],[-46.685733,-23.457372],[-46.685733,-23.457374],[-46.685733,-23.457376],[-46.685733,-23.457377],[-46.685732,-23.457379],[-46.685732,-23.457381],[-46.685731,-23.457382],[-46.685731,-23.457384],[-46.685588,-23.457553],[-46.685561,-23.457585],[-46.685342,-23.457831],[-46.685458,-23.457915],[-46.68543,-23.457951],[-46.685397,-23.45799],[-46.685367,-23.458025],[-46.685337,-23.45806],[-46.685306,-23.458099],[-46.685278,-23.458132],[-46.685251,-23.458164],[-46.685218,-23.458203],[-46.685187,-23.458239],[-46.685161,-23.458272],[-46.685129,-23.458309],[-46.685099,-23.458344],[-46.685069,-23.458381],[-46.685038,-23.458418],[-46.685008,-23.458453],[-46.684979,-23.458489],[-46.68495,-23.458523],[-46.68492,-23.458558],[-46.684889,-23.458595],[-46.684861,-23.458633],[-46.684824,-23.458684],[-46.684757,-23.45878],[-46.684777,-23.458791],[-46.684787,-23.458796],[-46.684824,-23.458819],[-46.68489,-23.458849],[-46.68489,-23.458849],[-46.684932,-23.458863],[-46.684987,-23.458879],[-46.685022,-23.458887],[-46.685056,-23.458891],[-46.685093,-23.458892],[-46.685161,-23.458893],[-46.685233,-23.458886],[-46.685233,-23.458886],[-46.685272,-23.458879],[-46.68531,-23.458869],[-46.68531,-23.458869],[-46.685355,-23.458854],[-46.685399,-23.458837],[-46.685441,-23.458817],[-46.685508,-23.458776],[-46.685557,-23.45874],[-46.685591,-23.458714],[-46.68562,-23.45869],[-46.685668,-23.458647],[-46.685707,-23.458617],[-46.68574,-23.458589],[-46.685747,-23.458583],[-46.685866,-23.458489],[-46.685976,-23.458406],[-46.686062,-23.458349],[-46.686065,-23.458353],[-46.686157,-23.458304],[-46.686161,-23.45831],[-46.686194,-23.458293],[-46.68619,-23.458285],[-46.686275,-23.45825],[-46.686278,-23.458257],[-46.686445,-23.458197],[-46.686487,-23.458179],[-46.686655,-23.458118],[-46.68674,-23.458095],[-46.686841,-23.458069],[-46.686841,-23.458069],[-46.686874,-23.458068],[-46.686907,-23.458069],[-46.68694,-23.458073],[-46.686972,-23.458078],[-46.687078,-23.458112],[-46.687138,-23.458141],[-46.687132,-23.458151],[-46.68717,-23.45817],[-46.687227,-23.458216],[-46.687281,-23.458307],[-46.687302,-23.458357],[-46.687337,-23.458523],[-46.687356,-23.458588],[-46.687352,-23.45859],[-46.687382,-23.458715],[-46.687376,-23.458716],[-46.687414,-23.458877],[-46.687435,-23.458871],[-46.687434,-23.458853],[-46.687425,-23.458793],[-46.687383,-23.458583],[-46.687336,-23.45841],[-46.68732,-23.458255],[-46.68732,-23.458255],[-46.687308,-23.457724],[-46.687317,-23.457606],[-46.687317,-23.457606],[-46.687391,-23.457187],[-46.687391,-23.457187],[-46.687398,-23.457084],[-46.687399,-23.456982],[-46.687399,-23.456982],[-46.68737,-23.456554],[-46.687366,-23.456527],[-46.687352,-23.456448],[-46.687352,-23.456448],[-46.687363,-23.456255],[-46.687357,-23.456202],[-46.687351,-23.456147],[-46.687351,-23.456147],[-46.687344,-23.456093],[-46.687334,-23.45604],[-46.687317,-23.455935],[-46.687317,-23.455935],[-46.687283,-23.455808],[-46.687244,-23.455681],[-46.687208,-23.455481],[-46.687208,-23.455481],[-46.687193,-23.455382],[-46.687185,-23.455281],[-46.687185,-23.455281],[-46.687185,-23.455281],[-46.687185,-23.455281],[-46.687185,-23.455281],[-46.687082,-23.454953],[-46.68699,-23.454866],[-46.686835,-23.454853],[-46.686835,-23.454853],[-46.686832,-23.454852],[-46.686828,-23.45485],[-46.686825,-23.454849],[-46.686822,-23.454847],[-46.686819,-23.454845],[-46.686816,-23.454843],[-46.686814,-23.454841],[-46.686669,-23.454597],[-46.686592,-23.454637],[-46.686592,-23.454637],[-46.686589,-23.454635],[-46.686587,-23.454635],[-46.686584,-23.454634],[-46.686582,-23.454633],[-46.686579,-23.454633],[-46.686576,-23.454633],[-46.686573,-23.454633],[-46.68657,-23.454633],[-46.686568,-23.454633],[-46.686565,-23.454633],[-46.686562,-23.454634],[-46.686562,-23.454634],[-46.686562,-23.454634],[-46.686562,-23.454634],[-46.686562,-23.454634],[-46.686562,-23.454634],[-46.686562,-23.454634],[-46.686562,-23.454634],[-46.686562,-23.454634],[-46.686565,-23.454647],[-46.686565,-23.454647],[-46.686568,-23.454647],[-46.686571,-23.454647],[-46.686574,-23.454647],[-46.686577,-23.454647],[-46.686581,-23.454647],[-46.686584,-23.454648],[-46.686587,-23.454649],[-46.68659,-23.45465],[-46.686592,-23.454651],[-46.686595,-23.454653],[-46.686598,-23.454654],[-46.6866,-23.454656],[-46.686603,-23.454658],[-46.686605,-23.45466],[-46.686607,-23.454662],[-46.686757,-23.454917],[-46.686757,-23.454917],[-46.686759,-23.45492],[-46.686761,-23.454923],[-46.686762,-23.454926],[-46.686763,-23.454929],[-46.686764,-23.454933],[-46.686765,-23.454936],[-46.686765,-23.454939],[-46.686765,-23.454943],[-46.686765,-23.454946],[-46.686765,-23.45495],[-46.686766,-23.455016],[-46.686766,-23.455016],[-46.686767,-23.455022],[-46.686768,-23.455027],[-46.68677,-23.455032],[-46.686772,-23.455037],[-46.686775,-23.455042],[-46.686778,-23.455047],[-46.686795,-23.455064],[-46.686811,-23.455081],[-46.686903,-23.455168],[-46.686718,-23.455432],[-46.686768,-23.455466],[-46.686673,-23.455564],[-46.686664,-23.45559],[-46.686652,-23.455602],[-46.686538,-23.455739],[-46.686469,-23.455836],[-46.686472,-23.45585],[-46.686386,-23.455996],[-46.686379,-23.455993],[-46.686284,-23.456152],[-46.686275,-23.456147],[-46.686222,-23.456222],[-46.686227,-23.456225],[-46.686219,-23.456234],[-46.686175,-23.456283],[-46.686148,-23.456316],[-46.686201,-23.456353],[-46.686135,-23.456434],[-46.686097,-23.456408],[-46.686043,-23.45647],[-46.686077,-23.456496],[-46.686043,-23.456538],[-46.68594,-23.456648],[-46.685814,-23.456803],[-46.685794,-23.456827],[-46.685617,-23.457031],[-46.685566,-23.456993],[-46.685539,-23.457025],[-46.685579,-23.457055],[-46.68554,-23.457101],[-46.685544,-23.457109],[-46.685483,-23.457182]]]]}},{"type":"Feature","properties":{"id":"habi_obraurbanizacao2geosampa_ext.36","gid":36,"ID_Habitasampa":"87d3cfdb-0c9d-4f11-a1a3-27a46f8db4a9","Nome":"LOTE 6 - JARDIM GAIVOTAS II","Agrupamento":"URB SIMPLES S/ REMOÇĂO MANANCIAIS","Estagio":"03 - OBRA EM ANDAMENTO","ID_unico":"1145.102.100-u","Escopo":"PROJETO+OBRA","Responsavel":"SEHAB/SEPM","Programa_metas":null,"Estimativa_familias":375.0,"Previsao_entrega_obra":"dez-26","Estagio_mapeamento":"Obra contratada","Area_m2":193713.65,"Distrito":"GRAJAU","Subprefeitura":"CAPELA DO SOCORRO","DTS":"MANANCIAIS"},"geometry":{"type":"MultiPolygon","coordinates":[[[[-46.668192,-23.727909],[-46.666246,-23.729053],[-46.665796,-23.729212],[-46.665278,-23.729224],[-46.665072,-23.729308],[-46.664841,-23.729543],[-46.664697,-23.729841],[-46.664616,-23.730142],[-46.664563,-23.730327],[-46.664441,-23.730183],[-46.664063,-23.730003],[-46.663658,-23.729968],[-46.663308,-23.729782],[-46.662723,-23.729331],[-46.66256,-23.728987],[-46.662462,-23.728328],[-46.662708,-23.727292],[-46.663017,-23.72652],[-46.663251,-23.725804],[-46.663618,-23.724456],[-46.664088,-23.724504],[-46.664741,-23.724753],[-46.665106,-23.724926],[-46.665447,-23.725116],[-46.665756,-23.725329],[-46.665882,-23.725847],[-46.665688,-23.726218],[-46.665418,-23.726542],[-46.665146,-23.726838],[-46.664913,-23.726982],[-46.664708,-23.727135],[-46.664456,-23.727434],[-46.664039,-23.72786],[-46.664116,-23.728056],[-46.665126,-23.727531],[-46.665279,-23.727621],[-46.665346,-23.727318],[-46.665897,-23.727076],[-46.666037,-23.726866],[-46.666568,-23.726627],[-46.666732,-23.726595],[-46.666861,-23.726608],[-46.667175,-23.72674],[-46.667721,-23.727273],[-46.668068,-23.727601],[-46.668209,-23.727761],[-46.668192,-23.727909]]]]}},{"type":"Feature","properties":{"id":"habi_obraurbanizacao2geosampa_ext.37","gid":37,"ID_Habitasampa":"e15c6a2a-1af2-43b1-a611-bd9ab4b1ab0a","Nome":"LOTE 6 - CANTINHO DO CÉU - SUBPERÍMETRO 7","Agrupamento":"URBANIZAÇÃO COMPLEXA MANANCIAIS","Estagio":"12 - PROJETO CONTRATADO E NÃO INICIADO","ID_unico":"1190.100.105-u","Escopo":"PROJETO+OBRA","Responsavel":"SEHAB/SEPM","Programa_metas":null,"Estimativa_familias":443.0,"Previsao_entrega_obra":"Sem previsão","Estagio_mapeamento":"Projeto contratado","Area_m2":257994.74,"Distrito":"GRAJAU","Subprefeitura":"CAPELA DO SOCORRO","DTS":"MANANCIAIS"},"geometry":{"type":"MultiPolygon","coordinates":[[[[-46.661466,-23.732687],[-46.661521,-23.732494],[-46.661499,-23.732371],[-46.661341,-23.732081],[-46.661353,-23.731951],[-46.661404,-23.731847],[-46.661515,-23.731739],[-46.661856,-23.73161],[-46.66202,-23.731442],[-46.661893,-23.731442],[-46.661841,-23.731401],[-46.661753,-23.731408],[-46.661623,-23.731351],[-46.661399,-23.731199],[-46.661213,-23.731149],[-46.660907,-23.731222],[-46.660677,-23.731161],[-46.660491,-23.731003],[-46.660317,-23.730699],[-46.660001,-23.729865],[-46.660323,-23.728888],[-46.660476,-23.728798],[-46.660721,-23.728741],[-46.660854,-23.728672],[-46.661166,-23.728366],[-46.661653,-23.727591],[-46.661894,-23.726714],[-46.661892,-23.725489],[-46.662086,-23.724946],[-46.662527,-23.724636],[-46.663089,-23.724534],[-46.663618,-23.724456],[-46.663251,-23.725804],[-46.663017,-23.72652],[-46.662708,-23.727292],[-46.662462,-23.728328],[-46.66256,-23.728987],[-46.662723,-23.729331],[-46.663308,-23.729782],[-46.663658,-23.729968],[-46.664063,-23.730003],[-46.664441,-23.730183],[-46.664563,-23.730327],[-46.664761,-23.730527],[-46.664939,-23.731323],[-46.664895,-23.731473],[-46.664738,-23.732042],[-46.664289,-23.733167],[-46.663553,-23.73418],[-46.664016,-23.734689],[-46.664016,-23.734689],[-46.663364,-23.734551],[-46.663293,-23.734488],[-46.66298,-23.734504],[-46.66244,-23.734672],[-46.661886,-23.734856],[-46.661791,-23.73318],[-46.661466,-23.732687]]]]}},{"type":"Feature","properties":{"id":"habi_obraurbanizacao2geosampa_ext.38","gid":38,"ID_Habitasampa":"dc47b0e4-b047-4c5a-8e9c-189362992ca1","Nome":"LOTE 8 - VARGEM GRANDE - SUBPERÍMETRO 1 (Etapa 1)","Agrupamento":"URBANIZAÇÃO COMPLEXA MANANCIAIS","Estagio":"01 - OBRA CONCLUÍDA","ID_unico":"1219.100.100-u","Escopo":"PROJETO+OBRA","Responsavel":"SEHAB/SEPM","Programa_metas":"2025-2028","Estimativa_familias":1041.0,"Previsao_entrega_obra":"Não se aplica","Estagio_mapeamento":"Obra contratada","Area_m2":184467.0,"Distrito":"PARELHEIROS","Subprefeitura":"PARELHEIROS","DTS":"MANANCIAIS"},"geometry":{"type":"MultiPolygon","coordinates":[[[[-46.714876,-23.867613],[-46.714924,-23.867531],[-46.715017,-23.867425],[-46.715085,-23.867291],[-46.715157,-23.867184],[-46.715173,-23.867092],[-46.714668,-23.86701],[-46.713523,-23.866899],[-46.709924,-23.866571],[-46.709455,-23.866538],[-46.709603,-23.864998],[-46.708415,-23.864886],[-46.708561,-23.863429],[-46.707511,-23.8633],[-46.707562,-23.862197],[-46.702667,-23.861697],[-46.702488,-23.863151],[-46.707479,-23.863594],[-46.707953,-23.863677],[-46.707814,-23.864934],[-46.709012,-23.865046],[-46.708855,-23.866473],[-46.709445,-23.866548],[-46.709478,-23.866614],[-46.7094,-23.867675],[-46.711659,-23.867857],[-46.71343,-23.868088],[-46.71483,-23.868314],[-46.714876,-23.867613]]],[[[-46.70891,-23.859038],[-46.709016,-23.85822],[-46.708324,-23.858158],[-46.708465,-23.859002],[-46.70891,-23.859038]]],[[[-46.708071,-23.857553],[-46.70813,-23.856925],[-46.707745,-23.856891],[-46.707678,-23.857511],[-46.708071,-23.857553]]]]}},{"type":"Feature","properties":{"id":"habi_obraurbanizacao2geosampa_ext.45","gid":45,"ID_Habitasampa":"7595e31c-c8b3-480d-9ca0-3c44ab0b1ce5","Nome":"LOTE 1 - BOULEVARD DA PAZ A - SUBPERÍMETRO 3","Agrupamento":"URBANIZAÇÃO COMPLEXA MANANCIAIS","Estagio":"03 - OBRA EM ANDAMENTO","ID_unico":"1107.101.102-u","Escopo":"PROJETO+OBRA","Responsavel":"SEHAB/SEPM","Programa_metas":"2025-2028","Estimativa_familias":913.0,"Previsao_entrega_obra":"out-27","Estagio_mapeamento":"Obra contratada","Area_m2":150156.59,"Distrito":"JARDIM ANGELA","Subprefeitura":"M BOI MIRIM","DTS":"MANANCIAIS"},"geometry":{"type":"MultiPolygon","coordinates":[[[[-46.787999,-23.695012],[-46.78795,-23.695066],[-46.787826,-23.695214],[-46.787742,-23.695314],[-46.787746,-23.695317],[-46.787695,-23.695381],[-46.787657,-23.695431],[-46.787618,-23.695481],[-46.787556,-23.695555],[-46.787526,-23.695601],[-46.787459,-23.695688],[-46.78744,-23.695708],[-46.787346,-23.695831],[-46.787324,-23.695858],[-46.787306,-23.695882],[-46.787276,-23.695921],[-46.787297,-23.695966],[-46.787306,-23.695998],[-46.787309,-23.695999],[-46.787308,-23.696001],[-46.787311,-23.696048],[-46.787127,-23.695997],[-46.787114,-23.696043],[-46.787101,-23.696089],[-46.787087,-23.696142],[-46.787086,-23.696146],[-46.787079,-23.69617],[-46.787076,-23.696179],[-46.787065,-23.69622],[-46.787054,-23.69626],[-46.787051,-23.696269],[-46.787043,-23.696299],[-46.787002,-23.696283],[-46.786935,-23.696258],[-46.786908,-23.696344],[-46.786874,-23.696388],[-46.786846,-23.696407],[-46.786842,-23.696412],[-46.785783,-23.697661],[-46.785611,-23.69788],[-46.785675,-23.69798],[-46.785665,-23.698011],[-46.785544,-23.69805],[-46.786037,-23.698645],[-46.786597,-23.698295],[-46.786662,-23.698455],[-46.786668,-23.698465],[-46.786674,-23.698474],[-46.786681,-23.698484],[-46.786689,-23.698493],[-46.786697,-23.698501],[-46.786706,-23.698509],[-46.786715,-23.698516],[-46.786725,-23.698523],[-46.786735,-23.698529],[-46.78683,-23.698584],[-46.786911,-23.698622],[-46.787221,-23.698829],[-46.787298,-23.698884],[-46.787446,-23.698994],[-46.787462,-23.699005],[-46.787479,-23.699015],[-46.787496,-23.699024],[-46.787663,-23.699103],[-46.787675,-23.699108],[-46.787687,-23.699112],[-46.7877,-23.699116],[-46.787713,-23.699119],[-46.787725,-23.699121],[-46.787738,-23.699122],[-46.787752,-23.699123],[-46.787765,-23.699122],[-46.787778,-23.699121],[-46.787791,-23.699119],[-46.787803,-23.699117],[-46.787965,-23.699077],[-46.787983,-23.699073],[-46.788002,-23.69907],[-46.78802,-23.699068],[-46.788039,-23.699067],[-46.788058,-23.699068],[-46.788077,-23.699069],[-46.788095,-23.699072],[-46.788238,-23.699095],[-46.788271,-23.6991],[-46.788305,-23.699102],[-46.788338,-23.699102],[-46.788371,-23.6991],[-46.788404,-23.699096],[-46.788492,-23.699082],[-46.788511,-23.69908],[-46.78853,-23.699078],[-46.788549,-23.699078],[-46.788569,-23.699079],[-46.788588,-23.699081],[-46.788607,-23.699085],[-46.788625,-23.699089],[-46.788643,-23.699094],[-46.788661,-23.699101],[-46.788679,-23.699108],[-46.788696,-23.699117],[-46.788831,-23.699191],[-46.788841,-23.699196],[-46.78885,-23.699202],[-46.789019,-23.699317],[-46.789031,-23.699325],[-46.789042,-23.699335],[-46.789052,-23.699345],[-46.789062,-23.699355],[-46.789071,-23.699367],[-46.789079,-23.699378],[-46.789086,-23.69939],[-46.789093,-23.699403],[-46.789098,-23.699416],[-46.789103,-23.699429],[-46.789106,-23.699443],[-46.789109,-23.699456],[-46.78911,-23.69947],[-46.789111,-23.699484],[-46.78911,-23.699498],[-46.789109,-23.699512],[-46.789106,-23.699526],[-46.789105,-23.699543],[-46.789104,-23.699561],[-46.789105,-23.699579],[-46.789107,-23.699596],[-46.789111,-23.699614],[-46.789115,-23.699631],[-46.789121,-23.699648],[-46.789128,-23.699664],[-46.789136,-23.69968],[-46.789146,-23.699696],[-46.789156,-23.699711],[-46.789168,-23.699725],[-46.78918,-23.699739],[-46.78947,-23.700028],[-46.789481,-23.70004],[-46.789492,-23.700052],[-46.789501,-23.700065],[-46.78951,-23.700078],[-46.789518,-23.700092],[-46.789525,-23.700106],[-46.789531,-23.70012],[-46.789545,-23.700156],[-46.789557,-23.700183],[-46.78957,-23.700209],[-46.789586,-23.700234],[-46.789603,-23.700258],[-46.789622,-23.700281],[-46.789642,-23.700303],[-46.789664,-23.700324],[-46.789688,-23.700343],[-46.789956,-23.70055],[-46.790065,-23.700635],[-46.790099,-23.700659],[-46.78998,-23.699477],[-46.789973,-23.699013],[-46.789969,-23.698726],[-46.790265,-23.698723],[-46.79027,-23.698722],[-46.790275,-23.698722],[-46.790281,-23.698721],[-46.790286,-23.69872],[-46.790291,-23.698718],[-46.790296,-23.698716],[-46.790301,-23.698714],[-46.790305,-23.698712],[-46.79031,-23.698709],[-46.790314,-23.698706],[-46.790318,-23.698702],[-46.790322,-23.698699],[-46.790325,-23.698695],[-46.790328,-23.698691],[-46.790331,-23.698687],[-46.790334,-23.698683],[-46.790336,-23.698678],[-46.790338,-23.698674],[-46.790339,-23.698669],[-46.790341,-23.698664],[-46.790341,-23.698659],[-46.790342,-23.698654],[-46.790342,-23.698649],[-46.790339,-23.698427],[-46.790339,-23.698422],[-46.790338,-23.698417],[-46.790337,-23.698413],[-46.790336,-23.698408],[-46.790334,-23.698403],[-46.790332,-23.698399],[-46.79033,-23.698394],[-46.790327,-23.69839],[-46.790324,-23.698386],[-46.790321,-23.698382],[-46.790317,-23.698378],[-46.790314,-23.698375],[-46.790309,-23.698372],[-46.790305,-23.698369],[-46.790301,-23.698366],[-46.790296,-23.698364],[-46.790291,-23.698362],[-46.790286,-23.69836],[-46.790281,-23.698358],[-46.790276,-23.698357],[-46.790271,-23.698357],[-46.790265,-23.698356],[-46.790068,-23.698345],[-46.790065,-23.698345],[-46.790062,-23.698344],[-46.790059,-23.698344],[-46.790055,-23.698343],[-46.790052,-23.698342],[-46.790049,-23.69834],[-46.790046,-23.698339],[-46.790043,-23.698337],[-46.790041,-23.698336],[-46.790038,-23.698334],[-46.790036,-23.698331],[-46.790034,-23.698329],[-46.790032,-23.698327],[-46.79003,-23.698324],[-46.790028,-23.698321],[-46.790027,-23.698319],[-46.790025,-23.698316],[-46.790024,-23.698313],[-46.790023,-23.69831],[-46.790023,-23.698307],[-46.790022,-23.698304],[-46.790022,-23.698301],[-46.790016,-23.69784],[-46.790015,-23.697824],[-46.790013,-23.697808],[-46.79001,-23.697792],[-46.790006,-23.697776],[-46.79,-23.697761],[-46.789993,-23.697746],[-46.789985,-23.697731],[-46.789905,-23.697593],[-46.7899,-23.697583],[-46.789895,-23.697572],[-46.78989,-23.697561],[-46.789887,-23.69755],[-46.789884,-23.697539],[-46.789774,-23.697012],[-46.789768,-23.696981],[-46.789657,-23.696323],[-46.789654,-23.696311],[-46.789653,-23.696298],[-46.789653,-23.696285],[-46.789487,-23.696099],[-46.789422,-23.696025],[-46.789328,-23.695916],[-46.789217,-23.695785],[-46.789128,-23.695682],[-46.789042,-23.69558],[-46.788956,-23.695481],[-46.788868,-23.69538],[-46.788633,-23.695109],[-46.78861,-23.695079],[-46.788683,-23.695014],[-46.788736,-23.694996],[-46.788742,-23.694981],[-46.788669,-23.69493],[-46.788558,-23.694892],[-46.788507,-23.69487],[-46.78839,-23.694805],[-46.788388,-23.694809],[-46.788338,-23.694784],[-46.788294,-23.694767],[-46.788263,-23.694755],[-46.788265,-23.694751],[-46.788196,-23.694713],[-46.788081,-23.694884],[-46.788059,-23.694924],[-46.787999,-23.695011],[-46.787999,-23.695012]]]]}},{"type":"Feature","properties":{"id":"habi_obraurbanizacao2geosampa_ext.46","gid":46,"ID_Habitasampa":"80e4da64-bfd7-4a7f-9c6d-e7d8a0b8e444","Nome":"LOTE 2 - JARARAÚ II","Agrupamento":"URBANIZAÇÃO COMPLEXA MANANCIAIS","Estagio":"03 - OBRA EM ANDAMENTO","ID_unico":"1218.100.100-u","Escopo":"PROJETO+OBRA","Responsavel":"SEHAB/SEPM","Programa_metas":"2025-2028","Estimativa_familias":194.0,"Previsao_entrega_obra":"dez-27","Estagio_mapeamento":"Obra contratada","Area_m2":63144.11,"Distrito":"JARDIM ANGELA","Subprefeitura":"M BOI MIRIM","DTS":"MANANCIAIS"},"geometry":{"type":"MultiPolygon","coordinates":[[[[-46.793316,-23.710415],[-46.793265,-23.710344],[-46.793169,-23.710297],[-46.793113,-23.710199],[-46.793107,-23.710165],[-46.793104,-23.710148],[-46.793044,-23.710024],[-46.793005,-23.7098],[-46.793002,-23.709782],[-46.792957,-23.709469],[-46.792954,-23.709452],[-46.792872,-23.709153],[-46.792685,-23.70853],[-46.792652,-23.708132],[-46.792375,-23.707038],[-46.792347,-23.706652],[-46.792292,-23.706279],[-46.792267,-23.706083],[-46.79203,-23.705691],[-46.791854,-23.705252],[-46.791735,-23.704913],[-46.791735,-23.704913],[-46.791655,-23.704762],[-46.791639,-23.704516],[-46.791634,-23.70446],[-46.791633,-23.704405],[-46.791636,-23.704349],[-46.791643,-23.704294],[-46.791653,-23.70424],[-46.791667,-23.704186],[-46.791685,-23.704133],[-46.791706,-23.704081],[-46.791724,-23.704038],[-46.791738,-23.703994],[-46.79175,-23.70395],[-46.791758,-23.703905],[-46.791764,-23.70386],[-46.791766,-23.703814],[-46.791765,-23.703769],[-46.791761,-23.703723],[-46.79176,-23.703706],[-46.79176,-23.70369],[-46.791761,-23.703673],[-46.791763,-23.703656],[-46.791766,-23.70364],[-46.79177,-23.703624],[-46.791776,-23.703608],[-46.791783,-23.703593],[-46.79179,-23.703578],[-46.791799,-23.703564],[-46.791808,-23.70355],[-46.791819,-23.703537],[-46.79184,-23.703511],[-46.79186,-23.703483],[-46.791877,-23.703454],[-46.791893,-23.703425],[-46.791907,-23.703395],[-46.791918,-23.703364],[-46.79194,-23.70329],[-46.791957,-23.703216],[-46.791969,-23.70314],[-46.791976,-23.703064],[-46.791977,-23.702988],[-46.791954,-23.70184],[-46.791953,-23.701834],[-46.791952,-23.701828],[-46.791951,-23.701822],[-46.791949,-23.701817],[-46.791947,-23.701811],[-46.791944,-23.701806],[-46.791941,-23.701801],[-46.791938,-23.701796],[-46.791934,-23.701791],[-46.79193,-23.701787],[-46.791926,-23.701782],[-46.791922,-23.701778],[-46.791917,-23.701775],[-46.791912,-23.701771],[-46.791906,-23.701768],[-46.791901,-23.701765],[-46.791895,-23.701763],[-46.791889,-23.70176],[-46.791883,-23.701759],[-46.791877,-23.701757],[-46.791871,-23.701756],[-46.791865,-23.701755],[-46.791859,-23.701755],[-46.791852,-23.701755],[-46.791846,-23.701755],[-46.79184,-23.701756],[-46.791834,-23.701757],[-46.791827,-23.701758],[-46.791821,-23.70176],[-46.791816,-23.701762],[-46.79181,-23.701764],[-46.791668,-23.701878],[-46.791387,-23.701947],[-46.791354,-23.701971],[-46.791328,-23.701983],[-46.791241,-23.702028],[-46.791238,-23.70203],[-46.791234,-23.702032],[-46.791231,-23.702034],[-46.791228,-23.702037],[-46.791225,-23.702039],[-46.791223,-23.702042],[-46.79122,-23.702045],[-46.791218,-23.702048],[-46.791216,-23.702051],[-46.791214,-23.702054],[-46.791213,-23.702058],[-46.791211,-23.702061],[-46.79121,-23.702065],[-46.791209,-23.702068],[-46.791209,-23.702072],[-46.791208,-23.702076],[-46.791208,-23.702079],[-46.791209,-23.702083],[-46.791209,-23.702087],[-46.791209,-23.70209],[-46.79121,-23.702094],[-46.791212,-23.702097],[-46.791213,-23.702101],[-46.791214,-23.702104],[-46.791216,-23.702107],[-46.791218,-23.702111],[-46.791221,-23.702114],[-46.791223,-23.702116],[-46.791226,-23.702119],[-46.791316,-23.702251],[-46.791343,-23.702293],[-46.791366,-23.702335],[-46.791387,-23.702379],[-46.791405,-23.702424],[-46.79142,-23.70247],[-46.791433,-23.702516],[-46.791442,-23.702563],[-46.791448,-23.702611],[-46.791457,-23.702758],[-46.791457,-23.702905],[-46.791447,-23.703052],[-46.791418,-23.703271],[-46.791377,-23.703488],[-46.791345,-23.703665],[-46.791329,-23.703845],[-46.791325,-23.70389],[-46.791318,-23.703935],[-46.791309,-23.703979],[-46.791296,-23.704023],[-46.791281,-23.704066],[-46.791256,-23.704137],[-46.791236,-23.704208],[-46.791221,-23.704281],[-46.791211,-23.704354],[-46.791206,-23.704428],[-46.791205,-23.704502],[-46.79121,-23.704576],[-46.79122,-23.704649],[-46.791234,-23.704722],[-46.791235,-23.704722],[-46.791143,-23.704987],[-46.791556,-23.707031],[-46.792143,-23.708955],[-46.792916,-23.710796],[-46.793305,-23.710576],[-46.793316,-23.710415]]]]}},{"type":"Feature","properties":{"id":"habi_obraurbanizacao2geosampa_ext.96","gid":96,"ID_Habitasampa":"96df0073-924d-4bb2-b7f5-b0dd390d218e","Nome":"LOTE 8 - PAULO AFONSO","Agrupamento":"URB SIMPLES S/ REMOÇÃO MANANCIAIS","Estagio":"11 - PROJETO EM ANDAMENTO","ID_unico":"1216.100.100-u","Escopo":"PROJETO+OBRA","Responsavel":"SEHAB/SEPM","Programa_metas":"","Estimativa_familias":105.0,"Previsao_entrega_obra":"Sem previsão","Estagio_mapeamento":"Projeto contratado","Area_m2":23312.0,"Distrito":"PARELHEIROS","Subprefeitura":"PARELHEIROS","DTS":"MANANCIAIS"},"geometry":{"type":"MultiPolygon","coordinates":[[[[-46.726019,-23.785386],[-46.726228,-23.786349],[-46.727718,-23.786627],[-46.728171,-23.7864],[-46.727967,-23.785312],[-46.72737,-23.785505],[-46.726049,-23.785386],[-46.726019,-23.785386]]]]}},{"type":"Feature","properties":{"id":"habi_obraurbanizacao2geosampa_ext.48","gid":48,"ID_Habitasampa":"533126a5-9668-493d-8395-72a5cc636483","Nome":"PAI PIRAJUSSARA 5 - 1ª ETAPA - MARIA VIRGINIA - URB","Agrupamento":"URBANIZAÇÃO COMPLEXA PAC-PV","Estagio":"07 - EDITAL DE OBRA EM ELABORAÇÃO","ID_unico":"1033.101.iii-u","Escopo":"PROJETO+OBRA","Responsavel":"SEHAB/CFT-OBRA","Programa_metas":"","Estimativa_familias":478.0,"Previsao_entrega_obra":"Sem previsão","Estagio_mapeamento":"Projeto finalizado","Area_m2":35390.85,"Distrito":"CAMPO LIMPO","Subprefeitura":"CAMPO LIMPO","DTS":"SUL"},"geometry":{"type":"MultiPolygon","coordinates":[[[[-46.767153,-23.637489],[-46.767294,-23.637571],[-46.767429,-23.637391],[-46.767552,-23.637252],[-46.767713,-23.637086],[-46.767888,-23.636996],[-46.768059,-23.636907],[-46.768266,-23.636713],[-46.768373,-23.636643],[-46.768476,-23.636592],[-46.768654,-23.636421],[-46.768739,-23.636333],[-46.768818,-23.63626],[-46.768972,-23.636016],[-46.769085,-23.635611],[-46.769214,-23.635541],[-46.769374,-23.635581],[-46.769428,-23.635617],[-46.769529,-23.635645],[-46.76967,-23.635653],[-46.769729,-23.635665],[-46.769736,-23.635579],[-46.769637,-23.635548],[-46.769464,-23.635536],[-46.769209,-23.635526],[-46.769033,-23.635511],[-46.769039,-23.635399],[-46.76907,-23.634812],[-46.769079,-23.634682],[-46.769106,-23.634683],[-46.769185,-23.634685],[-46.769294,-23.634688],[-46.769552,-23.634699],[-46.769669,-23.634707],[-46.769722,-23.634746],[-46.769837,-23.634801],[-46.769856,-23.634639],[-46.769774,-23.634633],[-46.769534,-23.634589],[-46.769398,-23.634581],[-46.769265,-23.634565],[-46.769105,-23.634567],[-46.768866,-23.63456],[-46.768868,-23.634523],[-46.768711,-23.634513],[-46.768701,-23.634724],[-46.76871,-23.6348],[-46.768715,-23.634844],[-46.768738,-23.635108],[-46.768735,-23.635319],[-46.768718,-23.635434],[-46.768685,-23.635518],[-46.76851,-23.635774],[-46.768476,-23.635824],[-46.768338,-23.636007],[-46.768206,-23.636106],[-46.768055,-23.636213],[-46.767835,-23.636063],[-46.767715,-23.636022],[-46.767614,-23.636327],[-46.767593,-23.636381],[-46.767311,-23.63634],[-46.767281,-23.636439],[-46.767062,-23.636393],[-46.767046,-23.636433],[-46.767034,-23.636536],[-46.767,-23.636617],[-46.766964,-23.636625],[-46.766952,-23.636623],[-46.766896,-23.636629],[-46.766794,-23.636972],[-46.766584,-23.636938],[-46.766562,-23.637215],[-46.766529,-23.637375],[-46.766506,-23.637443],[-46.766493,-23.637493],[-46.766473,-23.637564],[-46.766411,-23.637716],[-46.766373,-23.637849],[-46.766287,-23.637948],[-46.76626,-23.637934],[-46.76618,-23.63793],[-46.765859,-23.638325],[-46.765703,-23.638515],[-46.76577,-23.638557],[-46.765864,-23.63862],[-46.765963,-23.638693],[-46.76605,-23.638739],[-46.766115,-23.638643],[-46.766225,-23.63852],[-46.766309,-23.638438],[-46.766401,-23.638358],[-46.766474,-23.638307],[-46.766634,-23.638141],[-46.766767,-23.637969],[-46.766819,-23.637886],[-46.766952,-23.637689],[-46.767115,-23.637522],[-46.767153,-23.637489]]]]}},{"type":"Feature","properties":{"id":"habi_obraurbanizacao2geosampa_ext.49","gid":49,"ID_Habitasampa":"2a27d1e7-8451-4b08-be46-d54b4c9f9128","Nome":"LOTE 8 - JARDIM SANTA TEREZINHA - SUBPERÍMETRO 1","Agrupamento":"URBANIZAÇÃO COMPLEXA MANANCIAIS","Estagio":"01 - OBRA CONCLUÍDA","ID_unico":"1208.100.100-u","Escopo":"PROJETO+OBRA","Responsavel":"SEHAB/SEPM","Programa_metas":"2021-2024","Estimativa_familias":38.0,"Previsao_entrega_obra":"Não se aplica","Estagio_mapeamento":"Obra contratada","Area_m2":6296.88,"Distrito":"PARELHEIROS","Subprefeitura":"PARELHEIROS","DTS":"MANANCIAIS"},"geometry":{"type":"MultiPolygon","coordinates":[[[[-46.695133,-23.852465],[-46.695013,-23.852125],[-46.695033,-23.851915],[-46.695086,-23.851828],[-46.695182,-23.851697],[-46.695243,-23.851724],[-46.695359,-23.851788],[-46.695504,-23.851693],[-46.695461,-23.851436],[-46.695345,-23.851431],[-46.695255,-23.851369],[-46.69547,-23.851094],[-46.695413,-23.85109],[-46.695481,-23.850992],[-46.695612,-23.850727],[-46.695785,-23.850427],[-46.695681,-23.850446],[-46.695593,-23.850563],[-46.695585,-23.850571],[-46.695481,-23.850716],[-46.695369,-23.850949],[-46.695364,-23.850957],[-46.695239,-23.851136],[-46.695043,-23.851314],[-46.695033,-23.851323],[-46.694802,-23.851908],[-46.694737,-23.852394],[-46.694971,-23.852598],[-46.695133,-23.852465]]]]}},{"type":"Feature","properties":{"id":"habi_obraurbanizacao2geosampa_ext.50","gid":50,"ID_Habitasampa":"753b2b33-188d-4b1b-b748-3681d911eaa7","Nome":"RUA DOMINGOS DA GUIA","Agrupamento":"URB SIMPLES S/ REMOÇÃO","Estagio":"08 - AÇÕES PRELIMINARES DE OBRA","ID_unico":"1148.103.100-u","Escopo":"OBRA","Responsavel":"SEHAB/CFT-OBRA","Programa_metas":"","Estimativa_familias":19.0,"Previsao_entrega_obra":"Sem previsão","Estagio_mapeamento":"Projeto finalizado","Area_m2":9546.23,"Distrito":"SAO RAFAEL","Subprefeitura":"SAO MATEUS","DTS":"LESTE"},"geometry":{"type":"MultiPolygon","coordinates":[[[[-46.439449,-23.631521],[-46.439255,-23.631565],[-46.4393,-23.631873],[-46.439493,-23.633552],[-46.439612,-23.634935],[-46.439565,-23.635709],[-46.439494,-23.635877],[-46.439328,-23.635947],[-46.438544,-23.63615],[-46.438577,-23.636284],[-46.438773,-23.636231],[-46.43907,-23.636147],[-46.439419,-23.636067],[-46.439603,-23.635973],[-46.439653,-23.635892],[-46.439681,-23.635788],[-46.439746,-23.63507],[-46.439765,-23.634815],[-46.439666,-23.633722],[-46.439449,-23.631521]]]]}},{"type":"Feature","properties":{"id":"habi_obraurbanizacao2geosampa_ext.51","gid":51,"ID_Habitasampa":"bfde5501-0b1e-4f92-b331-9b1890a69362","Nome":"ALFREDO AVILA - SUBPERÍMETRO 2","Agrupamento":"URBANIZAÇÃO COMPLEXA PAC-ENCOSTAS","Estagio":"03 - OBRA EM ANDAMENTO","ID_unico":"1153.100.101-u","Escopo":"OBRA","Responsavel":"SEHAB/CFT-OBRA","Programa_metas":"2025-2028","Estimativa_familias":165.0,"Previsao_entrega_obra":null,"Estagio_mapeamento":"Obra contratada","Area_m2":14553.07,"Distrito":"JACANA","Subprefeitura":"JACANA-TREMEMBE","DTS":"NORTE"},"geometry":{"type":"MultiPolygon","coordinates":[[[[-46.577803,-23.457752],[-46.577287,-23.457556],[-46.576888,-23.458163],[-46.577139,-23.458329],[-46.577021,-23.458533],[-46.576922,-23.458642],[-46.576867,-23.458795],[-46.576781,-23.458785],[-46.576684,-23.45907],[-46.576922,-23.459125],[-46.577031,-23.459136],[-46.57727,-23.459111],[-46.577441,-23.459067],[-46.577636,-23.458988],[-46.577693,-23.458936],[-46.577833,-23.458715],[-46.577924,-23.458606],[-46.578045,-23.458448],[-46.577853,-23.458095],[-46.577851,-23.458041],[-46.577825,-23.458012],[-46.577897,-23.457958],[-46.577886,-23.457946],[-46.577928,-23.457907],[-46.57784,-23.457819],[-46.577789,-23.457776],[-46.577803,-23.457752]]]]}},{"type":"Feature","properties":{"id":"habi_obraurbanizacao2geosampa_ext.52","gid":52,"ID_Habitasampa":"de215173-aa5d-45ad-b30d-c924c33563f5","Nome":"ALFREDO AVILA - SUBPERÍMETRO 3","Agrupamento":"URBANIZAÇÃO COMPLEXA PAC-ENCOSTAS","Estagio":"03 - OBRA EM ANDAMENTO","ID_unico":"1153.100.102-u","Escopo":"OBRA","Responsavel":"SEHAB/CFT-OBRA","Programa_metas":"2025-2028","Estimativa_familias":186.0,"Previsao_entrega_obra":null,"Estagio_mapeamento":"Obra contratada","Area_m2":17762.92,"Distrito":"JACANA","Subprefeitura":"JACANA-TREMEMBE","DTS":"NORTE"},"geometry":{"type":"MultiPolygon","coordinates":[[[[-46.576921,-23.458643],[-46.577021,-23.458533],[-46.577139,-23.458329],[-46.576888,-23.458163],[-46.57636,-23.458059],[-46.575609,-23.457786],[-46.575368,-23.457743],[-46.575327,-23.457731],[-46.575207,-23.458037],[-46.575394,-23.458095],[-46.57535,-23.458247],[-46.575387,-23.458268],[-46.575299,-23.458522],[-46.575278,-23.458519],[-46.575213,-23.458746],[-46.575621,-23.458811],[-46.576684,-23.45907],[-46.576781,-23.458785],[-46.576867,-23.458795],[-46.576921,-23.458643]]]]}},{"type":"Feature","properties":{"id":"habi_obraurbanizacao2geosampa_ext.53","gid":53,"ID_Habitasampa":"11d2ce5d-aaa3-41bd-88f0-85958d596eba","Nome":"JARDIM DA PAZ - SUBPERÍMETRO 1","Agrupamento":"URBANIZAÇÃO COMPLEXA","Estagio":"03 - OBRA EM ANDAMENTO","ID_unico":"1150.101.100-u","Escopo":"OBRA","Responsavel":"SEHAB/CFT-OBRA","Programa_metas":"2025-2028","Estimativa_familias":371.0,"Previsao_entrega_obra":null,"Estagio_mapeamento":"Obra contratada","Area_m2":32012.35,"Distrito":"PERUS","Subprefeitura":"PERUS","DTS":"NORTE"},"geometry":{"type":"MultiPolygon","coordinates":[[[[-46.749267,-23.421821],[-46.74931,-23.422016],[-46.749422,-23.422246],[-46.749681,-23.422615],[-46.749798,-23.422854],[-46.749826,-23.422919],[-46.750141,-23.42317],[-46.750251,-23.423266],[-46.750652,-23.423823],[-46.751166,-23.424441],[-46.751345,-23.424678],[-46.75146,-23.424618],[-46.75147,-23.424503],[-46.751595,-23.424248],[-46.751637,-23.424119],[-46.751633,-23.423922],[-46.75149,-23.423935],[-46.75133,-23.42391],[-46.751264,-23.423896],[-46.751235,-23.423751],[-46.751143,-23.423502],[-46.751113,-23.423304],[-46.750981,-23.423103],[-46.750893,-23.42302],[-46.750756,-23.422766],[-46.750739,-23.422574],[-46.750749,-23.422473],[-46.750716,-23.422106],[-46.75069,-23.42198],[-46.750666,-23.421943],[-46.750589,-23.421859],[-46.749975,-23.421602],[-46.749611,-23.421421],[-46.749511,-23.421282],[-46.749438,-23.421286],[-46.749356,-23.421234],[-46.749318,-23.421308],[-46.749265,-23.421477],[-46.749244,-23.42162],[-46.749267,-23.421821]]]]}},{"type":"Feature","properties":{"id":"habi_obraurbanizacao2geosampa_ext.54","gid":54,"ID_Habitasampa":"24f14d55-d845-49b7-b735-24ad96cd413f","Nome":"CÓRREGO DA MINA - SUBPERÍMETRO 3","Agrupamento":"URBANIZAÇÃO COMPLEXA","Estagio":"03 - OBRA EM ANDAMENTO","ID_unico":"1150.100.102-u","Escopo":"OBRA","Responsavel":"SEHAB/CFT-OBRA","Programa_metas":"2025-2028","Estimativa_familias":108.0,"Previsao_entrega_obra":"dez-26","Estagio_mapeamento":"Obra contratada","Area_m2":7873.61,"Distrito":"PERUS","Subprefeitura":"PERUS","DTS":"NORTE"},"geometry":{"type":"MultiPolygon","coordinates":[[[[-46.750995,-23.42108],[-46.751072,-23.421415],[-46.751132,-23.421821],[-46.751521,-23.421728],[-46.751399,-23.420962],[-46.751235,-23.420244],[-46.751188,-23.420032],[-46.750813,-23.420107],[-46.750995,-23.42108]]]]}},{"type":"Feature","properties":{"id":"habi_obraurbanizacao2geosampa_ext.55","gid":55,"ID_Habitasampa":"ac8bc984-eec3-403a-b9f4-d22d90692a1e","Nome":"LOTE 3 - CAVALO BRANCO / BATISTA BASSANO A","Agrupamento":"URBANIZAÇÃO COMPLEXA MANANCIAIS","Estagio":"03 - OBRA EM ANDAMENTO","ID_unico":"1179.100.iii-u","Escopo":"PROJETO+OBRA","Responsavel":"SEHAB/SEPM","Programa_metas":"","Estimativa_familias":3162.0,"Previsao_entrega_obra":"dez-27","Estagio_mapeamento":"Obra contratada","Area_m2":362389.99,"Distrito":"JARDIM ANGELA","Subprefeitura":"M BOI MIRIM","DTS":"MANANCIAIS"},"geometry":{"type":"MultiPolygon","coordinates":[[[[-46.776546,-23.742241],[-46.776646,-23.742369],[-46.776751,-23.74244],[-46.776915,-23.742488],[-46.777084,-23.742503],[-46.777286,-23.742457],[-46.777452,-23.742408],[-46.778067,-23.74222],[-46.778612,-23.741946],[-46.778847,-23.741772],[-46.779198,-23.741361],[-46.778973,-23.741048],[-46.778971,-23.740837],[-46.778986,-23.740492],[-46.779238,-23.740433],[-46.779355,-23.740346],[-46.779416,-23.740216],[-46.779494,-23.739448],[-46.7795,-23.739069],[-46.779496,-23.738829],[-46.780805,-23.7388],[-46.780772,-23.738672],[-46.780827,-23.738484],[-46.780916,-23.738283],[-46.780763,-23.73816],[-46.780623,-23.737946],[-46.780583,-23.737777],[-46.78059,-23.737516],[-46.780609,-23.737389],[-46.780636,-23.737238],[-46.780671,-23.737094],[-46.780596,-23.737066],[-46.780313,-23.736838],[-46.779994,-23.736526],[-46.779723,-23.736231],[-46.779489,-23.735939],[-46.77962,-23.735813],[-46.779509,-23.735681],[-46.779125,-23.735163],[-46.778339,-23.734478],[-46.778258,-23.734514],[-46.778076,-23.734516],[-46.777853,-23.734675],[-46.777632,-23.734692],[-46.77751,-23.734775],[-46.777382,-23.734857],[-46.77729,-23.734936],[-46.777143,-23.735043],[-46.777042,-23.735162],[-46.776936,-23.735279],[-46.776711,-23.73555],[-46.776501,-23.735812],[-46.776437,-23.735903],[-46.77622,-23.736164],[-46.77608,-23.736331],[-46.77588,-23.736588],[-46.775743,-23.736752],[-46.775618,-23.736937],[-46.775544,-23.737133],[-46.775417,-23.737548],[-46.775349,-23.737842],[-46.775291,-23.738115],[-46.775261,-23.738273],[-46.775207,-23.738486],[-46.77507,-23.739113],[-46.77501,-23.739522],[-46.77496,-23.739697],[-46.77487,-23.739966],[-46.774812,-23.740249],[-46.774759,-23.740428],[-46.774785,-23.740689],[-46.774884,-23.740828],[-46.774894,-23.740975],[-46.774892,-23.741126],[-46.774918,-23.741305],[-46.775043,-23.741307],[-46.774922,-23.741598],[-46.774759,-23.741688],[-46.774814,-23.741847],[-46.774484,-23.742019],[-46.774382,-23.742088],[-46.774583,-23.742467],[-46.774896,-23.742644],[-46.775099,-23.74263],[-46.775185,-23.742582],[-46.775251,-23.742521],[-46.775375,-23.742385],[-46.776546,-23.742241]]]]}},{"type":"Feature","properties":{"id":"habi_obraurbanizacao2geosampa_ext.56","gid":56,"ID_Habitasampa":"925f92a3-3345-4143-aad5-4d181ad5618c","Nome":"LOTE 4 - ALTO DA ALEGRIA","Agrupamento":"URBANIZAÇÃO COMPLEXA MANANCIAIS","Estagio":"03 - OBRA EM ANDAMENTO","ID_unico":"1111.101.100-u","Escopo":"PROJETO+OBRA","Responsavel":"SEHAB/SEPM","Programa_metas":"","Estimativa_familias":647.0,"Previsao_entrega_obra":"jun-26","Estagio_mapeamento":"Obra contratada","Area_m2":77052.46,"Distrito":"GRAJAU","Subprefeitura":"CAPELA DO SOCORRO","DTS":"MANANCIAIS"},"geometry":{"type":"MultiPolygon","coordinates":[[[[-46.692437,-23.743094],[-46.692389,-23.743125],[-46.692266,-23.743393],[-46.692085,-23.743918],[-46.692073,-23.743842],[-46.691473,-23.743675],[-46.691276,-23.743756],[-46.690996,-23.744013],[-46.690694,-23.744311],[-46.690992,-23.744585],[-46.691126,-23.744479],[-46.691168,-23.744449],[-46.691206,-23.744488],[-46.691301,-23.744585],[-46.691401,-23.744677],[-46.69168,-23.744789],[-46.691859,-23.745322],[-46.691717,-23.745365],[-46.691454,-23.745447],[-46.691278,-23.745495],[-46.691381,-23.745865],[-46.691852,-23.745694],[-46.691991,-23.745657],[-46.692118,-23.745967],[-46.692235,-23.746011],[-46.692557,-23.746321],[-46.69258,-23.746449],[-46.692887,-23.746854],[-46.69297,-23.746824],[-46.693062,-23.746747],[-46.693239,-23.746606],[-46.693118,-23.74644],[-46.693031,-23.746275],[-46.693054,-23.74618],[-46.693235,-23.746053],[-46.693757,-23.745715],[-46.693975,-23.745971],[-46.693995,-23.746035],[-46.693989,-23.746347],[-46.694177,-23.746359],[-46.694484,-23.746372],[-46.695033,-23.746403],[-46.695101,-23.746385],[-46.69513,-23.746364],[-46.695133,-23.746337],[-46.694886,-23.746057],[-46.694793,-23.74591],[-46.694739,-23.745789],[-46.694684,-23.745623],[-46.694576,-23.745335],[-46.694474,-23.745198],[-46.69436,-23.745071],[-46.694199,-23.744913],[-46.693545,-23.744558],[-46.693364,-23.744442],[-46.693196,-23.744277],[-46.693109,-23.744092],[-46.6931,-23.744093],[-46.693076,-23.743953],[-46.693022,-23.743831],[-46.692962,-23.743643],[-46.692496,-23.743101],[-46.692437,-23.743094]]]]}},{"type":"Feature","properties":{"id":"habi_obraurbanizacao2geosampa_ext.57","gid":57,"ID_Habitasampa":"3fabf579-8fe4-4904-9906-d67bb98ab876","Nome":"LOTE 4 - PARQUE SÃO JOSÉ VI","Agrupamento":"URBANIZAÇÃO COMPLEXA MANANCIAIS","Estagio":"03 - OBRA EM ANDAMENTO","ID_unico":"1184.100.100-u","Escopo":"PROJETO+OBRA","Responsavel":"SEHAB/SEPM","Programa_metas":"2025-2028","Estimativa_familias":258.0,"Previsao_entrega_obra":"dez-26","Estagio_mapeamento":"Obra contratada","Area_m2":21871.93,"Distrito":"CIDADE DUTRA","Subprefeitura":"CAPELA DO SOCORRO","DTS":"MANANCIAIS"},"geometry":{"type":"MultiPolygon","coordinates":[[[[-46.703854,-23.740707],[-46.703771,-23.74089],[-46.703773,-23.740937],[-46.70347,-23.740928],[-46.703422,-23.740772],[-46.703422,-23.740772],[-46.703381,-23.740616],[-46.703349,-23.740495],[-46.703328,-23.74047],[-46.703072,-23.74036],[-46.703129,-23.740844],[-46.703141,-23.740944],[-46.703142,-23.740965],[-46.703145,-23.74103],[-46.702717,-23.740874],[-46.7027,-23.740906],[-46.702432,-23.740795],[-46.702408,-23.740839],[-46.702016,-23.740671],[-46.702033,-23.740637],[-46.701838,-23.740557],[-46.701759,-23.740593],[-46.70156,-23.740735],[-46.701436,-23.740582],[-46.701257,-23.740718],[-46.701354,-23.740832],[-46.701369,-23.740848],[-46.701348,-23.740914],[-46.701346,-23.74094],[-46.701554,-23.741137],[-46.701738,-23.741316],[-46.701783,-23.741361],[-46.701864,-23.741468],[-46.702005,-23.741672],[-46.702052,-23.741725],[-46.702129,-23.741804],[-46.702183,-23.741858],[-46.702265,-23.741969],[-46.702353,-23.741901],[-46.70258,-23.741726],[-46.702634,-23.74169],[-46.702781,-23.741582],[-46.702968,-23.74146],[-46.703172,-23.741327],[-46.703218,-23.741297],[-46.703947,-23.74131],[-46.704192,-23.740983],[-46.704218,-23.740935],[-46.704192,-23.740876],[-46.703854,-23.740707]]]]}},{"type":"Feature","properties":{"id":"habi_obraurbanizacao2geosampa_ext.58","gid":58,"ID_Habitasampa":"2298ca88-d3f3-4028-b3f4-8625996397e3","Nome":"LOTE 5 - JARDIM CASTELO","Agrupamento":"URB SIMPLES S/ REMOÇÃO MANANCIAIS","Estagio":"02 - OBRA PARALISADA","ID_unico":"1196.100.100-u","Escopo":"PROJETO+OBRA","Responsavel":"SEHAB/SEPM","Programa_metas":"2025-2028","Estimativa_familias":341.0,"Previsao_entrega_obra":"Sem previsão","Estagio_mapeamento":"Obra contratada","Area_m2":60470.62,"Distrito":"PEDREIRA","Subprefeitura":"CIDADE ADEMAR","DTS":"MANANCIAIS"},"geometry":{"type":"MultiPolygon","coordinates":[[[[-46.628392,-23.702735],[-46.626848,-23.701801],[-46.626689,-23.702097],[-46.626519,-23.702254],[-46.62625,-23.702209],[-46.625859,-23.702025],[-46.625649,-23.702017],[-46.625325,-23.702038],[-46.624938,-23.702097],[-46.624789,-23.702167],[-46.62471,-23.702258],[-46.624676,-23.702454],[-46.624683,-23.702596],[-46.624805,-23.702809],[-46.625104,-23.703115],[-46.625493,-23.703552],[-46.625644,-23.703809],[-46.625773,-23.703952],[-46.625946,-23.704019],[-46.626177,-23.704048],[-46.626485,-23.704054],[-46.626759,-23.704122],[-46.626964,-23.704238],[-46.627159,-23.703842],[-46.627255,-23.703747],[-46.627757,-23.703487],[-46.628154,-23.703151],[-46.628392,-23.702735]]]]}},{"type":"Feature","properties":{"id":"habi_obraurbanizacao2geosampa_ext.59","gid":59,"ID_Habitasampa":"c099c5f7-eb35-4674-a275-dc39da55f061","Nome":"LOTE 6 - COCAIA I - PARQUE LINEAR COCAIA - SUBPERÍMETRO 2","Agrupamento":"URBANIZAÇÃO COMPLEXA MANANCIAIS","Estagio":"02 - OBRA PARALISADA","ID_unico":"1144.101.101-u","Escopo":"PROJETO+OBRA","Responsavel":"SEHAB/SEPM","Programa_metas":"","Estimativa_familias":866.0,"Previsao_entrega_obra":"Sem previsão","Estagio_mapeamento":"Obra contratada","Area_m2":117281.09,"Distrito":"GRAJAU","Subprefeitura":"CAPELA DO SOCORRO","DTS":"MANANCIAIS"},"geometry":{"type":"MultiPolygon","coordinates":[[[[-46.680305,-23.749567],[-46.680376,-23.74966],[-46.68035,-23.749759],[-46.680324,-23.749838],[-46.680441,-23.74989],[-46.680638,-23.749897],[-46.680638,-23.749925],[-46.680633,-23.749981],[-46.680639,-23.750071],[-46.680654,-23.750116],[-46.680655,-23.750197],[-46.680643,-23.750264],[-46.680643,-23.750303],[-46.680643,-23.750396],[-46.680642,-23.750528],[-46.680605,-23.75057],[-46.680588,-23.750628],[-46.680547,-23.75071],[-46.680706,-23.750805],[-46.680914,-23.750859],[-46.681715,-23.750418],[-46.682293,-23.75021],[-46.682469,-23.750246],[-46.682481,-23.750211],[-46.682695,-23.750165],[-46.683365,-23.749875],[-46.683362,-23.74982],[-46.683238,-23.749728],[-46.683195,-23.749632],[-46.683178,-23.749613],[-46.683116,-23.749644],[-46.682906,-23.749617],[-46.682635,-23.749511],[-46.681947,-23.749344],[-46.681906,-23.749342],[-46.68172,-23.749395],[-46.681556,-23.74935],[-46.681513,-23.749181],[-46.681378,-23.749055],[-46.68121,-23.748931],[-46.681094,-23.748845],[-46.680973,-23.748666],[-46.680908,-23.748576],[-46.680642,-23.748351],[-46.680611,-23.748199],[-46.680531,-23.748113],[-46.680139,-23.747706],[-46.679979,-23.747522],[-46.679901,-23.747361],[-46.679781,-23.747194],[-46.67969,-23.747099],[-46.679578,-23.747],[-46.679516,-23.746867],[-46.679459,-23.746791],[-46.678408,-23.74615],[-46.678329,-23.74612],[-46.678188,-23.746123],[-46.678082,-23.746123],[-46.677914,-23.746097],[-46.677529,-23.745974],[-46.677542,-23.745675],[-46.677532,-23.745614],[-46.677457,-23.745585],[-46.677415,-23.745538],[-46.677355,-23.745344],[-46.677223,-23.745204],[-46.677147,-23.745109],[-46.676834,-23.745073],[-46.676651,-23.745092],[-46.676464,-23.745165],[-46.676306,-23.745303],[-46.676197,-23.74535],[-46.676191,-23.745357],[-46.675824,-23.745601],[-46.675752,-23.745639],[-46.675487,-23.745729],[-46.676179,-23.746859],[-46.676513,-23.746686],[-46.676593,-23.746682],[-46.677658,-23.747137],[-46.677701,-23.747187],[-46.677979,-23.747277],[-46.678009,-23.747236],[-46.678036,-23.747186],[-46.678128,-23.747078],[-46.678184,-23.747136],[-46.678216,-23.747171],[-46.67824,-23.747233],[-46.678247,-23.747298],[-46.678284,-23.747331],[-46.678355,-23.747381],[-46.678391,-23.747426],[-46.678427,-23.747461],[-46.678474,-23.747523],[-46.678511,-23.747555],[-46.678541,-23.747587],[-46.678571,-23.747619],[-46.678605,-23.747651],[-46.678644,-23.747678],[-46.67868,-23.747711],[-46.678735,-23.747782],[-46.678772,-23.74782],[-46.678801,-23.747853],[-46.67886,-23.747925],[-46.678914,-23.748002],[-46.678982,-23.748069],[-46.679049,-23.748134],[-46.679119,-23.748201],[-46.679149,-23.74824],[-46.679185,-23.748272],[-46.679213,-23.74831],[-46.67924,-23.748346],[-46.67929,-23.748401],[-46.679326,-23.748444],[-46.679359,-23.748479],[-46.679392,-23.748514],[-46.679414,-23.748565],[-46.679448,-23.748599],[-46.679481,-23.748634],[-46.679542,-23.748688],[-46.679575,-23.748723],[-46.679642,-23.748791],[-46.679679,-23.748821],[-46.679717,-23.74886],[-46.679749,-23.748898],[-46.679791,-23.748929],[-46.679832,-23.748956],[-46.679819,-23.749024],[-46.679852,-23.749058],[-46.679884,-23.749092],[-46.679917,-23.749126],[-46.679964,-23.74915],[-46.679989,-23.749188],[-46.680028,-23.749217],[-46.680054,-23.749257],[-46.680085,-23.74929],[-46.680145,-23.74936],[-46.680224,-23.749453],[-46.680258,-23.749474],[-46.680281,-23.74952],[-46.680305,-23.749567]]]]}},{"type":"Feature","properties":{"id":"habi_obraurbanizacao2geosampa_ext.60","gid":60,"ID_Habitasampa":"2df0dab8-4dce-4329-a5e5-11f14b8849ba","Nome":"LOTE 6 - NOVA GRAJAÚ II - PARQUE LINEAR COCAIA - SUBPERÍMETRO 5","Agrupamento":"URBANIZAÇÃO COMPLEXA MANANCIAIS","Estagio":"12 - PROJETO CONTRATADO E NÃO INICIADO","ID_unico":"1144.101.104-u","Escopo":"PROJETO+OBRA","Responsavel":"SEHAB/SEPM","Programa_metas":"","Estimativa_familias":251.0,"Previsao_entrega_obra":"Sem previsão","Estagio_mapeamento":"Projeto contratado","Area_m2":71389.73,"Distrito":"GRAJAU","Subprefeitura":"CAPELA DO SOCORRO","DTS":"MANANCIAIS"},"geometry":{"type":"MultiPolygon","coordinates":[[[[-46.68422,-23.749857],[-46.684377,-23.750509],[-46.684374,-23.750843],[-46.684231,-23.751179],[-46.684145,-23.751385],[-46.684087,-23.751642],[-46.684553,-23.751693],[-46.684601,-23.751867],[-46.684912,-23.752237],[-46.685162,-23.75218],[-46.685426,-23.752224],[-46.685662,-23.752261],[-46.685806,-23.752459],[-46.686008,-23.752695],[-46.686069,-23.752718],[-46.686193,-23.752539],[-46.68652,-23.752275],[-46.686668,-23.752156],[-46.686754,-23.752087],[-46.686925,-23.751812],[-46.687029,-23.751521],[-46.687178,-23.751293],[-46.687052,-23.751204],[-46.686889,-23.751153],[-46.686865,-23.751152],[-46.686841,-23.75115],[-46.686817,-23.751146],[-46.686794,-23.75114],[-46.686771,-23.751134],[-46.686748,-23.751126],[-46.686727,-23.751117],[-46.686705,-23.751106],[-46.686685,-23.751094],[-46.686663,-23.751072],[-46.686642,-23.751048],[-46.686623,-23.751024],[-46.686605,-23.750998],[-46.686589,-23.750971],[-46.686575,-23.750944],[-46.686564,-23.750908],[-46.686555,-23.750872],[-46.686549,-23.750835],[-46.686546,-23.750798],[-46.686545,-23.750761],[-46.686547,-23.750724],[-46.686551,-23.750687],[-46.686545,-23.750687],[-46.686538,-23.750687],[-46.686531,-23.750686],[-46.686525,-23.750685],[-46.686518,-23.750684],[-46.686512,-23.750682],[-46.686506,-23.75068],[-46.6865,-23.750678],[-46.686263,-23.75057],[-46.686175,-23.750528],[-46.686091,-23.750481],[-46.686009,-23.750429],[-46.685931,-23.750373],[-46.685856,-23.750314],[-46.685635,-23.750127],[-46.685615,-23.750108],[-46.685596,-23.750089],[-46.685578,-23.750068],[-46.685562,-23.750047],[-46.685547,-23.750024],[-46.685534,-23.750001],[-46.685522,-23.749977],[-46.685512,-23.749952],[-46.685456,-23.749799],[-46.685452,-23.749788],[-46.685449,-23.749776],[-46.685447,-23.749764],[-46.685446,-23.749752],[-46.685445,-23.74974],[-46.685445,-23.749728],[-46.685446,-23.749716],[-46.685448,-23.749704],[-46.685451,-23.749692],[-46.685536,-23.749367],[-46.68554,-23.749345],[-46.685544,-23.749322],[-46.685545,-23.7493],[-46.685545,-23.749277],[-46.685544,-23.749255],[-46.68554,-23.749232],[-46.685535,-23.74921],[-46.685529,-23.749189],[-46.685521,-23.749167],[-46.685511,-23.749147],[-46.6855,-23.749127],[-46.685487,-23.749107],[-46.685473,-23.749089],[-46.685458,-23.749071],[-46.685441,-23.749055],[-46.685424,-23.749039],[-46.685405,-23.749025],[-46.685385,-23.749012],[-46.685364,-23.749],[-46.685343,-23.748989],[-46.68532,-23.74898],[-46.685297,-23.748972],[-46.685274,-23.748966],[-46.68525,-23.748961],[-46.685226,-23.748957],[-46.685201,-23.748955],[-46.685177,-23.748955],[-46.685152,-23.748956],[-46.684755,-23.748987],[-46.684704,-23.748962],[-46.684664,-23.748797],[-46.684391,-23.749035],[-46.684339,-23.749064],[-46.68447,-23.749169],[-46.684237,-23.749443],[-46.68422,-23.749857]]]]}},{"type":"Feature","properties":{"id":"habi_obraurbanizacao2geosampa_ext.61","gid":61,"ID_Habitasampa":"ef6b80a6-d2f3-41f4-a617-5f5994efcc79","Nome":"LOTE 6 - NOVA GRAJAÚ II - PARQUE LINEAR COCAIA - SUBPERÍMETRO 7","Agrupamento":"URBANIZAÇÃO COMPLEXA MANANCIAIS","Estagio":"12 - PROJETO CONTRATADO E NÃO INICIADO","ID_unico":"1144.101.106-u","Escopo":"PROJETO+OBRA","Responsavel":"SEHAB/SEPM","Programa_metas":"","Estimativa_familias":532.0,"Previsao_entrega_obra":"Sem previsão","Estagio_mapeamento":"Projeto contratado","Area_m2":58486.65,"Distrito":"GRAJAU","Subprefeitura":"CAPELA DO SOCORRO","DTS":"MANANCIAIS"},"geometry":{"type":"MultiPolygon","coordinates":[[[[-46.681034,-23.747229],[-46.681073,-23.747278],[-46.681067,-23.747325],[-46.681039,-23.74736],[-46.680973,-23.747418],[-46.680885,-23.747394],[-46.680855,-23.747443],[-46.680758,-23.747483],[-46.680786,-23.747532],[-46.680849,-23.747586],[-46.680835,-23.747662],[-46.680775,-23.747714],[-46.68071,-23.747715],[-46.68065,-23.747765],[-46.680664,-23.74787],[-46.680715,-23.74793],[-46.680796,-23.747984],[-46.680826,-23.747984],[-46.680907,-23.747992],[-46.680923,-23.748043],[-46.680953,-23.748075],[-46.680984,-23.748139],[-46.68098,-23.748195],[-46.68094,-23.748195],[-46.680854,-23.74821],[-46.680819,-23.748178],[-46.680734,-23.748202],[-46.680704,-23.748253],[-46.680838,-23.748477],[-46.680973,-23.748666],[-46.681094,-23.748845],[-46.68121,-23.748931],[-46.682958,-23.747257],[-46.683024,-23.747315],[-46.683201,-23.747452],[-46.683849,-23.746709],[-46.683869,-23.746688],[-46.68389,-23.746668],[-46.683913,-23.746649],[-46.683937,-23.746632],[-46.683962,-23.746617],[-46.683988,-23.746603],[-46.684016,-23.74659],[-46.684412,-23.746424],[-46.684427,-23.746418],[-46.684442,-23.746413],[-46.684458,-23.746409],[-46.684474,-23.746406],[-46.684491,-23.746404],[-46.684507,-23.746403],[-46.684586,-23.746399],[-46.684592,-23.746399],[-46.684598,-23.7464],[-46.684604,-23.7464],[-46.68461,-23.746401],[-46.684616,-23.746403],[-46.684622,-23.746405],[-46.684627,-23.746407],[-46.684633,-23.746409],[-46.684638,-23.746412],[-46.684643,-23.746415],[-46.684648,-23.746419],[-46.684652,-23.746423],[-46.684656,-23.746427],[-46.68466,-23.746431],[-46.684664,-23.746435],[-46.684667,-23.74644],[-46.68467,-23.746445],[-46.684672,-23.74645],[-46.684674,-23.746455],[-46.684676,-23.746461],[-46.684677,-23.746466],[-46.684678,-23.746472],[-46.684678,-23.746477],[-46.684678,-23.746483],[-46.684678,-23.746488],[-46.684677,-23.746494],[-46.684676,-23.746499],[-46.684674,-23.746505],[-46.684672,-23.74651],[-46.68467,-23.746515],[-46.684667,-23.74652],[-46.684664,-23.746525],[-46.684661,-23.746529],[-46.684595,-23.746609],[-46.684674,-23.746645],[-46.684832,-23.746453],[-46.684841,-23.746444],[-46.68485,-23.746435],[-46.68486,-23.746426],[-46.68487,-23.746419],[-46.684881,-23.746412],[-46.684892,-23.746405],[-46.684904,-23.746399],[-46.684917,-23.746395],[-46.684929,-23.74639],[-46.684942,-23.746387],[-46.684955,-23.746385],[-46.684968,-23.746383],[-46.685507,-23.746331],[-46.685501,-23.746276],[-46.685482,-23.746278],[-46.685479,-23.746278],[-46.685477,-23.746278],[-46.685475,-23.746278],[-46.685472,-23.746278],[-46.68547,-23.746277],[-46.685468,-23.746277],[-46.685466,-23.746276],[-46.685463,-23.746275],[-46.685461,-23.746274],[-46.685459,-23.746273],[-46.685457,-23.746272],[-46.685456,-23.74627],[-46.685454,-23.746269],[-46.685452,-23.746267],[-46.685451,-23.746266],[-46.685449,-23.746264],[-46.685448,-23.746262],[-46.685447,-23.74626],[-46.685446,-23.746258],[-46.685446,-23.746256],[-46.685363,-23.746003],[-46.685362,-23.746001],[-46.685362,-23.745999],[-46.685361,-23.745996],[-46.685361,-23.745994],[-46.685361,-23.745992],[-46.685361,-23.74599],[-46.685362,-23.745988],[-46.685362,-23.745986],[-46.685363,-23.745984],[-46.685364,-23.745982],[-46.685365,-23.74598],[-46.685366,-23.745978],[-46.685367,-23.745976],[-46.685369,-23.745974],[-46.68537,-23.745973],[-46.685372,-23.745971],[-46.685373,-23.74597],[-46.685375,-23.745968],[-46.685377,-23.745967],[-46.685379,-23.745966],[-46.685381,-23.745965],[-46.685383,-23.745964],[-46.685386,-23.745963],[-46.685388,-23.745963],[-46.68539,-23.745962],[-46.685393,-23.745962],[-46.685395,-23.745962],[-46.685456,-23.745961],[-46.685454,-23.745906],[-46.685179,-23.74592],[-46.685132,-23.745921],[-46.685085,-23.745919],[-46.685039,-23.745914],[-46.684993,-23.745906],[-46.684948,-23.745895],[-46.684903,-23.745881],[-46.68486,-23.745864],[-46.684818,-23.745845],[-46.684778,-23.745823],[-46.68474,-23.745798],[-46.684703,-23.745771],[-46.684669,-23.745742],[-46.684637,-23.745711],[-46.684607,-23.745677],[-46.68458,-23.745642],[-46.684556,-23.745605],[-46.684535,-23.745567],[-46.684516,-23.745527],[-46.684501,-23.745487],[-46.684488,-23.745445],[-46.684479,-23.745403],[-46.684473,-23.74536],[-46.68447,-23.745317],[-46.684471,-23.745274],[-46.684475,-23.745231],[-46.684482,-23.745189],[-46.68453,-23.744951],[-46.684533,-23.74494],[-46.684535,-23.744929],[-46.684536,-23.744918],[-46.684538,-23.744903],[-46.684541,-23.744888],[-46.684545,-23.744874],[-46.68455,-23.744859],[-46.684556,-23.744845],[-46.684563,-23.744831],[-46.684571,-23.744818],[-46.68458,-23.744805],[-46.68459,-23.744793],[-46.684601,-23.744782],[-46.684613,-23.744771],[-46.684625,-23.744761],[-46.684638,-23.744751],[-46.684652,-23.744743],[-46.684666,-23.744735],[-46.684681,-23.744729],[-46.684696,-23.744723],[-46.684712,-23.744718],[-46.684979,-23.744641],[-46.684671,-23.744601],[-46.684537,-23.744671],[-46.68452,-23.74468],[-46.684503,-23.744687],[-46.684484,-23.744693],[-46.684466,-23.744698],[-46.684447,-23.744702],[-46.684428,-23.744705],[-46.684409,-23.744706],[-46.684389,-23.744707],[-46.68437,-23.744706],[-46.684351,-23.744704],[-46.684341,-23.744703],[-46.684336,-23.744702],[-46.684332,-23.744701],[-46.684327,-23.7447],[-46.684323,-23.744699],[-46.684319,-23.744697],[-46.684315,-23.744695],[-46.684311,-23.744693],[-46.684307,-23.744691],[-46.684303,-23.744688],[-46.6843,-23.744685],[-46.684297,-23.744682],[-46.684294,-23.744679],[-46.684291,-23.744676],[-46.684288,-23.744672],[-46.684286,-23.744668],[-46.684284,-23.744664],[-46.684283,-23.74466],[-46.684281,-23.744656],[-46.68428,-23.744652],[-46.684279,-23.744648],[-46.684279,-23.744644],[-46.684279,-23.744639],[-46.684279,-23.744635],[-46.68428,-23.744631],[-46.684301,-23.744495],[-46.684153,-23.744456],[-46.684203,-23.744675],[-46.684204,-23.744678],[-46.684204,-23.744681],[-46.684204,-23.744684],[-46.684204,-23.744688],[-46.684204,-23.744691],[-46.684203,-23.744694],[-46.684202,-23.744697],[-46.684201,-23.7447],[-46.6842,-23.744703],[-46.684199,-23.744705],[-46.684197,-23.744708],[-46.684195,-23.744711],[-46.684193,-23.744713],[-46.684191,-23.744715],[-46.684188,-23.744718],[-46.684186,-23.74472],[-46.684183,-23.744721],[-46.68418,-23.744723],[-46.684177,-23.744725],[-46.684174,-23.744726],[-46.684171,-23.744727],[-46.684168,-23.744728],[-46.684165,-23.744729],[-46.684165,-23.744729],[-46.684104,-23.74474],[-46.684101,-23.744741],[-46.684098,-23.744741],[-46.684094,-23.744741],[-46.684091,-23.744741],[-46.684087,-23.74474],[-46.684084,-23.74474],[-46.684081,-23.744739],[-46.684078,-23.744738],[-46.684075,-23.744737],[-46.684072,-23.744736],[-46.684069,-23.744734],[-46.684066,-23.744732],[-46.684063,-23.74473],[-46.684061,-23.744728],[-46.684058,-23.744726],[-46.684056,-23.744724],[-46.684054,-23.744721],[-46.684052,-23.744719],[-46.684051,-23.744716],[-46.684049,-23.744713],[-46.684048,-23.74471],[-46.684047,-23.744707],[-46.684046,-23.744704],[-46.684046,-23.744701],[-46.684046,-23.744698],[-46.684046,-23.744695],[-46.684051,-23.744449],[-46.683995,-23.744443],[-46.683973,-23.744662],[-46.683971,-23.744677],[-46.683967,-23.744693],[-46.683963,-23.744708],[-46.683958,-23.744722],[-46.683951,-23.744737],[-46.683943,-23.744751],[-46.683934,-23.744764],[-46.683925,-23.744777],[-46.683914,-23.744789],[-46.683903,-23.7448],[-46.68389,-23.744811],[-46.683877,-23.744821],[-46.683863,-23.74483],[-46.683849,-23.744838],[-46.683834,-23.744845],[-46.683818,-23.744851],[-46.683683,-23.7449],[-46.683723,-23.744977],[-46.683971,-23.744871],[-46.683977,-23.744869],[-46.683982,-23.744867],[-46.683988,-23.744865],[-46.683994,-23.744864],[-46.684,-23.744864],[-46.684006,-23.744863],[-46.684012,-23.744863],[-46.684018,-23.744864],[-46.684024,-23.744865],[-46.68403,-23.744866],[-46.684036,-23.744867],[-46.684041,-23.744869],[-46.684047,-23.744871],[-46.684052,-23.744874],[-46.684057,-23.744877],[-46.684062,-23.74488],[-46.684067,-23.744884],[-46.684071,-23.744888],[-46.684075,-23.744892],[-46.684079,-23.744896],[-46.684083,-23.744901],[-46.684086,-23.744905],[-46.684088,-23.74491],[-46.684091,-23.744915],[-46.684093,-23.744921],[-46.684094,-23.744926],[-46.684095,-23.744931],[-46.684096,-23.744937],[-46.684097,-23.744943],[-46.684096,-23.744948],[-46.684096,-23.744954],[-46.683994,-23.745783],[-46.683993,-23.745792],[-46.683991,-23.7458],[-46.683988,-23.745808],[-46.683985,-23.745816],[-46.683982,-23.745824],[-46.683977,-23.745831],[-46.683973,-23.745838],[-46.683967,-23.745845],[-46.683962,-23.745852],[-46.683955,-23.745858],[-46.683949,-23.745864],[-46.683942,-23.745869],[-46.683934,-23.745874],[-46.683927,-23.745879],[-46.683919,-23.745883],[-46.68391,-23.745886],[-46.683902,-23.745889],[-46.683893,-23.745891],[-46.683893,-23.745891],[-46.683482,-23.745991],[-46.683479,-23.745992],[-46.683477,-23.745992],[-46.683474,-23.745992],[-46.683471,-23.745992],[-46.683469,-23.745992],[-46.683466,-23.745992],[-46.683463,-23.745992],[-46.683461,-23.745991],[-46.683458,-23.74599],[-46.683456,-23.745989],[-46.683453,-23.745988],[-46.683451,-23.745987],[-46.683449,-23.745985],[-46.683447,-23.745984],[-46.683445,-23.745982],[-46.683443,-23.74598],[-46.683441,-23.745978],[-46.683439,-23.745976],[-46.683438,-23.745974],[-46.683437,-23.745972],[-46.683436,-23.74597],[-46.683435,-23.745967],[-46.683434,-23.745965],[-46.683433,-23.745963],[-46.683433,-23.74596],[-46.683433,-23.745958],[-46.683433,-23.745955],[-46.683433,-23.745953],[-46.683435,-23.745937],[-46.68344,-23.745846],[-46.683373,-23.74588],[-46.683359,-23.745978],[-46.683356,-23.74599],[-46.683353,-23.746002],[-46.683349,-23.746014],[-46.683344,-23.746025],[-46.683338,-23.746036],[-46.683332,-23.746047],[-46.683325,-23.746058],[-46.683316,-23.746067],[-46.68331,-23.746075],[-46.683304,-23.746083],[-46.683298,-23.746091],[-46.68309,-23.746426],[-46.683062,-23.746468],[-46.683031,-23.746507],[-46.682998,-23.746546],[-46.682962,-23.746582],[-46.682924,-23.746616],[-46.682884,-23.746647],[-46.682841,-23.746677],[-46.682797,-23.746703],[-46.682181,-23.74705],[-46.682147,-23.747068],[-46.682112,-23.747084],[-46.682075,-23.747098],[-46.682038,-23.74711],[-46.682,-23.74712],[-46.681812,-23.747164],[-46.68179,-23.747168],[-46.681767,-23.747171],[-46.681745,-23.747173],[-46.681722,-23.747173],[-46.6817,-23.747172],[-46.681677,-23.747169],[-46.681655,-23.747165],[-46.681633,-23.74716],[-46.681611,-23.747153],[-46.68159,-23.747145],[-46.68157,-23.747136],[-46.68155,-23.747126],[-46.681532,-23.747114],[-46.681514,-23.747101],[-46.681497,-23.747087],[-46.681481,-23.747072],[-46.681466,-23.747057],[-46.681452,-23.74704],[-46.68144,-23.747022],[-46.681429,-23.747004],[-46.681419,-23.746985],[-46.681411,-23.746966],[-46.681404,-23.746946],[-46.681399,-23.746926],[-46.681395,-23.746905],[-46.681379,-23.746801],[-46.680963,-23.746918],[-46.680957,-23.746965],[-46.680949,-23.747032],[-46.680966,-23.747089],[-46.680982,-23.747159],[-46.681034,-23.747229]]]]}},{"type":"Feature","properties":{"id":"habi_obraurbanizacao2geosampa_ext.62","gid":62,"ID_Habitasampa":"314f3258-7d23-4861-8570-37c9aefd9192","Nome":"LOTE 6 - NOVA GRAJAÚ II - PARQUE LINEAR COCAIA - SUBPERÍMETRO 8","Agrupamento":"URBANIZAÇÃO COMPLEXA MANANCIAIS","Estagio":"12 - PROJETO CONTRATADO E NÃO INICIADO","ID_unico":"1144.101.107-u","Escopo":"PROJETO+OBRA","Responsavel":"SEHAB/SEPM","Programa_metas":"","Estimativa_familias":383.0,"Previsao_entrega_obra":"Sem previsão","Estagio_mapeamento":"Projeto contratado","Area_m2":30997.67,"Distrito":"GRAJAU","Subprefeitura":"CAPELA DO SOCORRO","DTS":"MANANCIAIS"},"geometry":{"type":"MultiPolygon","coordinates":[[[[-46.680258,-23.744964],[-46.680266,-23.744958],[-46.681384,-23.744263],[-46.681406,-23.744249],[-46.681426,-23.744233],[-46.681446,-23.744217],[-46.681464,-23.744199],[-46.681481,-23.744181],[-46.681496,-23.744161],[-46.681621,-23.743995],[-46.681779,-23.743771],[-46.681701,-23.743744],[-46.681653,-23.743818],[-46.68165,-23.743823],[-46.681646,-23.743828],[-46.681642,-23.743832],[-46.681637,-23.743837],[-46.681632,-23.743841],[-46.681627,-23.743844],[-46.681622,-23.743848],[-46.681616,-23.743851],[-46.681611,-23.743853],[-46.681605,-23.743856],[-46.681599,-23.743858],[-46.681592,-23.743859],[-46.681586,-23.743861],[-46.68158,-23.743861],[-46.681573,-23.743862],[-46.681567,-23.743862],[-46.68156,-23.743862],[-46.68119,-23.743831],[-46.680255,-23.743761],[-46.680216,-23.743759],[-46.680177,-23.74376],[-46.680138,-23.743763],[-46.6801,-23.743769],[-46.680062,-23.743777],[-46.680025,-23.743787],[-46.679988,-23.7438],[-46.679953,-23.743815],[-46.679919,-23.743832],[-46.679886,-23.743851],[-46.679886,-23.743851],[-46.679813,-23.743897],[-46.679899,-23.744072],[-46.679687,-23.744289],[-46.679789,-23.744381],[-46.679734,-23.744503],[-46.679678,-23.744629],[-46.679733,-23.744818],[-46.67969,-23.744884],[-46.67974,-23.744996],[-46.679807,-23.74506],[-46.679828,-23.745149],[-46.679829,-23.745237],[-46.679858,-23.74528],[-46.679916,-23.745283],[-46.679959,-23.745342],[-46.67993,-23.745414],[-46.679873,-23.74545],[-46.679959,-23.745513],[-46.680003,-23.74562],[-46.680039,-23.745708],[-46.680132,-23.745761],[-46.68018,-23.74577],[-46.68034,-23.745829],[-46.680462,-23.745881],[-46.680539,-23.745895],[-46.680562,-23.745941],[-46.680642,-23.745973],[-46.680673,-23.745937],[-46.680668,-23.746013],[-46.680716,-23.746092],[-46.680794,-23.746165],[-46.680838,-23.746202],[-46.68093,-23.746324],[-46.6809,-23.746487],[-46.680901,-23.746546],[-46.680915,-23.746622],[-46.680935,-23.746698],[-46.680939,-23.746815],[-46.680963,-23.746918],[-46.681379,-23.746801],[-46.681378,-23.746796],[-46.681378,-23.746791],[-46.681378,-23.746786],[-46.681379,-23.746781],[-46.68138,-23.746776],[-46.681381,-23.746771],[-46.681383,-23.746766],[-46.681385,-23.746762],[-46.681387,-23.746757],[-46.68139,-23.746753],[-46.681393,-23.746749],[-46.681396,-23.746745],[-46.6814,-23.746741],[-46.681404,-23.746738],[-46.681408,-23.746734],[-46.681412,-23.746731],[-46.681417,-23.746729],[-46.681421,-23.746726],[-46.681426,-23.746724],[-46.681432,-23.746722],[-46.681437,-23.746721],[-46.681442,-23.74672],[-46.681447,-23.746719],[-46.681453,-23.746719],[-46.681458,-23.746719],[-46.681464,-23.746719],[-46.681469,-23.74672],[-46.681474,-23.746721],[-46.68148,-23.746722],[-46.681578,-23.74675],[-46.681595,-23.746678],[-46.681444,-23.746617],[-46.681432,-23.746611],[-46.681421,-23.746605],[-46.681409,-23.746599],[-46.681399,-23.746591],[-46.681389,-23.746583],[-46.68138,-23.746574],[-46.681371,-23.746565],[-46.681363,-23.746556],[-46.681355,-23.746545],[-46.681349,-23.746535],[-46.681343,-23.746524],[-46.681338,-23.746512],[-46.681334,-23.746501],[-46.681331,-23.746489],[-46.681329,-23.746477],[-46.681273,-23.746116],[-46.681225,-23.745715],[-46.681222,-23.745691],[-46.681216,-23.745668],[-46.681209,-23.745645],[-46.6812,-23.745622],[-46.681189,-23.745601],[-46.681177,-23.745579],[-46.681164,-23.745559],[-46.681148,-23.74554],[-46.681132,-23.745521],[-46.681114,-23.745504],[-46.681094,-23.745488],[-46.681074,-23.745473],[-46.681052,-23.74546],[-46.68103,-23.745447],[-46.681007,-23.745437],[-46.680984,-23.745428],[-46.68096,-23.74542],[-46.680936,-23.745415],[-46.680912,-23.74541],[-46.680887,-23.745407],[-46.680862,-23.745406],[-46.680837,-23.745406],[-46.680812,-23.745407],[-46.680787,-23.74541],[-46.680787,-23.74541],[-46.680671,-23.745428],[-46.68065,-23.745431],[-46.680628,-23.745433],[-46.680606,-23.745434],[-46.680431,-23.745437],[-46.680417,-23.745437],[-46.680403,-23.745436],[-46.680388,-23.745434],[-46.680374,-23.745431],[-46.680361,-23.745428],[-46.680347,-23.745423],[-46.680334,-23.745418],[-46.680321,-23.745412],[-46.680309,-23.745405],[-46.680298,-23.745397],[-46.680287,-23.745389],[-46.680276,-23.74538],[-46.680267,-23.74537],[-46.680258,-23.74536],[-46.680249,-23.745349],[-46.680242,-23.745338],[-46.680236,-23.745326],[-46.68023,-23.745314],[-46.680225,-23.745301],[-46.680221,-23.745289],[-46.680219,-23.745276],[-46.680217,-23.745263],[-46.680198,-23.745092],[-46.680197,-23.745083],[-46.680198,-23.745073],[-46.680198,-23.745063],[-46.6802,-23.745054],[-46.680202,-23.745044],[-46.680205,-23.745035],[-46.680208,-23.745026],[-46.680212,-23.745017],[-46.680217,-23.745008],[-46.680222,-23.745],[-46.680228,-23.744992],[-46.680235,-23.744984],[-46.680242,-23.744977],[-46.68025,-23.74497],[-46.680258,-23.744964]]]]}},{"type":"Feature","properties":{"id":"habi_obraurbanizacao2geosampa_ext.63","gid":63,"ID_Habitasampa":"b7dbc390-7efb-47db-ae7c-ad49a097248f","Nome":"JARDIM ARANTES","Agrupamento":"URB SIMPLES S/ REMOÇÃO PAC - ENCOSTAS","Estagio":"04 - OBRA CONTRATADA E NÃO INICIADA","ID_unico":"1151.100.100-u","Escopo":"OBRA","Responsavel":"SEHAB/CFT-OBRA","Programa_metas":"","Estimativa_familias":180.0,"Previsao_entrega_obra":"Sem previsão","Estagio_mapeamento":"Obra contratada","Area_m2":25745.16,"Distrito":"IGUATEMI","Subprefeitura":"SAO MATEUS","DTS":"LESTE"},"geometry":{"type":"MultiPolygon","coordinates":[[[[-46.417385,-23.624594],[-46.41852,-23.623036],[-46.41795,-23.622977],[-46.417617,-23.622925],[-46.417192,-23.622819],[-46.416954,-23.622788],[-46.416577,-23.625582],[-46.417385,-23.624594]]]]}},{"type":"Feature","properties":{"id":"habi_obraurbanizacao2geosampa_ext.64","gid":64,"ID_Habitasampa":"a5281b1b-d6a3-4cca-9ae1-4545436b6544","Nome":"LOTE 6 - NOVA GRAJAÚ II - PARQUE LINEAR COCAIA - SUBPERÍMETRO 9","Agrupamento":"URBANIZAÇÃO COMPLEXA MANANCIAIS","Estagio":"12 - PROJETO CONTRATADO E NÃO INICIADO","ID_unico":"1144.101.108-u","Escopo":"PROJETO+OBRA","Responsavel":"SEHAB/SEPM","Programa_metas":"","Estimativa_familias":268.0,"Previsao_entrega_obra":"Sem previsão","Estagio_mapeamento":"Projeto contratado","Area_m2":24700.45,"Distrito":"GRAJAU","Subprefeitura":"CAPELA DO SOCORRO","DTS":"MANANCIAIS"},"geometry":{"type":"MultiPolygon","coordinates":[[[[-46.677706,-23.741523],[-46.677647,-23.741452],[-46.677653,-23.741526],[-46.677669,-23.741597],[-46.677728,-23.741684],[-46.677747,-23.741718],[-46.677828,-23.741785],[-46.677856,-23.74188],[-46.677873,-23.741984],[-46.677852,-23.742016],[-46.67785,-23.742078],[-46.677875,-23.742131],[-46.67786,-23.742236],[-46.677863,-23.742309],[-46.677881,-23.742327],[-46.67785,-23.742414],[-46.677894,-23.742438],[-46.677921,-23.742463],[-46.677941,-23.742509],[-46.677938,-23.742589],[-46.677977,-23.742619],[-46.678004,-23.742664],[-46.678032,-23.742688],[-46.678078,-23.742701],[-46.678074,-23.742745],[-46.678044,-23.742777],[-46.678045,-23.742821],[-46.678112,-23.742901],[-46.678174,-23.74292],[-46.678227,-23.742956],[-46.678215,-23.743045],[-46.678242,-23.743093],[-46.67834,-23.743189],[-46.678385,-23.743286],[-46.678503,-23.743488],[-46.678712,-23.743676],[-46.678766,-23.743777],[-46.678863,-23.743828],[-46.678983,-23.743895],[-46.67909,-23.744008],[-46.679352,-23.744192],[-46.679542,-23.744267],[-46.679687,-23.744289],[-46.679899,-23.744072],[-46.679813,-23.743897],[-46.679797,-23.743906],[-46.679781,-23.743914],[-46.679765,-23.743921],[-46.679748,-23.743926],[-46.679731,-23.743931],[-46.679713,-23.743935],[-46.679695,-23.743937],[-46.679677,-23.743938],[-46.679659,-23.743938],[-46.679641,-23.743937],[-46.679623,-23.743935],[-46.679606,-23.743932],[-46.679588,-23.743927],[-46.679571,-23.743922],[-46.679555,-23.743915],[-46.679539,-23.743908],[-46.679523,-23.743899],[-46.679509,-23.743889],[-46.679405,-23.743817],[-46.67936,-23.743782],[-46.679273,-23.743692],[-46.678977,-23.743373],[-46.678916,-23.743308],[-46.678796,-23.743185],[-46.678785,-23.743173],[-46.678775,-23.74316],[-46.678765,-23.743146],[-46.678757,-23.743131],[-46.67875,-23.743116],[-46.678743,-23.743101],[-46.678738,-23.743085],[-46.678735,-23.743069],[-46.678732,-23.743053],[-46.678731,-23.743037],[-46.67873,-23.743021],[-46.678731,-23.743004],[-46.678734,-23.742988],[-46.678737,-23.742972],[-46.678742,-23.742956],[-46.678747,-23.742941],[-46.678754,-23.742926],[-46.678762,-23.742911],[-46.678771,-23.742897],[-46.678781,-23.742883],[-46.678792,-23.742871],[-46.678804,-23.742859],[-46.678817,-23.742847],[-46.678831,-23.742837],[-46.678845,-23.742827],[-46.679402,-23.742483],[-46.680064,-23.742046],[-46.680006,-23.741973],[-46.679942,-23.742016],[-46.679939,-23.742017],[-46.679936,-23.742019],[-46.679932,-23.742021],[-46.679929,-23.742022],[-46.679926,-23.742023],[-46.679922,-23.742024],[-46.679919,-23.742024],[-46.679915,-23.742025],[-46.679911,-23.742025],[-46.679908,-23.742025],[-46.679904,-23.742025],[-46.6799,-23.742024],[-46.679897,-23.742023],[-46.679893,-23.742023],[-46.67989,-23.742021],[-46.679887,-23.74202],[-46.679884,-23.742018],[-46.67988,-23.742017],[-46.679877,-23.742015],[-46.679875,-23.742013],[-46.679872,-23.74201],[-46.67987,-23.742008],[-46.679867,-23.742005],[-46.679797,-23.74192],[-46.679783,-23.741905],[-46.679768,-23.74189],[-46.679752,-23.741876],[-46.679735,-23.741863],[-46.679718,-23.741851],[-46.679699,-23.741841],[-46.67968,-23.741831],[-46.67966,-23.741823],[-46.679639,-23.741816],[-46.679618,-23.74181],[-46.679597,-23.741806],[-46.679575,-23.741803],[-46.679553,-23.741801],[-46.679531,-23.741801],[-46.679509,-23.741801],[-46.679488,-23.741804],[-46.679466,-23.741807],[-46.679445,-23.741812],[-46.677931,-23.742212],[-46.677916,-23.742183],[-46.677933,-23.742029],[-46.677931,-23.741968],[-46.677924,-23.741885],[-46.677898,-23.741806],[-46.677881,-23.741745],[-46.677755,-23.741644],[-46.677706,-23.741523]]]]}},{"type":"Feature","properties":{"id":"habi_obraurbanizacao2geosampa_ext.70","gid":70,"ID_Habitasampa":"fa9ce6e1-88e0-4b89-963c-eaf05c58bbe3","Nome":"LOTE 7 - MONTE VERDE - SUBPERÍMETRO 2 (PARQUE LUIZA CARIOBA)","Agrupamento":"URBANIZAÇÃO COMPLEXA MANANCIAIS","Estagio":"03 - OBRA EM ANDAMENTO","ID_unico":"1191.100.101-u","Escopo":"PROJETO+OBRA","Responsavel":"SEHAB/SEPM","Programa_metas":"","Estimativa_familias":203.0,"Previsao_entrega_obra":"dez-26","Estagio_mapeamento":"Obra contratada","Area_m2":17675.7,"Distrito":"GRAJAU","Subprefeitura":"CAPELA DO SOCORRO","DTS":"MANANCIAIS"},"geometry":{"type":"MultiPolygon","coordinates":[[[[-46.660274,-23.752137],[-46.661176,-23.752338],[-46.6611,-23.752511],[-46.661257,-23.752513],[-46.661292,-23.75252],[-46.661331,-23.75256],[-46.661353,-23.752606],[-46.661354,-23.753046],[-46.661627,-23.753069],[-46.661966,-23.753042],[-46.662285,-23.753089],[-46.662299,-23.753029],[-46.66245,-23.753061],[-46.662501,-23.75308],[-46.662515,-23.753055],[-46.662794,-23.753131],[-46.662893,-23.753163],[-46.662924,-23.753107],[-46.663071,-23.753177],[-46.663145,-23.753135],[-46.663645,-23.75339],[-46.6638,-23.753506],[-46.663874,-23.753555],[-46.66396,-23.753473],[-46.663918,-23.753237],[-46.664047,-23.753226],[-46.664037,-23.753168],[-46.663958,-23.75305],[-46.663955,-23.752642],[-46.664028,-23.752506],[-46.663956,-23.752381],[-46.663917,-23.75232],[-46.663837,-23.752264],[-46.663503,-23.752481],[-46.663491,-23.75261],[-46.66325,-23.752545],[-46.663158,-23.752538],[-46.663112,-23.752604],[-46.66311,-23.752691],[-46.663106,-23.752797],[-46.663083,-23.752838],[-46.66301,-23.75284],[-46.662959,-23.752792],[-46.662888,-23.752783],[-46.662722,-23.75278],[-46.662586,-23.752758],[-46.662448,-23.752701],[-46.662295,-23.752658],[-46.662284,-23.752726],[-46.661962,-23.752622],[-46.661909,-23.752626],[-46.661903,-23.752684],[-46.661734,-23.752671],[-46.66165,-23.752691],[-46.661613,-23.752549],[-46.661557,-23.752407],[-46.661341,-23.752331],[-46.661198,-23.752302],[-46.660288,-23.752094],[-46.660274,-23.752137]]]]}},{"type":"Feature","properties":{"id":"habi_obraurbanizacao2geosampa_ext.65","gid":65,"ID_Habitasampa":"cb3122aa-290a-4f70-bb22-93b31391859a","Nome":"LOTE 3 - CHÁCARA FLÓRIDA - SUBPERÍMETRO 1","Agrupamento":"URBANIZAÇÃO COMPLEXA MANANCIAIS","Estagio":"03 - OBRA EM ANDAMENTO","ID_unico":"1109.101.100-u","Escopo":"PROJETO+OBRA","Responsavel":"SEHAB/SEPM","Programa_metas":"2025-2028","Estimativa_familias":653.0,"Previsao_entrega_obra":"dez-26","Estagio_mapeamento":"Obra contratada","Area_m2":238292.02,"Distrito":"JARDIM ANGELA","Subprefeitura":"M BOI MIRIM","DTS":"MANANCIAIS"},"geometry":{"type":"MultiPolygon","coordinates":[[[[-46.774377,-23.728083],[-46.774378,-23.728091],[-46.774379,-23.7281],[-46.774379,-23.728109],[-46.774379,-23.728117],[-46.774378,-23.728126],[-46.774327,-23.728487],[-46.774319,-23.728533],[-46.774308,-23.728579],[-46.774295,-23.728624],[-46.774279,-23.728668],[-46.774222,-23.728812],[-46.774209,-23.728843],[-46.774161,-23.728952],[-46.774139,-23.728999],[-46.774113,-23.729045],[-46.774071,-23.729114],[-46.774034,-23.729179],[-46.774021,-23.7292],[-46.773977,-23.72928],[-46.773907,-23.729408],[-46.773898,-23.729426],[-46.77389,-23.729444],[-46.773883,-23.729462],[-46.773878,-23.729481],[-46.773874,-23.729501],[-46.773871,-23.72952],[-46.77387,-23.72954],[-46.77387,-23.729559],[-46.773871,-23.729579],[-46.77388,-23.729665],[-46.773885,-23.72971],[-46.773893,-23.729755],[-46.77393,-23.729941],[-46.773936,-23.729978],[-46.77394,-23.730016],[-46.773941,-23.730053],[-46.773939,-23.730091],[-46.773935,-23.730128],[-46.773928,-23.730165],[-46.773918,-23.730201],[-46.773906,-23.730237],[-46.77384,-23.730417],[-46.773822,-23.730462],[-46.773752,-23.730637],[-46.773712,-23.730728],[-46.773597,-23.73097],[-46.773565,-23.731034],[-46.773478,-23.731198],[-46.773454,-23.731246],[-46.77338,-23.731397],[-46.773336,-23.731563],[-46.773184,-23.731844],[-46.773163,-23.731888],[-46.773145,-23.731932],[-46.77313,-23.731978],[-46.77311,-23.732048],[-46.773098,-23.732091],[-46.773089,-23.732135],[-46.773068,-23.73225],[-46.773061,-23.732294],[-46.773057,-23.732338],[-46.773015,-23.732891],[-46.773013,-23.732929],[-46.773013,-23.732967],[-46.773015,-23.733142],[-46.773018,-23.733202],[-46.773025,-23.733262],[-46.773037,-23.733321],[-46.773037,-23.733325],[-46.773038,-23.733328],[-46.773044,-23.73336],[-46.773052,-23.733392],[-46.773062,-23.733423],[-46.773073,-23.733454],[-46.773082,-23.733475],[-46.773085,-23.733484],[-46.773088,-23.733494],[-46.77309,-23.733504],[-46.773092,-23.733515],[-46.773093,-23.733525],[-46.773093,-23.733535],[-46.773083,-23.733979],[-46.773083,-23.733987],[-46.773082,-23.734072],[-46.773093,-23.734167],[-46.773098,-23.734196],[-46.773168,-23.734568],[-46.773216,-23.734403],[-46.773711,-23.734331],[-46.773786,-23.734371],[-46.773797,-23.734377],[-46.773808,-23.734383],[-46.773819,-23.734387],[-46.773831,-23.734392],[-46.773842,-23.734395],[-46.773854,-23.734398],[-46.773867,-23.7344],[-46.773879,-23.734401],[-46.773891,-23.734402],[-46.77397,-23.734404],[-46.773998,-23.734404],[-46.774026,-23.734403],[-46.774054,-23.7344],[-46.774196,-23.734383],[-46.77425,-23.734378],[-46.774275,-23.734376],[-46.774427,-23.734372],[-46.774435,-23.734372],[-46.774443,-23.734371],[-46.774451,-23.73437],[-46.774458,-23.734368],[-46.774466,-23.734365],[-46.774473,-23.734363],[-46.77448,-23.734359],[-46.774487,-23.734356],[-46.774493,-23.734352],[-46.774499,-23.734347],[-46.774505,-23.734342],[-46.774576,-23.734281],[-46.774583,-23.734275],[-46.774591,-23.734269],[-46.774599,-23.734264],[-46.774607,-23.73426],[-46.774616,-23.734256],[-46.774624,-23.734252],[-46.774634,-23.734249],[-46.774675,-23.734238],[-46.774716,-23.734229],[-46.774734,-23.734226],[-46.774752,-23.734223],[-46.77477,-23.734222],[-46.774788,-23.734222],[-46.775223,-23.734229],[-46.775252,-23.734231],[-46.775415,-23.734242],[-46.775442,-23.734243],[-46.776394,-23.734343],[-46.776404,-23.734344],[-46.776419,-23.734345],[-46.776434,-23.734346],[-46.776449,-23.734345],[-46.776463,-23.734344],[-46.776478,-23.734342],[-46.776493,-23.734339],[-46.776565,-23.734323],[-46.776595,-23.734315],[-46.776624,-23.734306],[-46.777257,-23.734107],[-46.777579,-23.734103],[-46.777593,-23.733977],[-46.777439,-23.733942],[-46.777409,-23.73379],[-46.777501,-23.733404],[-46.777701,-23.733253],[-46.777857,-23.733101],[-46.777915,-23.732976],[-46.777941,-23.732908],[-46.777942,-23.732834],[-46.777914,-23.732733],[-46.777831,-23.732572],[-46.777671,-23.732366],[-46.777484,-23.732093],[-46.777414,-23.73201],[-46.777273,-23.731807],[-46.777085,-23.731598],[-46.776984,-23.731356],[-46.776831,-23.730921],[-46.776787,-23.730725],[-46.77681,-23.730502],[-46.776854,-23.730337],[-46.776984,-23.730149],[-46.776975,-23.729844],[-46.776822,-23.729521],[-46.776423,-23.729104],[-46.776065,-23.728843],[-46.775505,-23.72863],[-46.775277,-23.728496],[-46.775106,-23.728399],[-46.774826,-23.728248],[-46.774692,-23.728159],[-46.774552,-23.727999],[-46.774465,-23.728067],[-46.774377,-23.728083]]]]}},{"type":"Feature","properties":{"id":"habi_obraurbanizacao2geosampa_ext.66","gid":66,"ID_Habitasampa":"3351b630-6946-4b94-9c46-502a462e6ec2","Nome":"LOTE 3 - CHÁCARA FLÓRIDA - SUBPERÍMETRO 2","Agrupamento":"URBANIZAÇÃO COMPLEXA MANANCIAIS","Estagio":"03 - OBRA EM ANDAMENTO","ID_unico":"1109.101.101-u","Escopo":"PROJETO+OBRA","Responsavel":"SEHAB/SEPM","Programa_metas":"2025-2028","Estimativa_familias":201.0,"Previsao_entrega_obra":"jun-26","Estagio_mapeamento":"Obra contratada","Area_m2":82202.29,"Distrito":"JARDIM ANGELA","Subprefeitura":"M BOI MIRIM","DTS":"MANANCIAIS"},"geometry":{"type":"MultiPolygon","coordinates":[[[[-46.769074,-23.731673],[-46.769128,-23.73178],[-46.769116,-23.731848],[-46.769327,-23.732476],[-46.769352,-23.732555],[-46.769361,-23.732608],[-46.769374,-23.732659],[-46.769413,-23.732728],[-46.769681,-23.732834],[-46.769687,-23.732861],[-46.769748,-23.732983],[-46.769874,-23.733107],[-46.769891,-23.733129],[-46.77005,-23.733022],[-46.770259,-23.732893],[-46.770702,-23.733004],[-46.77071,-23.733013],[-46.770716,-23.733022],[-46.770723,-23.733032],[-46.770728,-23.733042],[-46.770733,-23.733052],[-46.770737,-23.733063],[-46.77079,-23.733214],[-46.770799,-23.733235],[-46.770809,-23.733256],[-46.77082,-23.733276],[-46.770833,-23.733296],[-46.770848,-23.733315],[-46.770863,-23.733332],[-46.77088,-23.733349],[-46.770927,-23.733392],[-46.770947,-23.73341],[-46.770968,-23.733426],[-46.770991,-23.733441],[-46.771014,-23.733455],[-46.771375,-23.733647],[-46.771718,-23.733837],[-46.771722,-23.733839],[-46.771725,-23.733841],[-46.771728,-23.733843],[-46.77173,-23.733846],[-46.771733,-23.733848],[-46.771735,-23.733851],[-46.771738,-23.733854],[-46.77174,-23.733857],[-46.771741,-23.73386],[-46.771743,-23.733863],[-46.771744,-23.733867],[-46.771745,-23.73387],[-46.771815,-23.734129],[-46.771826,-23.73417],[-46.772511,-23.734308],[-46.772655,-23.734298],[-46.772691,-23.734295],[-46.772727,-23.734289],[-46.772762,-23.734281],[-46.773098,-23.734196],[-46.773093,-23.734167],[-46.773082,-23.734072],[-46.773083,-23.733979],[-46.773093,-23.733529],[-46.773092,-23.733518],[-46.773091,-23.733507],[-46.773088,-23.733496],[-46.773086,-23.733485],[-46.773082,-23.733475],[-46.773073,-23.733454],[-46.773061,-23.733421],[-46.773051,-23.733388],[-46.773043,-23.733355],[-46.773037,-23.733321],[-46.773025,-23.733262],[-46.773018,-23.733202],[-46.773015,-23.733142],[-46.773013,-23.732967],[-46.773013,-23.732929],[-46.773015,-23.732891],[-46.773057,-23.732338],[-46.773061,-23.732294],[-46.773068,-23.73225],[-46.773089,-23.732135],[-46.773098,-23.732091],[-46.77311,-23.732048],[-46.77313,-23.731978],[-46.773145,-23.731932],[-46.773163,-23.731888],[-46.773184,-23.731844],[-46.773336,-23.731563],[-46.77338,-23.731397],[-46.773378,-23.731399],[-46.773377,-23.731402],[-46.773375,-23.731405],[-46.773373,-23.731407],[-46.773371,-23.731409],[-46.773368,-23.731411],[-46.773366,-23.731413],[-46.773363,-23.731415],[-46.77336,-23.731416],[-46.773358,-23.731418],[-46.773355,-23.731419],[-46.773352,-23.73142],[-46.773348,-23.731421],[-46.773345,-23.731422],[-46.773342,-23.731422],[-46.773339,-23.731422],[-46.773336,-23.731422],[-46.773332,-23.731422],[-46.773329,-23.731422],[-46.773326,-23.731421],[-46.773323,-23.73142],[-46.772785,-23.731264],[-46.77275,-23.731255],[-46.772714,-23.731249],[-46.772678,-23.731244],[-46.772642,-23.731242],[-46.772606,-23.731242],[-46.772569,-23.731245],[-46.772533,-23.731249],[-46.772074,-23.731324],[-46.771943,-23.731345],[-46.771884,-23.731359],[-46.771826,-23.731376],[-46.771769,-23.731397],[-46.771022,-23.731695],[-46.770989,-23.731709],[-46.770957,-23.731724],[-46.770499,-23.731949],[-46.77047,-23.731965],[-46.770442,-23.731982],[-46.770259,-23.732099],[-46.770241,-23.732111],[-46.770202,-23.732139],[-46.770188,-23.732148],[-46.770174,-23.732156],[-46.770159,-23.732164],[-46.770143,-23.73217],[-46.770127,-23.732176],[-46.770111,-23.73218],[-46.770094,-23.732184],[-46.770077,-23.732187],[-46.77006,-23.732188],[-46.770043,-23.732189],[-46.770026,-23.732188],[-46.770009,-23.732187],[-46.769992,-23.732184],[-46.769855,-23.73216],[-46.769829,-23.732154],[-46.769766,-23.732141],[-46.769744,-23.732135],[-46.769723,-23.732128],[-46.769702,-23.73212],[-46.769682,-23.732111],[-46.769663,-23.7321],[-46.769644,-23.732088],[-46.769626,-23.732075],[-46.76961,-23.732061],[-46.769594,-23.732046],[-46.769506,-23.731954],[-46.769483,-23.731932],[-46.76946,-23.731912],[-46.769381,-23.731848],[-46.769358,-23.73183],[-46.769334,-23.731814],[-46.769309,-23.731799],[-46.769074,-23.731673]]]]}},{"type":"Feature","properties":{"id":"habi_obraurbanizacao2geosampa_ext.71","gid":71,"ID_Habitasampa":"e4549d9b-d977-410f-a63a-e06fb9aa984b","Nome":"LOTE 8 - JARDIM SILVEIRA - SUBPERÍMETRO 1","Agrupamento":"A DEFINIR MANANCIAIS","Estagio":"12 - PROJETO CONTRATADO E NÃO INICIADO","ID_unico":"1202.100.100-u","Escopo":"PROJETO+OBRA","Responsavel":"SEHAB/SEPM","Programa_metas":"","Estimativa_familias":55.0,"Previsao_entrega_obra":"Sem previsão","Estagio_mapeamento":"Projeto contratado","Area_m2":16594.16,"Distrito":"PARELHEIROS","Subprefeitura":"PARELHEIROS","DTS":"MANANCIAIS"},"geometry":{"type":"MultiPolygon","coordinates":[[[[-46.714413,-23.851193],[-46.714675,-23.851722],[-46.714688,-23.851713],[-46.71512,-23.851518],[-46.715125,-23.851511],[-46.715178,-23.851441],[-46.715063,-23.851294],[-46.715025,-23.851223],[-46.715014,-23.851173],[-46.715024,-23.851141],[-46.715038,-23.851131],[-46.715092,-23.851097],[-46.716112,-23.850471],[-46.715852,-23.849958],[-46.71536,-23.849943],[-46.714785,-23.850387],[-46.714536,-23.850488],[-46.714616,-23.850639],[-46.714595,-23.85083],[-46.714529,-23.850964],[-46.714454,-23.851043],[-46.714428,-23.851149],[-46.714413,-23.851193]]]]}},{"type":"Feature","properties":{"id":"habi_obraurbanizacao2geosampa_ext.72","gid":72,"ID_Habitasampa":"bdc127bf-03af-4331-b02e-3408adac2f5a","Nome":"LOTE 8 - JARDIM SILVEIRA - SUBPERÍMETRO 2","Agrupamento":"A DEFINIR MANANCIAIS","Estagio":"12 - PROJETO CONTRATADO E NÃO INICIADO","ID_unico":"1202.100.101-u","Escopo":"PROJETO+OBRA","Responsavel":"SEHAB/SEPM","Programa_metas":"","Estimativa_familias":132.0,"Previsao_entrega_obra":"dez-27","Estagio_mapeamento":"Projeto contratado","Area_m2":66112.4,"Distrito":"PARELHEIROS","Subprefeitura":"PARELHEIROS","DTS":"MANANCIAIS"},"geometry":{"type":"MultiPolygon","coordinates":[[[[-46.71569,-23.854234],[-46.715085,-23.853534],[-46.714181,-23.852504],[-46.713249,-23.85153],[-46.713084,-23.851574],[-46.712666,-23.851409],[-46.71251,-23.851383],[-46.712415,-23.8513],[-46.712272,-23.851268],[-46.712188,-23.85104],[-46.711892,-23.851347],[-46.711668,-23.851661],[-46.711425,-23.851448],[-46.711081,-23.851145],[-46.710876,-23.850896],[-46.710752,-23.850665],[-46.710558,-23.850416],[-46.709929,-23.849782],[-46.709701,-23.849888],[-46.71034,-23.85067],[-46.710341,-23.850689],[-46.710612,-23.851027],[-46.710556,-23.851427],[-46.710707,-23.851477],[-46.710884,-23.851474],[-46.711624,-23.851938],[-46.712004,-23.851991],[-46.712617,-23.852225],[-46.712867,-23.852543],[-46.714078,-23.853809],[-46.714644,-23.85438],[-46.71479,-23.854837],[-46.714651,-23.855223],[-46.715037,-23.855762],[-46.715314,-23.855213],[-46.71569,-23.854234]]]]}},{"type":"Feature","properties":{"id":"habi_obraurbanizacao2geosampa_ext.67","gid":67,"ID_Habitasampa":"917ea0b9-22a0-48c7-8c5f-7ade7b52ecf4","Nome":"LOTE 4 - ANTHERO - SUBPERÍMETRO 2 (NÚCLEO)","Agrupamento":"URBANIZAÇÃO COMPLEXA MANANCIAIS","Estagio":"11 - PROJETO EM ANDAMENTO","ID_unico":"1112.101.101-u","Escopo":"PROJETO+OBRA","Responsavel":"SEHAB/SEPM","Programa_metas":"2025-2028","Estimativa_familias":65.0,"Previsao_entrega_obra":"dez-27","Estagio_mapeamento":"Projeto contratado","Area_m2":14990.91,"Distrito":"CIDADE DUTRA","Subprefeitura":"CAPELA DO SOCORRO","DTS":"MANANCIAIS"},"geometry":{"type":"MultiPolygon","coordinates":[[[[-46.685331,-23.717721],[-46.685332,-23.717782],[-46.685299,-23.717791],[-46.684972,-23.717844],[-46.684956,-23.717726],[-46.684941,-23.717709],[-46.684922,-23.717689],[-46.684886,-23.717666],[-46.684836,-23.717657],[-46.684787,-23.717659],[-46.684664,-23.717649],[-46.684594,-23.717631],[-46.684573,-23.717619],[-46.684554,-23.717612],[-46.684514,-23.717599],[-46.684469,-23.717591],[-46.684443,-23.717588],[-46.684395,-23.717578],[-46.684382,-23.717574],[-46.68435,-23.717559],[-46.684292,-23.717533],[-46.68422,-23.717522],[-46.68418,-23.717521],[-46.68412,-23.717523],[-46.68408,-23.717526],[-46.684033,-23.717526],[-46.683969,-23.717527],[-46.683917,-23.717527],[-46.683897,-23.717526],[-46.683853,-23.717521],[-46.683677,-23.717495],[-46.683632,-23.717487],[-46.683584,-23.717479],[-46.68356,-23.717474],[-46.683539,-23.71747],[-46.683442,-23.717449],[-46.683376,-23.717437],[-46.683319,-23.71742],[-46.683257,-23.717396],[-46.68321,-23.717375],[-46.683194,-23.717367],[-46.683151,-23.717347],[-46.683109,-23.717327],[-46.683046,-23.717299],[-46.683038,-23.717296],[-46.683013,-23.717285],[-46.682988,-23.717274],[-46.68298,-23.71727],[-46.682955,-23.717259],[-46.682921,-23.717243],[-46.682903,-23.717235],[-46.682865,-23.717215],[-46.682779,-23.717171],[-46.682752,-23.717154],[-46.682717,-23.717133],[-46.682685,-23.717112],[-46.682653,-23.71709],[-46.682635,-23.717077],[-46.682575,-23.717035],[-46.682525,-23.717001],[-46.682493,-23.716979],[-46.682393,-23.716913],[-46.68237,-23.716896],[-46.682314,-23.716854],[-46.682272,-23.716828],[-46.682221,-23.716797],[-46.682178,-23.716773],[-46.682158,-23.716759],[-46.68213,-23.716741],[-46.682101,-23.716723],[-46.682063,-23.716701],[-46.68201,-23.716665],[-46.681966,-23.716629],[-46.681961,-23.716625],[-46.681945,-23.716611],[-46.681911,-23.716585],[-46.681866,-23.716549],[-46.681812,-23.716505],[-46.681795,-23.716486],[-46.681779,-23.716468],[-46.681756,-23.71644],[-46.681738,-23.716404],[-46.681725,-23.716378],[-46.681717,-23.716351],[-46.681713,-23.716324],[-46.681707,-23.716287],[-46.68171,-23.716278],[-46.681719,-23.716251],[-46.681729,-23.716224],[-46.681762,-23.716226],[-46.681776,-23.716227],[-46.681814,-23.71623],[-46.681837,-23.716232],[-46.681884,-23.716239],[-46.681908,-23.716248],[-46.68195,-23.716266],[-46.681993,-23.716285],[-46.682002,-23.71629],[-46.682022,-23.716304],[-46.682161,-23.716386],[-46.6823,-23.716474],[-46.682852,-23.716782],[-46.683036,-23.716876],[-46.683193,-23.716943],[-46.683368,-23.717015],[-46.683512,-23.717077],[-46.683616,-23.717106],[-46.683713,-23.717133],[-46.683835,-23.717151],[-46.683957,-23.717162],[-46.684093,-23.717167],[-46.684244,-23.717161],[-46.684372,-23.717174],[-46.684472,-23.717194],[-46.684583,-23.717231],[-46.684662,-23.717262],[-46.684779,-23.717318],[-46.685036,-23.717474],[-46.685067,-23.717489],[-46.685089,-23.7175],[-46.685135,-23.717526],[-46.685296,-23.717611],[-46.685331,-23.717721]]]]}},{"type":"Feature","properties":{"id":"habi_obraurbanizacao2geosampa_ext.68","gid":68,"ID_Habitasampa":"6d6103b6-fd36-4356-b0be-95b7ad02503e","Nome":"LOTE 3 - CHÁCARA FLÓRIDA - SUBPERÍMETRO 3","Agrupamento":"URBANIZAÇÃO COMPLEXA MANANCIAIS","Estagio":"03 - OBRA EM ANDAMENTO","ID_unico":"1109.101.102-u","Escopo":"PROJETO+OBRA","Responsavel":"SEHAB/SEPM","Programa_metas":"2025-2028","Estimativa_familias":384.0,"Previsao_entrega_obra":"jun-26","Estagio_mapeamento":"Obra contratada","Area_m2":197958.84,"Distrito":"JARDIM ANGELA","Subprefeitura":"M BOI MIRIM","DTS":"MANANCIAIS"},"geometry":{"type":"MultiPolygon","coordinates":[[[[-46.773356,-23.731418],[-46.773359,-23.731417],[-46.773362,-23.731416],[-46.773364,-23.731414],[-46.773367,-23.731412],[-46.773369,-23.731411],[-46.773371,-23.731409],[-46.773373,-23.731406],[-46.773375,-23.731404],[-46.773377,-23.731402],[-46.773378,-23.731399],[-46.77338,-23.731397],[-46.773454,-23.731246],[-46.773478,-23.731198],[-46.773565,-23.731034],[-46.773597,-23.73097],[-46.773712,-23.730728],[-46.773725,-23.730699],[-46.773752,-23.730637],[-46.773822,-23.730462],[-46.77384,-23.730417],[-46.773906,-23.730237],[-46.773918,-23.730201],[-46.773928,-23.730165],[-46.773935,-23.730128],[-46.773939,-23.730091],[-46.773941,-23.730053],[-46.77394,-23.730016],[-46.773936,-23.729978],[-46.77393,-23.729941],[-46.773893,-23.729755],[-46.773885,-23.72971],[-46.77388,-23.729665],[-46.773871,-23.729579],[-46.77387,-23.729559],[-46.77387,-23.72954],[-46.773871,-23.72952],[-46.773874,-23.729501],[-46.773878,-23.729481],[-46.773883,-23.729462],[-46.77389,-23.729444],[-46.773898,-23.729426],[-46.773907,-23.729408],[-46.774021,-23.7292],[-46.774034,-23.729179],[-46.77394,-23.729122],[-46.773842,-23.729008],[-46.773646,-23.728489],[-46.773555,-23.728172],[-46.77355,-23.72811],[-46.773332,-23.728211],[-46.773172,-23.728255],[-46.773076,-23.728253],[-46.773003,-23.728243],[-46.772932,-23.72821],[-46.772774,-23.728117],[-46.772635,-23.728028],[-46.772443,-23.72781],[-46.772386,-23.727682],[-46.772348,-23.727314],[-46.772342,-23.727241],[-46.772327,-23.727187],[-46.772306,-23.727133],[-46.772292,-23.727101],[-46.772274,-23.727056],[-46.77219,-23.726882],[-46.772178,-23.726852],[-46.772165,-23.726823],[-46.772149,-23.726795],[-46.772009,-23.72656],[-46.771995,-23.726537],[-46.771979,-23.726515],[-46.771962,-23.726494],[-46.771775,-23.726222],[-46.771768,-23.726211],[-46.77176,-23.726199],[-46.771755,-23.726189],[-46.771752,-23.726184],[-46.77175,-23.726178],[-46.771653,-23.726207],[-46.771654,-23.726209],[-46.771654,-23.72621],[-46.771654,-23.726212],[-46.771654,-23.726214],[-46.771654,-23.726215],[-46.771654,-23.726217],[-46.771654,-23.726219],[-46.771654,-23.72622],[-46.771653,-23.726222],[-46.771652,-23.726224],[-46.771652,-23.726225],[-46.771651,-23.726227],[-46.77165,-23.726228],[-46.771649,-23.72623],[-46.771648,-23.726231],[-46.771646,-23.726232],[-46.771645,-23.726233],[-46.771644,-23.726234],[-46.771644,-23.726234],[-46.771288,-23.726484],[-46.77127,-23.726496],[-46.771251,-23.726506],[-46.771232,-23.726516],[-46.771212,-23.726524],[-46.771191,-23.726531],[-46.77117,-23.726537],[-46.771148,-23.726542],[-46.771127,-23.726545],[-46.771105,-23.726547],[-46.771083,-23.726548],[-46.771061,-23.726547],[-46.770801,-23.726533],[-46.770768,-23.726639],[-46.770773,-23.726707],[-46.770781,-23.726813],[-46.770796,-23.72697],[-46.7708,-23.727062],[-46.770808,-23.727137],[-46.770812,-23.727186],[-46.770806,-23.727383],[-46.770824,-23.727652],[-46.770824,-23.727668],[-46.770824,-23.727671],[-46.770824,-23.727673],[-46.770824,-23.727676],[-46.770825,-23.727679],[-46.770825,-23.727681],[-46.770775,-23.72773],[-46.770771,-23.727731],[-46.770767,-23.727731],[-46.770764,-23.727732],[-46.77076,-23.727733],[-46.770757,-23.727734],[-46.770754,-23.727736],[-46.77075,-23.727737],[-46.770747,-23.727739],[-46.770744,-23.727741],[-46.770706,-23.727769],[-46.770639,-23.727812],[-46.770562,-23.727855],[-46.770239,-23.728044],[-46.770203,-23.728066],[-46.770168,-23.72809],[-46.770141,-23.72811],[-46.770114,-23.728131],[-46.77008,-23.72816],[-46.770076,-23.728164],[-46.770067,-23.728172],[-46.770032,-23.728205],[-46.769999,-23.728241],[-46.769978,-23.728264],[-46.769945,-23.728304],[-46.769933,-23.72832],[-46.769916,-23.728343],[-46.769907,-23.728355],[-46.769899,-23.728366],[-46.769883,-23.728391],[-46.76983,-23.728482],[-46.769767,-23.728631],[-46.769672,-23.728889],[-46.769624,-23.729037],[-46.769617,-23.729063],[-46.769596,-23.729141],[-46.769559,-23.729151],[-46.769486,-23.729394],[-46.769488,-23.729513],[-46.769581,-23.729496],[-46.769626,-23.7295],[-46.769591,-23.729733],[-46.769513,-23.730236],[-46.769483,-23.730302],[-46.769446,-23.730409],[-46.769398,-23.730566],[-46.769386,-23.730605],[-46.769342,-23.730774],[-46.769134,-23.731464],[-46.76909,-23.7316],[-46.769074,-23.731673],[-46.769309,-23.731799],[-46.769334,-23.731814],[-46.769358,-23.73183],[-46.769381,-23.731848],[-46.76946,-23.731912],[-46.769483,-23.731932],[-46.769506,-23.731954],[-46.769594,-23.732046],[-46.76961,-23.732061],[-46.769626,-23.732075],[-46.769644,-23.732088],[-46.769663,-23.7321],[-46.769682,-23.732111],[-46.769702,-23.73212],[-46.769723,-23.732128],[-46.769744,-23.732135],[-46.769766,-23.732141],[-46.769829,-23.732154],[-46.769855,-23.73216],[-46.769992,-23.732184],[-46.770009,-23.732187],[-46.770026,-23.732188],[-46.770043,-23.732189],[-46.77006,-23.732188],[-46.770077,-23.732187],[-46.770094,-23.732184],[-46.770111,-23.73218],[-46.770127,-23.732176],[-46.770143,-23.73217],[-46.770159,-23.732164],[-46.770174,-23.732156],[-46.770188,-23.732148],[-46.770202,-23.732139],[-46.770241,-23.732111],[-46.770259,-23.7321],[-46.770259,-23.732099],[-46.770442,-23.731982],[-46.77047,-23.731965],[-46.770499,-23.731949],[-46.770957,-23.731724],[-46.770989,-23.731709],[-46.771022,-23.731695],[-46.771769,-23.731397],[-46.771826,-23.731376],[-46.771884,-23.731359],[-46.771943,-23.731345],[-46.772074,-23.731324],[-46.772533,-23.731249],[-46.772569,-23.731245],[-46.772606,-23.731242],[-46.772642,-23.731242],[-46.772678,-23.731244],[-46.772714,-23.731249],[-46.77275,-23.731255],[-46.772785,-23.731264],[-46.773323,-23.73142],[-46.773326,-23.731421],[-46.773329,-23.731422],[-46.773332,-23.731422],[-46.773335,-23.731422],[-46.773338,-23.731422],[-46.773341,-23.731422],[-46.773344,-23.731422],[-46.773347,-23.731421],[-46.77335,-23.73142],[-46.773353,-23.73142],[-46.773356,-23.731418]]]]}},{"type":"Feature","properties":{"id":"habi_obraurbanizacao2geosampa_ext.69","gid":69,"ID_Habitasampa":"b131d015-447e-48b7-851f-d9890fbc553f","Nome":"LOTE 3 - CHÁCARA FLÓRIDA - SUBPERÍMETRO 5","Agrupamento":"URBANIZAÇÃO COMPLEXA MANANCIAIS","Estagio":"11 - PROJETO EM ANDAMENTO","ID_unico":"1109.101.104-u","Escopo":"PROJETO+OBRA","Responsavel":"SEHAB/SEPM","Programa_metas":"2025-2028","Estimativa_familias":659.0,"Previsao_entrega_obra":"jul-27","Estagio_mapeamento":"Projeto contratado","Area_m2":73729.02,"Distrito":"JARDIM ANGELA","Subprefeitura":"M BOI MIRIM","DTS":"MANANCIAIS"},"geometry":{"type":"MultiPolygon","coordinates":[[[[-46.773996,-23.724427],[-46.774076,-23.724508],[-46.774043,-23.724766],[-46.773944,-23.72512],[-46.774201,-23.725103],[-46.774728,-23.725077],[-46.775639,-23.724404],[-46.775759,-23.724339],[-46.775723,-23.724259],[-46.775604,-23.724098],[-46.77549,-23.724],[-46.775296,-23.72378],[-46.775247,-23.723602],[-46.775245,-23.723487],[-46.77482,-23.723374],[-46.77422,-23.724176],[-46.774172,-23.724067],[-46.774411,-23.722988],[-46.774265,-23.722376],[-46.774461,-23.720968],[-46.774459,-23.720845],[-46.77422,-23.720751],[-46.774213,-23.720753],[-46.774207,-23.720754],[-46.773759,-23.720844],[-46.773682,-23.720882],[-46.773602,-23.720897],[-46.77361,-23.720932],[-46.772527,-23.721157],[-46.772365,-23.721211],[-46.772271,-23.721237],[-46.772337,-23.721411],[-46.772518,-23.721893],[-46.772776,-23.722617],[-46.772863,-23.722813],[-46.772872,-23.722831],[-46.772882,-23.722849],[-46.772894,-23.722866],[-46.772906,-23.722882],[-46.77292,-23.722897],[-46.773011,-23.722975],[-46.773159,-23.723097],[-46.773183,-23.723119],[-46.773205,-23.723142],[-46.773225,-23.723166],[-46.773244,-23.723191],[-46.773261,-23.723218],[-46.773275,-23.723245],[-46.77334,-23.723378],[-46.773355,-23.723411],[-46.773368,-23.723445],[-46.773497,-23.723792],[-46.773679,-23.724106],[-46.773996,-23.724427]]]]}},{"type":"Feature","properties":{"id":"habi_obraurbanizacao2geosampa_ext.73","gid":73,"ID_Habitasampa":"d40a7fc3-c443-427c-a1c3-7abedb70b6b2","Nome":"LOTE 7 - CANTINHO DO CÉU - SUBPERÍMETRO 6 (ENCOSTA)","Agrupamento":"URBANIZAÇÃO COMPLEXA MANANCIAIS","Estagio":"01 - OBRA CONCLUÍDA","ID_unico":"1190.100.104-u","Escopo":"PROJETO+OBRA","Responsavel":"SEHAB/SEPM","Programa_metas":"2021-2024","Estimativa_familias":3135.0,"Previsao_entrega_obra":null,"Estagio_mapeamento":"Obra contratada","Area_m2":450006.33,"Distrito":"GRAJAU","Subprefeitura":"CAPELA DO SOCORRO","DTS":"MANANCIAIS"},"geometry":{"type":"MultiPolygon","coordinates":[[[[-46.660386,-23.746597],[-46.66035,-23.746649],[-46.660202,-23.746761],[-46.659984,-23.746857],[-46.659618,-23.746586],[-46.659711,-23.745991],[-46.65951,-23.745362],[-46.659393,-23.745416],[-46.659507,-23.745863],[-46.659315,-23.746339],[-46.659269,-23.746747],[-46.658971,-23.746887],[-46.658743,-23.746986],[-46.658121,-23.747352],[-46.657898,-23.747452],[-46.657675,-23.747549],[-46.657424,-23.747526],[-46.657384,-23.747603],[-46.657339,-23.74772],[-46.6573,-23.74774],[-46.656999,-23.747552],[-46.656871,-23.747671],[-46.65691,-23.747835],[-46.657045,-23.748039],[-46.657064,-23.748303],[-46.656849,-23.748469],[-46.656501,-23.74855],[-46.656363,-23.748529],[-46.65608,-23.748236],[-46.655991,-23.7483],[-46.656153,-23.748555],[-46.656199,-23.748845],[-46.656017,-23.749022],[-46.655626,-23.748986],[-46.655319,-23.748679],[-46.655555,-23.749214],[-46.655409,-23.749736],[-46.654614,-23.749662],[-46.654239,-23.748792],[-46.654192,-23.748306],[-46.653838,-23.747398],[-46.653756,-23.746629],[-46.654013,-23.746448],[-46.654032,-23.746006],[-46.654025,-23.745664],[-46.654036,-23.745531],[-46.654387,-23.74494],[-46.65479,-23.744796],[-46.655198,-23.744876],[-46.655111,-23.744641],[-46.654942,-23.744391],[-46.654011,-23.743473],[-46.654327,-23.742905],[-46.654822,-23.743016],[-46.654966,-23.742994],[-46.654756,-23.742216],[-46.654896,-23.742],[-46.65606,-23.743434],[-46.65673,-23.743701],[-46.65695,-23.743686],[-46.65779,-23.74304],[-46.658261,-23.742835],[-46.658625,-23.742742],[-46.658998,-23.742666],[-46.659235,-23.742746],[-46.660887,-23.742563],[-46.662036,-23.742534],[-46.662276,-23.742649],[-46.662689,-23.743063],[-46.662891,-23.743263],[-46.66315,-23.743396],[-46.663887,-23.743623],[-46.664235,-23.743718],[-46.664709,-23.743788],[-46.664988,-23.743834],[-46.664561,-23.744888],[-46.662381,-23.744929],[-46.660494,-23.745755],[-46.660386,-23.746597]]]]}},{"type":"Feature","properties":{"id":"habi_obraurbanizacao2geosampa_ext.74","gid":74,"ID_Habitasampa":"386addef-9c57-4cf9-ac86-cb12a744604c","Nome":"LOTEAMENTO PARQUE DAS FLORES/JD CONTINENTAL/COHAB - NÚCLEO DOS LÍRIOS","Agrupamento":"URBANIZAÇÃO COMPLEXA","Estagio":"03 - OBRA EM ANDAMENTO","ID_unico":"1148.100.103-u","Escopo":"OBRA","Responsavel":"SEHAB/CFT-OBRA","Programa_metas":"2025-2028","Estimativa_familias":757.0,"Previsao_entrega_obra":"jul-28","Estagio_mapeamento":"Obra contratada","Area_m2":141904.97,"Distrito":"SAO RAFAEL","Subprefeitura":"SAO MATEUS","DTS":"LESTE"},"geometry":{"type":"MultiPolygon","coordinates":[[[[-46.445843,-23.640118],[-46.447102,-23.638374],[-46.446902,-23.638153],[-46.444077,-23.640085],[-46.443881,-23.639984],[-46.443521,-23.640144],[-46.443145,-23.640119],[-46.442284,-23.640378],[-46.441995,-23.640331],[-46.441827,-23.640228],[-46.441129,-23.640669],[-46.44094,-23.640982],[-46.440471,-23.641416],[-46.4405,-23.641761],[-46.441007,-23.64212],[-46.441225,-23.642285],[-46.441891,-23.642732],[-46.442417,-23.643368],[-46.443104,-23.642726],[-46.443416,-23.642423],[-46.443586,-23.642238],[-46.443806,-23.641976],[-46.444016,-23.641728],[-46.444237,-23.641478],[-46.444461,-23.641346],[-46.444679,-23.64142],[-46.445112,-23.641151],[-46.445313,-23.64102],[-46.445485,-23.64093],[-46.445772,-23.641096],[-46.446337,-23.641663],[-46.446679,-23.641295],[-46.446624,-23.640875],[-46.446686,-23.640377],[-46.446349,-23.640346],[-46.445916,-23.640199],[-46.445843,-23.640118]]]]}},{"type":"Feature","properties":{"id":"habi_obraurbanizacao2geosampa_ext.78","gid":78,"ID_Habitasampa":"eec1a127-b433-4cfd-ac74-723cce779f66","Nome":"LOTE 6 - NOVA GRAJAÚ II - PARQUE LINEAR COCAIA - SUBPERÍMETRO 6","Agrupamento":"URBANIZAÇÃO COMPLEXA MANANCIAIS","Estagio":"12 - PROJETO CONTRATADO E NÃO INICIADO","ID_unico":"1144.101.105-u","Escopo":"PROJETO+OBRA","Responsavel":"SEHAB/SEPM","Programa_metas":"","Estimativa_familias":248.0,"Previsao_entrega_obra":"Sem previsão","Estagio_mapeamento":"Projeto contratado","Area_m2":60680.25,"Distrito":"GRAJAU","Subprefeitura":"CAPELA DO SOCORRO","DTS":"MANANCIAIS"},"geometry":{"type":"MultiPolygon","coordinates":[[[[-46.682958,-23.747257],[-46.68121,-23.748931],[-46.681378,-23.749055],[-46.681513,-23.749181],[-46.681556,-23.74935],[-46.68172,-23.749395],[-46.681906,-23.749342],[-46.682177,-23.749358],[-46.682335,-23.749356],[-46.68261,-23.749296],[-46.682786,-23.749389],[-46.683032,-23.749452],[-46.683164,-23.749601],[-46.683303,-23.749641],[-46.683377,-23.749763],[-46.68353,-23.749931],[-46.68352,-23.749992],[-46.683376,-23.750102],[-46.683389,-23.750204],[-46.68349,-23.75028],[-46.683658,-23.75034],[-46.683798,-23.75042],[-46.683961,-23.750495],[-46.684051,-23.750612],[-46.684105,-23.750851],[-46.684231,-23.751179],[-46.684374,-23.750843],[-46.684377,-23.750509],[-46.68422,-23.749857],[-46.684237,-23.749443],[-46.68447,-23.749169],[-46.684391,-23.749035],[-46.684664,-23.748797],[-46.684795,-23.74878],[-46.684771,-23.748561],[-46.684475,-23.748488],[-46.684489,-23.748409],[-46.684247,-23.748337],[-46.684023,-23.748279],[-46.683976,-23.748269],[-46.683892,-23.748245],[-46.683829,-23.748221],[-46.683767,-23.748194],[-46.683702,-23.748159],[-46.683673,-23.748136],[-46.683646,-23.748099],[-46.683622,-23.748045],[-46.683639,-23.747892],[-46.683022,-23.747657],[-46.683201,-23.747452],[-46.683024,-23.747315],[-46.682958,-23.747257]]]]}},{"type":"Feature","properties":{"id":"habi_obraurbanizacao2geosampa_ext.79","gid":79,"ID_Habitasampa":"a5cd812d-1bad-40ad-ab12-98bf41aa774b","Nome":"LOTE 8 - DOIS AMORES","Agrupamento":"URB SIMPLES S/ REMOÇÃO MANANCIAIS","Estagio":"03 - OBRA EM ANDAMENTO","ID_unico":"1215.100.100-u","Escopo":"PROJETO+OBRA","Responsavel":"SEHAB/SEPM","Programa_metas":"2025-2028","Estimativa_familias":151.0,"Previsao_entrega_obra":"dez-27","Estagio_mapeamento":"Obra contratada","Area_m2":67162.19,"Distrito":"PARELHEIROS","Subprefeitura":"PARELHEIROS","DTS":"MANANCIAIS"},"geometry":{"type":"MultiPolygon","coordinates":[[[[-46.727107,-23.789921],[-46.726782,-23.789958],[-46.726944,-23.790859],[-46.727384,-23.791772],[-46.729409,-23.792289],[-46.730062,-23.792173],[-46.73036,-23.792639],[-46.730568,-23.793133],[-46.730804,-23.793035],[-46.730747,-23.79265],[-46.730611,-23.792275],[-46.730663,-23.791373],[-46.729768,-23.790297],[-46.729006,-23.790501],[-46.728664,-23.790911],[-46.728063,-23.790968],[-46.727985,-23.79014],[-46.727107,-23.789921]]]]}},{"type":"Feature","properties":{"id":"habi_obraurbanizacao2geosampa_ext.80","gid":80,"ID_Habitasampa":"a7459a2e-eaff-4fe0-a40f-6252eaf1ea20","Nome":"LOTE 8 - GALILEIA - SUBPERÍMETRO 2","Agrupamento":"URBANIZAÇÃO COMPLEXA MANANCIAIS","Estagio":"11 - PROJETO EM ANDAMENTO","ID_unico":"1214.100.101-u","Escopo":"PROJETO+OBRA","Responsavel":"SEHAB/SEPM","Programa_metas":"2025-2028","Estimativa_familias":92.0,"Previsao_entrega_obra":"Sem previsão","Estagio_mapeamento":"Projeto contratado","Area_m2":9466.74,"Distrito":"PARELHEIROS","Subprefeitura":"PARELHEIROS","DTS":"MANANCIAIS"},"geometry":{"type":"MultiPolygon","coordinates":[[[[-46.73759,-23.815179],[-46.737804,-23.815122],[-46.737963,-23.815064],[-46.738156,-23.814997],[-46.738414,-23.815044],[-46.738632,-23.815139],[-46.738712,-23.815161],[-46.738823,-23.815147],[-46.739217,-23.815158],[-46.739425,-23.815153],[-46.73972,-23.815137],[-46.739896,-23.815135],[-46.740099,-23.815115],[-46.740351,-23.815204],[-46.740388,-23.815401],[-46.740299,-23.81541],[-46.740229,-23.815386],[-46.740072,-23.815398],[-46.739864,-23.815416],[-46.739701,-23.81543],[-46.739632,-23.815434],[-46.739389,-23.815444],[-46.739328,-23.815447],[-46.739138,-23.81545],[-46.739012,-23.815454],[-46.738801,-23.815462],[-46.738778,-23.815468],[-46.738775,-23.815473],[-46.738761,-23.815564],[-46.738697,-23.815556],[-46.738707,-23.815478],[-46.7387,-23.81547],[-46.738287,-23.815419],[-46.73771,-23.815351],[-46.737517,-23.815225],[-46.73759,-23.815179],[-46.73759,-23.815179]]]]}},{"type":"Feature","properties":{"id":"habi_obraurbanizacao2geosampa_ext.81","gid":81,"ID_Habitasampa":"ed049099-0bd6-463d-9d76-ac299c94c501","Nome":"LOTE 8 - GALILEIA - SUBPERÍMETRO 1","Agrupamento":"URBANIZAÇÃO COMPLEXA MANANCIAIS","Estagio":"03 - OBRA EM ANDAMENTO","ID_unico":"1214.100.100-u","Escopo":"PROJETO+OBRA","Responsavel":"SEHAB/SEPM","Programa_metas":"2025-2028","Estimativa_familias":27.0,"Previsao_entrega_obra":null,"Estagio_mapeamento":"Obra contratada","Area_m2":11522.53,"Distrito":"PARELHEIROS","Subprefeitura":"PARELHEIROS","DTS":"MANANCIAIS"},"geometry":{"type":"MultiPolygon","coordinates":[[[[-46.735204,-23.814103],[-46.735195,-23.814134],[-46.73538,-23.814181],[-46.735365,-23.814251],[-46.735348,-23.814379],[-46.735311,-23.814946],[-46.735315,-23.814966],[-46.735372,-23.815019],[-46.736013,-23.815335],[-46.736125,-23.815313],[-46.736402,-23.814971],[-46.736912,-23.81514],[-46.73698,-23.815213],[-46.737078,-23.815238],[-46.737229,-23.815532],[-46.737373,-23.815518],[-46.737346,-23.815289],[-46.737367,-23.81526],[-46.737512,-23.815222],[-46.737517,-23.815225],[-46.73759,-23.815179],[-46.737177,-23.81509],[-46.736799,-23.814994],[-46.736453,-23.814884],[-46.736448,-23.814883],[-46.736443,-23.814881],[-46.736438,-23.814879],[-46.736433,-23.814877],[-46.736429,-23.814875],[-46.736424,-23.814873],[-46.736419,-23.814871],[-46.736414,-23.814869],[-46.73641,-23.814867],[-46.736405,-23.814865],[-46.7364,-23.814862],[-46.736396,-23.81486],[-46.736391,-23.814857],[-46.736387,-23.814855],[-46.736382,-23.814852],[-46.736378,-23.814849],[-46.736374,-23.814846],[-46.73637,-23.814843],[-46.736365,-23.81484],[-46.736361,-23.814837],[-46.736357,-23.814834],[-46.736353,-23.814831],[-46.736349,-23.814828],[-46.736345,-23.814825],[-46.736341,-23.814821],[-46.736338,-23.814818],[-46.736334,-23.814815],[-46.73633,-23.814811],[-46.736327,-23.814807],[-46.736323,-23.814804],[-46.73632,-23.8148],[-46.736316,-23.814796],[-46.736313,-23.814793],[-46.73631,-23.814789],[-46.736307,-23.814785],[-46.736304,-23.814781],[-46.736301,-23.814777],[-46.736298,-23.814773],[-46.736273,-23.814738],[-46.736249,-23.814703],[-46.735747,-23.814257],[-46.735742,-23.814253],[-46.735738,-23.814249],[-46.735733,-23.814245],[-46.735728,-23.814241],[-46.735723,-23.814238],[-46.735718,-23.814234],[-46.735713,-23.81423],[-46.735708,-23.814227],[-46.735703,-23.814224],[-46.735698,-23.81422],[-46.735693,-23.814217],[-46.735687,-23.814214],[-46.735682,-23.814211],[-46.735677,-23.814208],[-46.735671,-23.814205],[-46.735666,-23.814202],[-46.73566,-23.814199],[-46.735654,-23.814197],[-46.735649,-23.814194],[-46.735643,-23.814192],[-46.735637,-23.814189],[-46.735631,-23.814187],[-46.735625,-23.814185],[-46.735619,-23.814183],[-46.735614,-23.814181],[-46.735608,-23.814179],[-46.735602,-23.814177],[-46.735595,-23.814176],[-46.735589,-23.814174],[-46.735583,-23.814172],[-46.735577,-23.814171],[-46.735571,-23.81417],[-46.735565,-23.814168],[-46.735559,-23.814167],[-46.735552,-23.814166],[-46.735546,-23.814165],[-46.73554,-23.814165],[-46.735534,-23.814164],[-46.735527,-23.814163],[-46.735521,-23.814163],[-46.735515,-23.814162],[-46.735402,-23.814156],[-46.735204,-23.814103]]]]}},{"type":"Feature","properties":{"id":"habi_obraurbanizacao2geosampa_ext.82","gid":82,"ID_Habitasampa":"af0a0cae-aeeb-4955-90d0-4ee79a2eab02","Nome":"LOTE 8 - CENTRO DE PARELHEIROS","Agrupamento":"A DEFINIR MANANCIAIS","Estagio":"03 - OBRA EM ANDAMENTO","ID_unico":"1207.100.100-u","Escopo":"PROJETO+OBRA","Responsavel":"SEHAB/SEPM","Programa_metas":"2025-2028","Estimativa_familias":65.0,"Previsao_entrega_obra":"dez-27","Estagio_mapeamento":"Obra contratada","Area_m2":20943.02,"Distrito":"PARELHEIROS","Subprefeitura":"PARELHEIROS","DTS":"MANANCIAIS"},"geometry":{"type":"MultiPolygon","coordinates":[[[[-46.719798,-23.824975],[-46.719735,-23.824825],[-46.71945,-23.824862],[-46.719439,-23.824862],[-46.719511,-23.825046],[-46.719524,-23.825085],[-46.719679,-23.825076],[-46.719782,-23.825053],[-46.720124,-23.825082],[-46.720713,-23.825336],[-46.721102,-23.825795],[-46.721247,-23.825672],[-46.72168,-23.824997],[-46.721562,-23.824745],[-46.721099,-23.824389],[-46.720548,-23.824109],[-46.720105,-23.823841],[-46.719993,-23.82442],[-46.72005,-23.824976],[-46.719798,-23.824975]]]]}},{"type":"Feature","properties":{"id":"habi_obraurbanizacao2geosampa_ext.75","gid":75,"ID_Habitasampa":"ece7871f-b0a8-471b-8eed-a70259feb57e","Nome":"LOTE 8 - CÓRREGO CAULIM - SUBPERÍMETRO 1","Agrupamento":"URB SIMPLES S/ REMOÇÃO MANANCIAIS","Estagio":"03 - OBRA EM ANDAMENTO","ID_unico":"1259.100.100-u","Escopo":"PROJETO+OBRA","Responsavel":"SEHAB/SEPM","Programa_metas":"2025-2028","Estimativa_familias":25.0,"Previsao_entrega_obra":"dez-26","Estagio_mapeamento":"Obra contratada","Area_m2":91694.47,"Distrito":"PARELHEIROS","Subprefeitura":"PARELHEIROS","DTS":"MANANCIAIS"},"geometry":{"type":"MultiPolygon","coordinates":[[[[-46.732499,-23.825601],[-46.732705,-23.825504],[-46.733027,-23.825461],[-46.733243,-23.825344],[-46.733343,-23.825186],[-46.733344,-23.825331],[-46.733372,-23.825436],[-46.73355,-23.825283],[-46.733614,-23.824971],[-46.733648,-23.824875],[-46.733832,-23.824668],[-46.734128,-23.824337],[-46.734293,-23.824084],[-46.734371,-23.824157],[-46.734749,-23.824431],[-46.734834,-23.824126],[-46.734379,-23.823808],[-46.734271,-23.823579],[-46.734231,-23.823426],[-46.734154,-23.823299],[-46.734126,-23.823166],[-46.734201,-23.823043],[-46.734208,-23.82304],[-46.734416,-23.822915],[-46.734579,-23.822841],[-46.734699,-23.82268],[-46.734758,-23.822555],[-46.734762,-23.82255],[-46.734913,-23.82246],[-46.734923,-23.822455],[-46.73512,-23.822319],[-46.735249,-23.822078],[-46.735319,-23.82186],[-46.735392,-23.821684],[-46.735387,-23.821533],[-46.735432,-23.821362],[-46.735584,-23.821284],[-46.735747,-23.821152],[-46.735755,-23.820993],[-46.735743,-23.820912],[-46.735744,-23.820909],[-46.735681,-23.820769],[-46.735877,-23.82064],[-46.73574,-23.820505],[-46.735423,-23.820615],[-46.735227,-23.820524],[-46.735224,-23.820521],[-46.734969,-23.82023],[-46.734888,-23.820012],[-46.734811,-23.819833],[-46.734501,-23.819601],[-46.73412,-23.819358],[-46.733931,-23.819278],[-46.733591,-23.819156],[-46.733352,-23.819172],[-46.733296,-23.818989],[-46.733368,-23.818927],[-46.73321,-23.818396],[-46.733139,-23.81827],[-46.73301,-23.818143],[-46.732873,-23.817975],[-46.732776,-23.817818],[-46.732717,-23.817673],[-46.732727,-23.817515],[-46.732766,-23.817166],[-46.73282,-23.816997],[-46.732893,-23.816739],[-46.733025,-23.816472],[-46.733145,-23.816277],[-46.733252,-23.816111],[-46.733401,-23.815939],[-46.733457,-23.815762],[-46.733415,-23.815653],[-46.733377,-23.815482],[-46.733387,-23.815319],[-46.733464,-23.81521],[-46.733573,-23.815064],[-46.733726,-23.814947],[-46.733879,-23.814829],[-46.734035,-23.814693],[-46.73422,-23.814471],[-46.734398,-23.814339],[-46.734627,-23.814186],[-46.734751,-23.814073],[-46.734824,-23.813897],[-46.735006,-23.814062],[-46.735193,-23.814189],[-46.73521,-23.814062],[-46.734765,-23.813706],[-46.734704,-23.813515],[-46.73467,-23.813366],[-46.734674,-23.813218],[-46.734676,-23.813206],[-46.73478,-23.81307],[-46.73483,-23.812941],[-46.734911,-23.812782],[-46.734901,-23.812584],[-46.734849,-23.812366],[-46.734826,-23.812122],[-46.734757,-23.811918],[-46.7347,-23.811781],[-46.734602,-23.811664],[-46.734597,-23.811658],[-46.734493,-23.811395],[-46.734391,-23.81124],[-46.734314,-23.811011],[-46.7342,-23.810862],[-46.73406,-23.810653],[-46.733982,-23.810508],[-46.733912,-23.810361],[-46.734017,-23.810254],[-46.734112,-23.810167],[-46.734238,-23.810072],[-46.734325,-23.810021],[-46.734453,-23.809868],[-46.734532,-23.80975],[-46.734628,-23.809624],[-46.734603,-23.809399],[-46.734509,-23.809217],[-46.734369,-23.809082],[-46.73413,-23.808993],[-46.734118,-23.808987],[-46.733787,-23.808957],[-46.733405,-23.808785],[-46.733392,-23.808779],[-46.73312,-23.808576],[-46.732828,-23.808423],[-46.732553,-23.808243],[-46.732311,-23.80804],[-46.731986,-23.807799],[-46.731915,-23.80759],[-46.731992,-23.807354],[-46.732084,-23.807041],[-46.732191,-23.806737],[-46.732294,-23.806459],[-46.732444,-23.806122],[-46.732294,-23.80606],[-46.732223,-23.806169],[-46.732156,-23.806438],[-46.732084,-23.806654],[-46.732003,-23.806857],[-46.731864,-23.807183],[-46.731851,-23.807199],[-46.731785,-23.807373],[-46.731656,-23.807543],[-46.731627,-23.807698],[-46.731654,-23.807833],[-46.731662,-23.807848],[-46.731762,-23.808043],[-46.731903,-23.808207],[-46.732119,-23.808363],[-46.732402,-23.808569],[-46.732683,-23.808722],[-46.73269,-23.808725],[-46.733045,-23.80893],[-46.733062,-23.808941],[-46.733345,-23.809091],[-46.733358,-23.809098],[-46.733368,-23.809106],[-46.733612,-23.809245],[-46.733636,-23.809256],[-46.733645,-23.809263],[-46.733892,-23.80926],[-46.734099,-23.80932],[-46.734207,-23.809403],[-46.734212,-23.809416],[-46.734228,-23.809567],[-46.734227,-23.809577],[-46.734194,-23.809685],[-46.734186,-23.809694],[-46.734092,-23.80978],[-46.733996,-23.809859],[-46.733975,-23.80987],[-46.733789,-23.809982],[-46.733661,-23.810106],[-46.733569,-23.810235],[-46.733549,-23.810444],[-46.733595,-23.810645],[-46.733777,-23.810849],[-46.733967,-23.811077],[-46.734048,-23.811227],[-46.734053,-23.811241],[-46.734137,-23.811412],[-46.734143,-23.811426],[-46.734222,-23.811551],[-46.734224,-23.811564],[-46.734227,-23.81157],[-46.734292,-23.81175],[-46.7343,-23.811766],[-46.734305,-23.811783],[-46.734416,-23.811947],[-46.734464,-23.812102],[-46.734463,-23.812109],[-46.734455,-23.812257],[-46.734456,-23.812272],[-46.734482,-23.812372],[-46.734485,-23.812376],[-46.734563,-23.812533],[-46.734636,-23.812694],[-46.734594,-23.812803],[-46.734589,-23.81281],[-46.734497,-23.812912],[-46.734488,-23.812926],[-46.734481,-23.812929],[-46.734413,-23.813034],[-46.734409,-23.813041],[-46.73437,-23.813172],[-46.734369,-23.813175],[-46.734363,-23.813351],[-46.734366,-23.813355],[-46.73439,-23.813473],[-46.734392,-23.813483],[-46.73445,-23.813584],[-46.734453,-23.813591],[-46.73449,-23.813722],[-46.734494,-23.813744],[-46.734495,-23.813756],[-46.734499,-23.813834],[-46.734496,-23.813853],[-46.734468,-23.813974],[-46.734409,-23.814056],[-46.734277,-23.814145],[-46.734273,-23.814149],[-46.734142,-23.814248],[-46.734138,-23.814251],[-46.734039,-23.814353],[-46.733949,-23.814443],[-46.733851,-23.814556],[-46.733843,-23.814565],[-46.733749,-23.814653],[-46.733734,-23.814669],[-46.733607,-23.814771],[-46.733435,-23.814913],[-46.733267,-23.815057],[-46.733159,-23.815184],[-46.733148,-23.815194],[-46.733144,-23.815205],[-46.73311,-23.815271],[-46.73311,-23.815282],[-46.733102,-23.815376],[-46.733105,-23.815394],[-46.733119,-23.815474],[-46.733119,-23.815484],[-46.733136,-23.815577],[-46.733139,-23.815591],[-46.733153,-23.815662],[-46.733162,-23.815689],[-46.733168,-23.815703],[-46.733164,-23.815809],[-46.733163,-23.815823],[-46.733159,-23.815836],[-46.733118,-23.815929],[-46.733111,-23.815952],[-46.733104,-23.815961],[-46.733026,-23.816078],[-46.733012,-23.816094],[-46.732915,-23.81623],[-46.732904,-23.816255],[-46.732836,-23.816361],[-46.732833,-23.816364],[-46.732801,-23.816464],[-46.732801,-23.816482],[-46.732753,-23.816613],[-46.73275,-23.816618],[-46.732743,-23.816636],[-46.732671,-23.816772],[-46.732568,-23.816959],[-46.732472,-23.817049],[-46.732445,-23.817194],[-46.732428,-23.817312],[-46.732407,-23.817676],[-46.732424,-23.817871],[-46.732424,-23.817889],[-46.732479,-23.818005],[-46.732619,-23.818146],[-46.732626,-23.81815],[-46.732724,-23.818224],[-46.732738,-23.818228],[-46.732857,-23.818364],[-46.732952,-23.818557],[-46.733026,-23.818785],[-46.733024,-23.818982],[-46.732982,-23.819064],[-46.732978,-23.819071],[-46.73292,-23.819173],[-46.733021,-23.819269],[-46.733083,-23.81933],[-46.733136,-23.819352],[-46.733297,-23.819412],[-46.733301,-23.819412],[-46.733468,-23.819423],[-46.733607,-23.819414],[-46.733755,-23.819445],[-46.733891,-23.819533],[-46.734126,-23.819648],[-46.734231,-23.819736],[-46.734398,-23.819871],[-46.734579,-23.820029],[-46.734656,-23.820117],[-46.734672,-23.82024],[-46.734674,-23.820247],[-46.734741,-23.82038],[-46.734819,-23.820461],[-46.734957,-23.820569],[-46.734967,-23.820576],[-46.735148,-23.820701],[-46.735157,-23.820711],[-46.735337,-23.820779],[-46.735425,-23.820824],[-46.735442,-23.820828],[-46.735493,-23.82091],[-46.735461,-23.821034],[-46.735417,-23.821062],[-46.735406,-23.821065],[-46.735323,-23.821096],[-46.735319,-23.8211],[-46.735227,-23.821141],[-46.735212,-23.821148],[-46.73515,-23.821212],[-46.735106,-23.821279],[-46.735092,-23.821365],[-46.735091,-23.821482],[-46.735085,-23.821583],[-46.735081,-23.821694],[-46.73508,-23.821707],[-46.735054,-23.821856],[-46.735018,-23.822008],[-46.735013,-23.822014],[-46.734886,-23.822173],[-46.734875,-23.822179],[-46.734766,-23.822253],[-46.73476,-23.822253],[-46.734639,-23.822351],[-46.734476,-23.822499],[-46.734361,-23.822615],[-46.734043,-23.822795],[-46.733933,-23.822848],[-46.733821,-23.822971],[-46.73378,-23.823115],[-46.733779,-23.823125],[-46.733818,-23.823255],[-46.733965,-23.823613],[-46.733629,-23.82364],[-46.732907,-23.82459],[-46.733387,-23.824892],[-46.733331,-23.824947],[-46.733225,-23.82508],[-46.733131,-23.825195],[-46.732974,-23.825346],[-46.732866,-23.825366],[-46.732724,-23.825385],[-46.732578,-23.825416],[-46.732443,-23.825542],[-46.732499,-23.825601]]]]}},{"type":"Feature","properties":{"id":"habi_obraurbanizacao2geosampa_ext.76","gid":76,"ID_Habitasampa":"a96ed9e5-71e7-46d5-8136-e1e44e3bf39e","Nome":"LOTE 8 - CÓRREGO CAULIM - SUBPERÍMETRO 2","Agrupamento":"URB SIMPLES S/ REMOÇÃO MANANCIAIS","Estagio":"03 - OBRA EM ANDAMENTO","ID_unico":"1259.100.101-u","Escopo":"PROJETO+OBRA","Responsavel":"SEHAB/SEPM","Programa_metas":"2025-2028","Estimativa_familias":5.0,"Previsao_entrega_obra":"dez-27","Estagio_mapeamento":"Obra contratada","Area_m2":12480.87,"Distrito":"PARELHEIROS","Subprefeitura":"PARELHEIROS","DTS":"MANANCIAIS"},"geometry":{"type":"MultiPolygon","coordinates":[[[[-46.732432,-23.806119],[-46.732614,-23.806186],[-46.732927,-23.80572],[-46.732977,-23.805275],[-46.732837,-23.804848],[-46.732829,-23.804824],[-46.732813,-23.804793],[-46.732685,-23.804471],[-46.732661,-23.804423],[-46.732537,-23.804179],[-46.73252,-23.804162],[-46.732443,-23.803758],[-46.732444,-23.803732],[-46.732548,-23.803413],[-46.732548,-23.803404],[-46.732741,-23.803148],[-46.73275,-23.803148],[-46.733125,-23.80281],[-46.733153,-23.802775],[-46.73319,-23.80274],[-46.733356,-23.802583],[-46.733376,-23.802539],[-46.733672,-23.802132],[-46.733673,-23.802123],[-46.733744,-23.801968],[-46.733758,-23.801679],[-46.733789,-23.801243],[-46.73379,-23.801219],[-46.733763,-23.800734],[-46.733685,-23.800373],[-46.733686,-23.800348],[-46.73354,-23.800125],[-46.733215,-23.799918],[-46.732874,-23.799845],[-46.732417,-23.799807],[-46.732056,-23.799809],[-46.73224,-23.799884],[-46.732538,-23.799907],[-46.732862,-23.799971],[-46.733236,-23.800061],[-46.733429,-23.800243],[-46.733587,-23.800613],[-46.733674,-23.80097],[-46.733667,-23.801459],[-46.733645,-23.801914],[-46.733495,-23.802225],[-46.733311,-23.802418],[-46.733162,-23.802579],[-46.732987,-23.8028],[-46.732781,-23.803004],[-46.732611,-23.803154],[-46.732602,-23.803169],[-46.7325,-23.803281],[-46.732492,-23.803288],[-46.732355,-23.803495],[-46.732301,-23.803685],[-46.732352,-23.803937],[-46.73241,-23.804243],[-46.732514,-23.804544],[-46.732651,-23.80489],[-46.732771,-23.80516],[-46.732779,-23.805176],[-46.732759,-23.805561],[-46.732432,-23.806119]]]]}},{"type":"Feature","properties":{"id":"habi_obraurbanizacao2geosampa_ext.77","gid":77,"ID_Habitasampa":"856e8d5f-7368-48ac-bd28-9ed718ede6fc","Nome":"LOTE 8 - VARGEM GRANDE - SUBPERÍMETRO 3 (Etapa 3)","Agrupamento":"URBANIZAÇÃO COMPLEXA MANANCIAIS","Estagio":"03 - OBRA EM ANDAMENTO","ID_unico":"1219.100.102-u","Escopo":"PROJETO+OBRA","Responsavel":"SEHAB/SEPM","Programa_metas":"2025-2028","Estimativa_familias":182.0,"Previsao_entrega_obra":"Sem previsão","Estagio_mapeamento":"Obra contratada","Area_m2":502296.3,"Distrito":"PARELHEIROS","Subprefeitura":"PARELHEIROS","DTS":"MANANCIAIS"},"geometry":{"type":"MultiPolygon","coordinates":[[[[-46.71483,-23.868314],[-46.71343,-23.868088],[-46.711659,-23.867857],[-46.7094,-23.867675],[-46.709477,-23.866614],[-46.709445,-23.866548],[-46.708855,-23.866473],[-46.709012,-23.865046],[-46.707814,-23.864934],[-46.707953,-23.863677],[-46.707625,-23.863617],[-46.707479,-23.863594],[-46.702488,-23.863151],[-46.702195,-23.865977],[-46.702051,-23.86764],[-46.708207,-23.869484],[-46.70918,-23.869017],[-46.710673,-23.869982],[-46.712474,-23.869728],[-46.714808,-23.86971],[-46.71483,-23.868314]]]]}},{"type":"Feature","properties":{"id":"habi_obraurbanizacao2geosampa_ext.83","gid":83,"ID_Habitasampa":"cfcdeaa6-94b0-463b-8e81-4e1f4d5c2f68","Nome":"LOTE 8 - JARDIM SÃO NORBERTO - SUBPERÍMETRO 1","Agrupamento":"A DEFINIR MANANCIAIS","Estagio":"11 - PROJETO EM ANDAMENTO","ID_unico":"1203.100.100-u","Escopo":"PROJETO+OBRA","Responsavel":"SEHAB/SEPM","Programa_metas":"2025-2028","Estimativa_familias":542.0,"Previsao_entrega_obra":"dez-27","Estagio_mapeamento":"Projeto contratado","Area_m2":66122.0,"Distrito":"PARELHEIROS","Subprefeitura":"PARELHEIROS","DTS":"MANANCIAIS"},"geometry":{"type":"MultiPolygon","coordinates":[[[[-46.705263,-23.823306],[-46.705568,-23.823257],[-46.70561,-23.82324],[-46.705663,-23.823232],[-46.705743,-23.823189],[-46.705755,-23.823184],[-46.706192,-23.822948],[-46.706211,-23.822884],[-46.706272,-23.822766],[-46.706313,-23.822459],[-46.706319,-23.82243],[-46.706317,-23.822425],[-46.706319,-23.822414],[-46.706311,-23.822404],[-46.706267,-23.822269],[-46.706129,-23.822162],[-46.705965,-23.822097],[-46.705729,-23.822023],[-46.705601,-23.821989],[-46.705516,-23.821956],[-46.704828,-23.821767],[-46.704263,-23.821612],[-46.703917,-23.821137],[-46.703847,-23.820762],[-46.704179,-23.819922],[-46.703344,-23.820068],[-46.70277,-23.820874],[-46.702695,-23.821242],[-46.702726,-23.821396],[-46.703144,-23.821737],[-46.703477,-23.822012],[-46.703801,-23.822325],[-46.703977,-23.822603],[-46.704219,-23.823045],[-46.704284,-23.823207],[-46.704265,-23.823515],[-46.70427,-23.823532],[-46.704375,-23.823766],[-46.704624,-23.823876],[-46.705889,-23.824129],[-46.705825,-23.824046],[-46.705265,-23.823612],[-46.705157,-23.823429],[-46.705228,-23.823301],[-46.705251,-23.823298],[-46.705263,-23.823306]]]]}},{"type":"Feature","properties":{"id":"habi_obraurbanizacao2geosampa_ext.84","gid":84,"ID_Habitasampa":"ec2fb6d9-fbb3-4f85-930b-74fdb1ddd207","Nome":"LOTE 8 - CÓRREGO CAULIM - SUBPERÍMETRO 3","Agrupamento":"URB SIMPLES S/ REMOÇÃO MANANCIAIS","Estagio":"03 - OBRA EM ANDAMENTO","ID_unico":"1259.100.102-u","Escopo":"PROJETO+OBRA","Responsavel":"SEHAB/SEPM","Programa_metas":"2025-2028","Estimativa_familias":66.0,"Previsao_entrega_obra":"Sem previsão","Estagio_mapeamento":"Obra contratada","Area_m2":199448.81,"Distrito":"PARELHEIROS","Subprefeitura":"PARELHEIROS","DTS":"MANANCIAIS"},"geometry":{"type":"MultiPolygon","coordinates":[[[[-46.731766,-23.799296],[-46.731827,-23.799371],[-46.731847,-23.799875],[-46.732071,-23.799796],[-46.732013,-23.799391],[-46.732075,-23.79942],[-46.732092,-23.799394],[-46.732267,-23.79904],[-46.731705,-23.798528],[-46.731586,-23.79822],[-46.732555,-23.797958],[-46.732537,-23.797913],[-46.732485,-23.797263],[-46.732984,-23.797011],[-46.734419,-23.797599],[-46.734423,-23.797567],[-46.734748,-23.796969],[-46.734191,-23.796766],[-46.735312,-23.794712],[-46.734204,-23.79435],[-46.731675,-23.793393],[-46.730898,-23.793074],[-46.730839,-23.793114],[-46.730821,-23.793102],[-46.730804,-23.793035],[-46.730568,-23.793133],[-46.730622,-23.79326],[-46.730539,-23.793316],[-46.730504,-23.793336],[-46.73066,-23.793443],[-46.730591,-23.79348],[-46.730493,-23.793391],[-46.730189,-23.793797],[-46.730149,-23.793839],[-46.730387,-23.794271],[-46.730431,-23.794865],[-46.730274,-23.795251],[-46.730132,-23.795694],[-46.730608,-23.796591],[-46.730815,-23.797228],[-46.730835,-23.797807],[-46.730899,-23.798231],[-46.731046,-23.798605],[-46.731417,-23.799106],[-46.731537,-23.799163],[-46.731766,-23.799296]]]]}},{"type":"Feature","properties":{"id":"habi_obraurbanizacao2geosampa_ext.85","gid":85,"ID_Habitasampa":"420d9648-c0dd-4b6a-83a9-2bc57e64374c","Nome":"LOTEAMENTO PARQUE DAS FLORES/JD CONTINENTAL/COHAB - NÚCLEO SÁLVIA-FLOR DE LÓTUS","Agrupamento":"URBANIZAÇÃO COMPLEXA","Estagio":"03 - OBRA EM ANDAMENTO","ID_unico":"1148.100.104-u","Escopo":"OBRA","Responsavel":"SEHAB/CFT-OBRA","Programa_metas":"2025-2028","Estimativa_familias":426.0,"Previsao_entrega_obra":"jul-28","Estagio_mapeamento":"Obra contratada","Area_m2":55608.18,"Distrito":"SAO RAFAEL","Subprefeitura":"SAO MATEUS","DTS":"LESTE"},"geometry":{"type":"MultiPolygon","coordinates":[[[[-46.448685,-23.639971],[-46.449034,-23.639692],[-46.448908,-23.639521],[-46.448818,-23.639389],[-46.448758,-23.639293],[-46.448718,-23.639187],[-46.448655,-23.638836],[-46.448539,-23.638861],[-46.448489,-23.638852],[-46.448486,-23.638842],[-46.448495,-23.638852],[-46.448129,-23.637542],[-46.447902,-23.637544],[-46.446312,-23.636854],[-46.445906,-23.636933],[-46.445666,-23.63693],[-46.445382,-23.636955],[-46.444888,-23.636831],[-46.444696,-23.636835],[-46.444209,-23.636917],[-46.443966,-23.636953],[-46.443615,-23.637051],[-46.443616,-23.637112],[-46.443334,-23.637691],[-46.443148,-23.637674],[-46.443048,-23.637999],[-46.44303,-23.638208],[-46.443827,-23.637866],[-46.444034,-23.637881],[-46.44416,-23.637928],[-46.444222,-23.63802],[-46.444363,-23.638159],[-46.445942,-23.637038],[-46.447145,-23.638341],[-46.448167,-23.638465],[-46.448164,-23.638465],[-46.448217,-23.638613],[-46.448201,-23.638926],[-46.448178,-23.639216],[-46.448179,-23.639566],[-46.448156,-23.639787],[-46.448195,-23.640057],[-46.448265,-23.640148],[-46.448325,-23.640154],[-46.448375,-23.640169],[-46.448448,-23.64014],[-46.4486,-23.640058],[-46.44859,-23.640035],[-46.448685,-23.639971]]]]}},{"type":"Feature","properties":{"id":"habi_obraurbanizacao2geosampa_ext.86","gid":86,"ID_Habitasampa":"052f53b8-8c25-4116-a8f1-499450f89ca6","Nome":"LOTE 3 - ENLEVO","Agrupamento":"URBANIZAÇÃO COMPLEXA MANANCIAIS","Estagio":"10 - PROJETO PARALISADO","ID_unico":"1217.100.100-u","Escopo":"PROJETO+OBRA","Responsavel":"SEHAB/SEPM","Programa_metas":"2025-2028","Estimativa_familias":1179.0,"Previsao_entrega_obra":"Sem previsão","Estagio_mapeamento":"Projeto contratado","Area_m2":104733.15,"Distrito":"JARDIM ANGELA","Subprefeitura":"M BOI MIRIM","DTS":"MANANCIAIS"},"geometry":{"type":"MultiPolygon","coordinates":[[[[-46.786404,-23.732167],[-46.786456,-23.732247],[-46.786655,-23.732557],[-46.786675,-23.732591],[-46.786786,-23.732763],[-46.787035,-23.733156],[-46.787258,-23.733043],[-46.787165,-23.732903],[-46.787456,-23.732851],[-46.788379,-23.734288],[-46.789076,-23.734691],[-46.789208,-23.73448],[-46.789294,-23.734527],[-46.789528,-23.734711],[-46.789623,-23.734945],[-46.789729,-23.735158],[-46.789933,-23.735346],[-46.790052,-23.735392],[-46.790066,-23.73538],[-46.79014,-23.735456],[-46.790153,-23.735446],[-46.790173,-23.735468],[-46.79019,-23.735477],[-46.790244,-23.735445],[-46.790428,-23.73541],[-46.790651,-23.735408],[-46.79102,-23.735424],[-46.791455,-23.735473],[-46.791629,-23.735501],[-46.791905,-23.735595],[-46.792388,-23.735796],[-46.792809,-23.73597],[-46.793004,-23.734933],[-46.792802,-23.73486],[-46.792146,-23.734622],[-46.791878,-23.734526],[-46.791791,-23.734524],[-46.791664,-23.734566],[-46.791513,-23.734541],[-46.790821,-23.734489],[-46.79068,-23.734454],[-46.790565,-23.734388],[-46.790463,-23.7343],[-46.790096,-23.733919],[-46.789745,-23.733562],[-46.789609,-23.73338],[-46.789548,-23.733305],[-46.789344,-23.733515],[-46.788713,-23.732803],[-46.789055,-23.732583],[-46.789147,-23.732493],[-46.78828,-23.731729],[-46.788675,-23.731461],[-46.788637,-23.731102],[-46.788422,-23.730888],[-46.786495,-23.732096],[-46.786404,-23.732167]]]]}},{"type":"Feature","properties":{"id":"habi_obraurbanizacao2geosampa_ext.87","gid":87,"ID_Habitasampa":"9d5be1cd-d0ad-4682-8bf7-7b92085e5c71","Nome":"LOTE 2 - RUA DAS VARIAÇÕES MUSICAIS","Agrupamento":"URB SIMPLES S/ REMOÇÃO MANANCIAIS","Estagio":"03 - OBRA EM ANDAMENTO","ID_unico":"1211.100.100-u","Escopo":"PROJETO+OBRA","Responsavel":"SEHAB/SEPM","Programa_metas":"2025-2028","Estimativa_familias":331.0,"Previsao_entrega_obra":"nov-26","Estagio_mapeamento":"Obra contratada","Area_m2":38202.81,"Distrito":"JARDIM ANGELA","Subprefeitura":"M BOI MIRIM","DTS":"MANANCIAIS"},"geometry":{"type":"MultiPolygon","coordinates":[[[[-46.761325,-23.688179],[-46.761831,-23.688064],[-46.761761,-23.687974],[-46.761298,-23.688089],[-46.760749,-23.688194],[-46.760362,-23.688253],[-46.75979,-23.688341],[-46.759616,-23.688144],[-46.758709,-23.687883],[-46.757468,-23.687572],[-46.757259,-23.687785],[-46.757832,-23.688239],[-46.758788,-23.689101],[-46.759268,-23.690039],[-46.759812,-23.68984],[-46.75972,-23.689391],[-46.760027,-23.689028],[-46.760851,-23.688269],[-46.761325,-23.688179]]]]}},{"type":"Feature","properties":{"id":"habi_obraurbanizacao2geosampa_ext.88","gid":88,"ID_Habitasampa":"191b834d-d5c0-4e15-8fa0-f3e1702e1689","Nome":"LOTE 6 - JARDIM ORION / MORRO DA MANDIOCA (ACP)","Agrupamento":"URBANIZAÇÃO COMPLEXA MANANCIAIS","Estagio":"03 - OBRA EM ANDAMENTO","ID_unico":"1264.100.100-u","Escopo":"PROJETO+OBRA","Responsavel":"SEHAB/SEPM","Programa_metas":"2025-2028","Estimativa_familias":898.0,"Previsao_entrega_obra":"dez-28","Estagio_mapeamento":"Obra contratada","Area_m2":82672.28,"Distrito":"CIDADE DUTRA","Subprefeitura":"CAPELA DO SOCORRO","DTS":"MANANCIAIS"},"geometry":{"type":"MultiPolygon","coordinates":[[[[-46.678865,-23.712774],[-46.678576,-23.712755],[-46.678314,-23.712811],[-46.678019,-23.713032],[-46.67776,-23.713832],[-46.677403,-23.714776],[-46.677296,-23.715247],[-46.676885,-23.716052],[-46.676857,-23.716541],[-46.676984,-23.716753],[-46.67727,-23.716637],[-46.677235,-23.716534],[-46.677636,-23.716408],[-46.678089,-23.716408],[-46.678376,-23.716372],[-46.679008,-23.716227],[-46.679368,-23.716084],[-46.679782,-23.715644],[-46.679825,-23.715442],[-46.679718,-23.715108],[-46.679488,-23.714811],[-46.679428,-23.714239],[-46.679449,-23.714173],[-46.679506,-23.713667],[-46.679463,-23.713235],[-46.679328,-23.712937],[-46.678865,-23.712774]]]]}},{"type":"Feature","properties":{"id":"habi_obraurbanizacao2geosampa_ext.89","gid":89,"ID_Habitasampa":"3d780d1f-007f-4f20-a7ab-6baf6f7ade83","Nome":"LOTE 6 - JARDIM COLIBRI","Agrupamento":"A DEFINIR MANANCIAIS","Estagio":"11 - PROJETO EM ANDAMENTO","ID_unico":"1263.100.100-u","Escopo":"PROJETO+OBRA","Responsavel":"SEHAB/SEPM","Programa_metas":"2025-2028","Estimativa_familias":207.0,"Previsao_entrega_obra":"dez-28","Estagio_mapeamento":"Projeto contratado","Area_m2":23977.51,"Distrito":"GRAJAU","Subprefeitura":"CAPELA DO SOCORRO","DTS":"MANANCIAIS"},"geometry":{"type":"MultiPolygon","coordinates":[[[[-46.688003,-23.760445],[-46.688031,-23.760058],[-46.688,-23.759659],[-46.68635,-23.759418],[-46.686323,-23.759451],[-46.686314,-23.759462],[-46.686313,-23.759485],[-46.686301,-23.759513],[-46.686294,-23.75953],[-46.686275,-23.759559],[-46.686266,-23.759574],[-46.686259,-23.759624],[-46.686252,-23.759672],[-46.686248,-23.759728],[-46.686253,-23.759758],[-46.686259,-23.7598],[-46.686261,-23.75985],[-46.686257,-23.759877],[-46.686258,-23.759882],[-46.686262,-23.7599],[-46.686261,-23.759917],[-46.686258,-23.759942],[-46.686252,-23.759958],[-46.68624,-23.759975],[-46.686234,-23.759984],[-46.686231,-23.759991],[-46.686226,-23.760003],[-46.686217,-23.760028],[-46.686209,-23.760047],[-46.686203,-23.760057],[-46.686194,-23.760072],[-46.68619,-23.760084],[-46.686185,-23.760102],[-46.686181,-23.76012],[-46.686177,-23.760137],[-46.686168,-23.760168],[-46.686162,-23.760177],[-46.686154,-23.760191],[-46.686147,-23.760203],[-46.686129,-23.760211],[-46.686117,-23.760217],[-46.686099,-23.760228],[-46.686082,-23.760248],[-46.686075,-23.760261],[-46.686076,-23.760281],[-46.686086,-23.760304],[-46.686095,-23.760327],[-46.6861,-23.760339],[-46.686117,-23.76035],[-46.686128,-23.760355],[-46.686139,-23.760372],[-46.686144,-23.760381],[-46.686145,-23.760397],[-46.686127,-23.760422],[-46.686112,-23.760446],[-46.686114,-23.760456],[-46.686135,-23.760488],[-46.686163,-23.760512],[-46.686193,-23.760538],[-46.686226,-23.760558],[-46.686241,-23.760567],[-46.686261,-23.76057],[-46.686282,-23.760573],[-46.686304,-23.760576],[-46.686325,-23.760579],[-46.686334,-23.760581],[-46.686347,-23.760583],[-46.686365,-23.760586],[-46.686399,-23.760593],[-46.686433,-23.760598],[-46.686477,-23.760606],[-46.686532,-23.760617],[-46.68663,-23.760634],[-46.686718,-23.76065],[-46.686824,-23.760669],[-46.687049,-23.760709],[-46.68716,-23.760729],[-46.687377,-23.76073],[-46.687416,-23.760723],[-46.687455,-23.760716],[-46.687613,-23.760709],[-46.687634,-23.760719],[-46.687669,-23.760736],[-46.687719,-23.760761],[-46.68774,-23.760777],[-46.68781,-23.760832],[-46.687829,-23.760849],[-46.687867,-23.760882],[-46.687893,-23.760903],[-46.688053,-23.760796],[-46.688043,-23.76062],[-46.688003,-23.760445]]]]}},{"type":"Feature","properties":{"id":"habi_obraurbanizacao2geosampa_ext.90","gid":90,"ID_Habitasampa":"10a9178f-8e76-4cc3-b843-846ddc3c8637","Nome":"LOTE 5 - MORRO DOS MACACOS - SUBPERÍMETRO 1 (ENCOSTA)","Agrupamento":"URB SIMPLES S/ REMOÇÃO MANANCIAIS","Estagio":"03 - OBRA EM ANDAMENTO","ID_unico":"1201.100.100-u","Escopo":"PROJETO+OBRA","Responsavel":"SEHAB/SEPM","Programa_metas":"2025-2028","Estimativa_familias":315.0,"Previsao_entrega_obra":"dez-26","Estagio_mapeamento":"Obra contratada","Area_m2":37928.18,"Distrito":"PEDREIRA","Subprefeitura":"CIDADE ADEMAR","DTS":"MANANCIAIS"},"geometry":{"type":"MultiPolygon","coordinates":[[[[-46.624522,-23.705705],[-46.624106,-23.706035],[-46.624295,-23.706356],[-46.624309,-23.706464],[-46.624274,-23.706714],[-46.624263,-23.706931],[-46.6244,-23.707298],[-46.624792,-23.707244],[-46.624873,-23.707231],[-46.62486,-23.707618],[-46.625097,-23.707634],[-46.625102,-23.707838],[-46.625397,-23.707724],[-46.625382,-23.707581],[-46.625461,-23.707373],[-46.625575,-23.707145],[-46.625603,-23.706941],[-46.625593,-23.706799],[-46.625614,-23.706544],[-46.625605,-23.706361],[-46.625648,-23.706119],[-46.625458,-23.706028],[-46.625643,-23.705894],[-46.625786,-23.705789],[-46.625935,-23.705679],[-46.626045,-23.705556],[-46.626128,-23.705489],[-46.626175,-23.705329],[-46.626231,-23.70509],[-46.626133,-23.705065],[-46.625903,-23.704986],[-46.625742,-23.704759],[-46.625656,-23.704712],[-46.62532,-23.704786],[-46.62535,-23.704883],[-46.625356,-23.704896],[-46.625062,-23.704963],[-46.624913,-23.705352],[-46.624757,-23.705507],[-46.624741,-23.705527],[-46.624595,-23.705686],[-46.624567,-23.705685],[-46.624557,-23.705687],[-46.624546,-23.70569],[-46.624522,-23.705705]]]]}},{"type":"Feature","properties":{"id":"habi_obraurbanizacao2geosampa_ext.91","gid":91,"ID_Habitasampa":"5304f9c1-1ea6-4397-ad35-24a974a793e2","Nome":"LOTE 7 - MONTE VERDE - SUBPERÍMETRO 1 (URB)","Agrupamento":"URBANIZAÇÃO COMPLEXA MANANCIAIS","Estagio":"01 - OBRA CONCLUÍDA","ID_unico":"1191.100.100-u","Escopo":"PROJETO+OBRA","Responsavel":"SEHAB/SEPM","Programa_metas":"2021-2024","Estimativa_familias":1798.0,"Previsao_entrega_obra":null,"Estagio_mapeamento":"Obra contratada","Area_m2":150432.41,"Distrito":"GRAJAU","Subprefeitura":"CAPELA DO SOCORRO","DTS":"MANANCIAIS"},"geometry":{"type":"MultiPolygon","coordinates":[[[[-46.666793,-23.756059],[-46.666102,-23.752873],[-46.666045,-23.752713],[-46.66576,-23.752066],[-46.665748,-23.751762],[-46.665725,-23.751611],[-46.665651,-23.751447],[-46.66547,-23.751024],[-46.665404,-23.751045],[-46.665535,-23.751335],[-46.665595,-23.751481],[-46.665644,-23.75162],[-46.665663,-23.751795],[-46.665668,-23.752068],[-46.665635,-23.752187],[-46.665587,-23.752253],[-46.665523,-23.752323],[-46.665475,-23.752384],[-46.665448,-23.752408],[-46.665411,-23.752437],[-46.665376,-23.752464],[-46.665284,-23.752531],[-46.665154,-23.752358],[-46.665113,-23.752321],[-46.665047,-23.752311],[-46.664981,-23.75232],[-46.664688,-23.752459],[-46.664592,-23.752455],[-46.664516,-23.752466],[-46.664417,-23.752489],[-46.664195,-23.752585],[-46.664028,-23.752506],[-46.663955,-23.752642],[-46.663958,-23.75305],[-46.664037,-23.753168],[-46.664047,-23.753226],[-46.663918,-23.753237],[-46.663943,-23.753375],[-46.66396,-23.753473],[-46.663874,-23.753555],[-46.6638,-23.753506],[-46.663645,-23.75339],[-46.663145,-23.753135],[-46.663071,-23.753177],[-46.662924,-23.753107],[-46.662893,-23.753163],[-46.662794,-23.753131],[-46.662515,-23.753055],[-46.662501,-23.75308],[-46.66245,-23.753061],[-46.662299,-23.753029],[-46.662285,-23.753089],[-46.661966,-23.753042],[-46.661627,-23.753069],[-46.661354,-23.753046],[-46.661353,-23.752606],[-46.661331,-23.75256],[-46.661292,-23.75252],[-46.661257,-23.752513],[-46.6611,-23.752511],[-46.661062,-23.752603],[-46.660897,-23.753001],[-46.66067,-23.753519],[-46.660438,-23.754124],[-46.66056,-23.754098],[-46.660932,-23.754043],[-46.661053,-23.754027],[-46.66124,-23.754008],[-46.661399,-23.754003],[-46.661575,-23.754013],[-46.661765,-23.754034],[-46.661979,-23.754068],[-46.6622,-23.7541],[-46.662371,-23.754136],[-46.662813,-23.754682],[-46.663307,-23.755443],[-46.66389,-23.755646],[-46.664454,-23.755773],[-46.664922,-23.755818],[-46.665395,-23.755911],[-46.666793,-23.756059]]]]}},{"type":"Feature","properties":{"id":"habi_obraurbanizacao2geosampa_ext.92","gid":92,"ID_Habitasampa":"fa413cd2-051f-4980-90a1-4e4e5205a2fa","Nome":"PARAISÓPOLIS / COLOMBO - 2ª ETAPA","Agrupamento":"URBANIZAÇÃO COMPLEXA OUCFL","Estagio":"11 - PROJETO EM ANDAMENTO","ID_unico":"1027.112.iii-u","Escopo":"PROJETO","Responsavel":"SEHAB/CFT-PROJ","Programa_metas":"2025-2028","Estimativa_familias":841.0,"Previsao_entrega_obra":"Sem previsão","Estagio_mapeamento":"Projeto contratado","Area_m2":46393.17,"Distrito":"VILA SONIA","Subprefeitura":"BUTANTA","DTS":"SUL"},"geometry":{"type":"MultiPolygon","coordinates":[[[[-46.729262,-23.610011],[-46.729343,-23.610143],[-46.729273,-23.610173],[-46.729265,-23.610175],[-46.729255,-23.610176],[-46.729245,-23.610175],[-46.729237,-23.610173],[-46.72923,-23.61017],[-46.729223,-23.610166],[-46.729217,-23.61016],[-46.729213,-23.610154],[-46.72921,-23.610145],[-46.729193,-23.610145],[-46.729104,-23.61019],[-46.729122,-23.610284],[-46.728943,-23.610343],[-46.728773,-23.610382],[-46.728307,-23.610439],[-46.728321,-23.610536],[-46.728458,-23.611406],[-46.728448,-23.611512],[-46.729675,-23.611378],[-46.729881,-23.611403],[-46.730077,-23.611501],[-46.730496,-23.611607],[-46.730395,-23.611251],[-46.730299,-23.610389],[-46.730725,-23.610351],[-46.731107,-23.61017],[-46.7311,-23.610117],[-46.731114,-23.610075],[-46.73101,-23.609901],[-46.730694,-23.610292],[-46.730323,-23.609786],[-46.730126,-23.609434],[-46.729833,-23.609441],[-46.729793,-23.609425],[-46.729728,-23.609461],[-46.729704,-23.609468],[-46.72967,-23.609432],[-46.729603,-23.609456],[-46.729342,-23.609447],[-46.729242,-23.609458],[-46.729157,-23.609177],[-46.72915,-23.609106],[-46.729158,-23.608981],[-46.729144,-23.608898],[-46.729119,-23.6088],[-46.729109,-23.608727],[-46.729104,-23.608556],[-46.729038,-23.608502],[-46.728844,-23.608521],[-46.728853,-23.608601],[-46.728868,-23.608737],[-46.728913,-23.60916],[-46.728938,-23.609396],[-46.728945,-23.609476],[-46.729191,-23.609888],[-46.729262,-23.610011]]],[[[-46.728708,-23.609239],[-46.728694,-23.609108],[-46.72868,-23.60896],[-46.728679,-23.608944],[-46.728608,-23.608949],[-46.728604,-23.608948],[-46.728541,-23.608952],[-46.728541,-23.608956],[-46.728486,-23.608958],[-46.728484,-23.608953],[-46.72845,-23.608955],[-46.728449,-23.608952],[-46.728417,-23.608953],[-46.728344,-23.608965],[-46.728344,-23.608964],[-46.728308,-23.608968],[-46.728308,-23.608969],[-46.728206,-23.608995],[-46.728207,-23.609036],[-46.728224,-23.609032],[-46.728244,-23.609111],[-46.728292,-23.609293],[-46.728287,-23.609294],[-46.728288,-23.609303],[-46.728283,-23.609304],[-46.728284,-23.609317],[-46.728287,-23.609333],[-46.728295,-23.609417],[-46.728304,-23.609477],[-46.728316,-23.609476],[-46.728351,-23.609473],[-46.728351,-23.609475],[-46.728485,-23.609466],[-46.728615,-23.609458],[-46.72873,-23.60945],[-46.728708,-23.609239]]],[[[-46.728893,-23.608403],[-46.728899,-23.608402],[-46.728905,-23.608401],[-46.72891,-23.608399],[-46.728917,-23.608395],[-46.728924,-23.60839],[-46.728929,-23.608387],[-46.728935,-23.608379],[-46.728939,-23.608372],[-46.728941,-23.608367],[-46.728943,-23.608361],[-46.728944,-23.608355],[-46.728945,-23.608348],[-46.728944,-23.608338],[-46.728942,-23.608313],[-46.728926,-23.607948],[-46.728919,-23.607943],[-46.728802,-23.607948],[-46.728789,-23.608077],[-46.728778,-23.608322],[-46.728777,-23.608354],[-46.72877,-23.608354],[-46.728769,-23.608412],[-46.728809,-23.608409],[-46.728873,-23.608405],[-46.728893,-23.608403]]],[[[-46.729215,-23.60766],[-46.729174,-23.607659],[-46.729174,-23.607648],[-46.729099,-23.607651],[-46.729093,-23.607601],[-46.729013,-23.607605],[-46.729013,-23.607622],[-46.729004,-23.60764],[-46.729022,-23.608042],[-46.72906,-23.608041],[-46.729059,-23.608026],[-46.729082,-23.608025],[-46.729091,-23.607995],[-46.729201,-23.608002],[-46.729202,-23.608013],[-46.72925,-23.60801],[-46.729246,-23.607887],[-46.729287,-23.607883],[-46.729356,-23.607873],[-46.729525,-23.607856],[-46.729527,-23.607842],[-46.729612,-23.607793],[-46.729537,-23.60766],[-46.729512,-23.607665],[-46.729379,-23.607679],[-46.729321,-23.607684],[-46.729256,-23.607683],[-46.729211,-23.60768],[-46.729215,-23.60766]]]]}},{"type":"Feature","properties":{"id":"habi_obraurbanizacao2geosampa_ext.93","gid":93,"ID_Habitasampa":"728bc048-2265-4b46-b5a8-ac8101ef2ee1","Nome":"SÃO PEDRO / LIVIERO - SUBPERÍMETRO 3","Agrupamento":"URBANIZAÇÃO COMPLEXA","Estagio":"11 - PROJETO EM ANDAMENTO","ID_unico":"1031.100.102-u","Escopo":"PROJETO+OBRA","Responsavel":"SEHAB/CFT-OBRA","Programa_metas":null,"Estimativa_familias":129.0,"Previsao_entrega_obra":"Sem previsão","Estagio_mapeamento":"Projeto contratado","Area_m2":8932.77,"Distrito":"SACOMA","Subprefeitura":"IPIRANGA","DTS":"SUDESTE"},"geometry":{"type":"MultiPolygon","coordinates":[[[[-46.599614,-23.652728],[-46.599526,-23.652774],[-46.599454,-23.652805],[-46.599407,-23.652808],[-46.59941,-23.652927],[-46.599396,-23.652965],[-46.599372,-23.652995],[-46.599686,-23.653078],[-46.599962,-23.653351],[-46.599946,-23.65338],[-46.599998,-23.653413],[-46.600047,-23.65338],[-46.600134,-23.653455],[-46.600233,-23.6535],[-46.600266,-23.65351],[-46.600287,-23.653502],[-46.60032,-23.653512],[-46.600343,-23.653498],[-46.600402,-23.653523],[-46.600471,-23.653485],[-46.600566,-23.65358],[-46.600657,-23.653618],[-46.600657,-23.653618],[-46.600806,-23.653323],[-46.600889,-23.653346],[-46.60093,-23.653365],[-46.601051,-23.653276],[-46.601138,-23.653181],[-46.601234,-23.653051],[-46.601012,-23.653],[-46.6008,-23.652947],[-46.600508,-23.652831],[-46.600357,-23.652715],[-46.599925,-23.653063],[-46.599614,-23.652728]]]]}},{"type":"Feature","properties":{"id":"habi_obraurbanizacao2geosampa_ext.94","gid":94,"ID_Habitasampa":"b6701452-dfbf-4715-8d00-0b87cceb74ff","Nome":"JD. VILA BELA /HARMONIA","Agrupamento":"URBANIZAÇÃO COMPLEXA","Estagio":"06 - EDITAL DE OBRA PUBLICADO","ID_unico":"1156.100.iii-u","Escopo":"OBRA","Responsavel":"COHAB-DITEC","Programa_metas":"","Estimativa_familias":7658.0,"Previsao_entrega_obra":"Sem previsão","Estagio_mapeamento":"Projeto finalizado","Area_m2":852754.97,"Distrito":"SAO RAFAEL","Subprefeitura":"SAO MATEUS","DTS":"LESTE"},"geometry":{"type":"MultiPolygon","coordinates":[[[[-46.44596,-23.614461],[-46.446167,-23.614823],[-46.446501,-23.615538],[-46.446646,-23.616065],[-46.446703,-23.616485],[-46.446717,-23.616885],[-46.446855,-23.617305],[-46.447161,-23.617314],[-46.447455,-23.618114],[-46.44777,-23.61898],[-46.448096,-23.619364],[-46.447857,-23.61951],[-46.447775,-23.619749],[-46.448603,-23.620493],[-46.449278,-23.62108],[-46.450196,-23.622043],[-46.45037,-23.622445],[-46.45084,-23.621992],[-46.451261,-23.621764],[-46.451999,-23.621298],[-46.452541,-23.621155],[-46.453397,-23.62102],[-46.453723,-23.620942],[-46.453974,-23.620847],[-46.454321,-23.620641],[-46.455518,-23.619886],[-46.455828,-23.619751],[-46.456241,-23.6197],[-46.456652,-23.619658],[-46.456867,-23.619737],[-46.457225,-23.619864],[-46.457864,-23.620365],[-46.45812,-23.620533],[-46.458477,-23.620795],[-46.458786,-23.621008],[-46.459061,-23.621142],[-46.459415,-23.62117],[-46.45962,-23.621084],[-46.45979,-23.62094],[-46.459888,-23.620756],[-46.458942,-23.619798],[-46.457635,-23.6185],[-46.455552,-23.616376],[-46.454525,-23.615271],[-46.453815,-23.614555],[-46.452779,-23.613526],[-46.451968,-23.612665],[-46.451639,-23.612826],[-46.451481,-23.612393],[-46.451781,-23.612307],[-46.451255,-23.611797],[-46.451077,-23.611885],[-46.45088,-23.611936],[-46.450702,-23.612033],[-46.450483,-23.612143],[-46.450256,-23.612238],[-46.450015,-23.612192],[-46.44976,-23.6121],[-46.449594,-23.611988],[-46.449518,-23.611874],[-46.44931,-23.611911],[-46.449142,-23.612014],[-46.448553,-23.612348],[-46.448273,-23.612497],[-46.44809,-23.612584],[-46.44776,-23.612679],[-46.447546,-23.612738],[-46.44743,-23.612802],[-46.447366,-23.612822],[-46.447308,-23.612842],[-46.447115,-23.612878],[-46.446959,-23.612894],[-46.446442,-23.612986],[-46.446115,-23.613024],[-46.445763,-23.613081],[-46.445349,-23.613105],[-46.445618,-23.613896],[-46.445784,-23.614205],[-46.44596,-23.614461]]]]}},{"type":"Feature","properties":{"id":"habi_obraurbanizacao2geosampa_ext.97","gid":97,"ID_Habitasampa":"eacacb01-2f90-4ca2-8962-ea4e03d5c165","Nome":"LOTE 3 - JARDIM CAPELA","Agrupamento":"URBANIZAÇÃO COMPLEXA MANANCIAIS","Estagio":"03 - OBRA EM ANDAMENTO","ID_unico":"1212.100.100-u","Escopo":"PROJETO+OBRA","Responsavel":"SEHAB/SEPM","Programa_metas":"2025-2028","Estimativa_familias":786.0,"Previsao_entrega_obra":"dez-27","Estagio_mapeamento":"Obra contratada","Area_m2":83486.04,"Distrito":"JARDIM ANGELA","Subprefeitura":"M BOI MIRIM","DTS":"MANANCIAIS"},"geometry":{"type":"MultiPolygon","coordinates":[[[[-46.791852,-23.731626],[-46.791778,-23.731376],[-46.791614,-23.730652],[-46.791581,-23.730571],[-46.791476,-23.73036],[-46.791381,-23.730175],[-46.791329,-23.730083],[-46.791339,-23.730079],[-46.791213,-23.729888],[-46.79114,-23.729722],[-46.790818,-23.729445],[-46.79074,-23.729497],[-46.790034,-23.72883],[-46.789824,-23.728978],[-46.788628,-23.727302],[-46.788431,-23.726933],[-46.787805,-23.727152],[-46.787521,-23.72696],[-46.787301,-23.726408],[-46.787155,-23.726219],[-46.786995,-23.726264],[-46.786965,-23.726171],[-46.786759,-23.726233],[-46.786736,-23.726164],[-46.78659,-23.726267],[-46.786355,-23.726342],[-46.786377,-23.726449],[-46.786387,-23.726561],[-46.786426,-23.727181],[-46.786446,-23.727217],[-46.786527,-23.727251],[-46.786505,-23.727313],[-46.786679,-23.727427],[-46.786693,-23.727479],[-46.786415,-23.727444],[-46.786399,-23.727589],[-46.787022,-23.727746],[-46.786865,-23.728099],[-46.78744,-23.728199],[-46.788024,-23.728439],[-46.789,-23.729074],[-46.789656,-23.729426],[-46.789905,-23.729572],[-46.790044,-23.729637],[-46.790207,-23.729697],[-46.790381,-23.72976],[-46.790948,-23.730032],[-46.790974,-23.73008],[-46.79068,-23.730463],[-46.790719,-23.730587],[-46.790993,-23.730773],[-46.790851,-23.730952],[-46.790933,-23.730998],[-46.790597,-23.731434],[-46.791333,-23.731964],[-46.79163,-23.732823],[-46.792141,-23.732691],[-46.792023,-23.732223],[-46.791852,-23.731626]]]]}},{"type":"Feature","properties":{"id":"habi_obraurbanizacao2geosampa_ext.98","gid":98,"ID_Habitasampa":"e216039d-94c2-484d-bcfe-eea170281575","Nome":"LOTE 2 - JARDIM ANGELA II - SUBPERÍMETRO 2 (LAR NOVO LAR)","Agrupamento":"URBANIZAÇÃO COMPLEXA MANANCIAIS","Estagio":"11 - PROJETO EM ANDAMENTO","ID_unico":"1172.100.101-u","Escopo":"PROJETO+OBRA","Responsavel":"SEHAB/SEPM","Programa_metas":"2025-2028","Estimativa_familias":140.0,"Previsao_entrega_obra":"dez-28","Estagio_mapeamento":"Projeto contratado","Area_m2":14747.23,"Distrito":"JARDIM ANGELA","Subprefeitura":"M BOI MIRIM","DTS":"MANANCIAIS"},"geometry":{"type":"MultiPolygon","coordinates":[[[[-46.763886,-23.684086],[-46.761942,-23.683599],[-46.761747,-23.684023],[-46.761886,-23.684168],[-46.762014,-23.684285],[-46.762173,-23.684367],[-46.762459,-23.684447],[-46.76269,-23.684486],[-46.76283,-23.684512],[-46.762973,-23.684557],[-46.763112,-23.684605],[-46.763224,-23.684631],[-46.76337,-23.684685],[-46.763499,-23.684741],[-46.763886,-23.684086]]]]}},{"type":"Feature","properties":{"id":"habi_obraurbanizacao2geosampa_ext.99","gid":99,"ID_Habitasampa":"201246dd-b5f1-435b-ac7e-f8ea382ca32e","Nome":"LOTE 8 - CÓRREGO CAULIM - SUBPERÍMETRO 4","Agrupamento":"URB SIMPLES S/ REMOÇÃO MANANCIAIS","Estagio":"03 - OBRA EM ANDAMENTO","ID_unico":"1259.100.103-u","Escopo":"PROJETO+OBRA","Responsavel":"SEHAB/SEPM","Programa_metas":"2025-2028","Estimativa_familias":5.0,"Previsao_entrega_obra":"dez-27","Estagio_mapeamento":"Obra contratada","Area_m2":4050.12,"Distrito":"PARELHEIROS","Subprefeitura":"PARELHEIROS","DTS":"MANANCIAIS"},"geometry":{"type":"MultiPolygon","coordinates":[[[[-46.73066,-23.793443],[-46.730504,-23.793336],[-46.730132,-23.793769],[-46.72989,-23.793653],[-46.729533,-23.793481],[-46.728933,-23.793182],[-46.728467,-23.792926],[-46.728086,-23.792674],[-46.727677,-23.792291],[-46.727469,-23.791992],[-46.727384,-23.791772],[-46.726944,-23.790859],[-46.726873,-23.79092],[-46.726925,-23.791072],[-46.726925,-23.791083],[-46.727116,-23.791435],[-46.727128,-23.791451],[-46.72729,-23.791792],[-46.72755,-23.79225],[-46.727688,-23.792394],[-46.72826,-23.792892],[-46.729118,-23.793348],[-46.730149,-23.793839],[-46.730189,-23.793797],[-46.730493,-23.793391],[-46.730591,-23.79348],[-46.73066,-23.793443]]]]}},{"type":"Feature","properties":{"id":"habi_obraurbanizacao2geosampa_ext.100","gid":100,"ID_Habitasampa":"8ff047e6-ba50-464f-a34b-8489a0246340","Nome":"LOTE 6 - JARDIM GAIVOTAS I (ERUNDINA)","Agrupamento":"URBANIZAÇÃO COMPLEXA MANANCIAIS","Estagio":"03 - OBRA EM ANDAMENTO","ID_unico":"1145.101.100-u","Escopo":"PROJETO+OBRA","Responsavel":"SEHAB/SEPM","Programa_metas":"2025-2028","Estimativa_familias":1255.0,"Previsao_entrega_obra":"dez-28","Estagio_mapeamento":"Obra contratada","Area_m2":143974.45,"Distrito":"GRAJAU","Subprefeitura":"CAPELA DO SOCORRO","DTS":"MANANCIAIS"},"geometry":{"type":"MultiPolygon","coordinates":[[[[-46.664289,-23.733167],[-46.663553,-23.73418],[-46.664016,-23.734689],[-46.66415,-23.734997],[-46.664316,-23.735268],[-46.664448,-23.735336],[-46.665362,-23.735703],[-46.665586,-23.735873],[-46.66575,-23.736086],[-46.665971,-23.736602],[-46.666079,-23.736539],[-46.666409,-23.736253],[-46.666652,-23.735939],[-46.666679,-23.73581],[-46.666637,-23.735721],[-46.666473,-23.735543],[-46.666368,-23.735324],[-46.666431,-23.735042],[-46.666645,-23.734705],[-46.666935,-23.734396],[-46.667126,-23.734182],[-46.667281,-23.733945],[-46.667711,-23.732369],[-46.667791,-23.732196],[-46.66779,-23.732091],[-46.667451,-23.731791],[-46.666462,-23.731398],[-46.666168,-23.731344],[-46.665739,-23.731456],[-46.665562,-23.73147],[-46.664895,-23.731473],[-46.664738,-23.732042],[-46.664289,-23.733167]]]]}},{"type":"Feature","properties":{"id":"habi_obraurbanizacao2geosampa_ext.101","gid":101,"ID_Habitasampa":"b22f36da-a746-4d25-8926-cccc09bc1464","Nome":"LOTE 2 - RENATO LOCCHI","Agrupamento":"A DEFINIR MANANCIAIS","Estagio":"12 - PROJETO CONTRATADO E NÃO INICIADO","ID_unico":"1176.100.100-u","Escopo":"PROJETO+OBRA","Responsavel":"SEHAB/SEPM","Programa_metas":"","Estimativa_familias":360.0,"Previsao_entrega_obra":"dez-27","Estagio_mapeamento":"Projeto contratado","Area_m2":42025.97,"Distrito":"JARDIM ANGELA","Subprefeitura":"M BOI MIRIM","DTS":"MANANCIAIS"},"geometry":{"type":"MultiPolygon","coordinates":[[[[-46.786029,-23.698744],[-46.78557,-23.698192],[-46.785335,-23.698018],[-46.785044,-23.697892],[-46.784781,-23.697847],[-46.784722,-23.697878],[-46.784723,-23.697945],[-46.785005,-23.698242],[-46.785079,-23.698388],[-46.785108,-23.698517],[-46.785103,-23.69866],[-46.785056,-23.698783],[-46.784866,-23.69915],[-46.784601,-23.699594],[-46.784437,-23.699744],[-46.784318,-23.699808],[-46.784107,-23.699874],[-46.783942,-23.699961],[-46.783666,-23.700218],[-46.783529,-23.700287],[-46.78304,-23.700364],[-46.782543,-23.700559],[-46.782419,-23.700652],[-46.782353,-23.700727],[-46.782306,-23.70081],[-46.782265,-23.700949],[-46.782254,-23.701259],[-46.78223,-23.701366],[-46.78211,-23.701617],[-46.782159,-23.701705],[-46.78278,-23.701326],[-46.783498,-23.701906],[-46.783843,-23.701635],[-46.783191,-23.70116],[-46.784294,-23.700434],[-46.784457,-23.700568],[-46.784741,-23.700233],[-46.78481,-23.700278],[-46.785182,-23.699705],[-46.785657,-23.699146],[-46.786029,-23.698744]]]]}},{"type":"Feature","properties":{"id":"habi_obraurbanizacao2geosampa_ext.102","gid":102,"ID_Habitasampa":"5eb7ae43-6888-46ab-86b5-821f9315048e","Nome":"ÁGUA BRANCA - 5º ETAPA","Agrupamento":"URB SIMPLES S/ REMOÇÃO OUCAB","Estagio":"01 - OBRA CONCLUÍDA","ID_unico":"1075.101.100-u","Escopo":"OBRA","Responsavel":"SEHAB/CFT-OBRA","Programa_metas":"2021-2024","Estimativa_familias":918.0,"Previsao_entrega_obra":"Sem previsão","Estagio_mapeamento":"Obra contratada","Area_m2":27955.97,"Distrito":"BARRA FUNDA","Subprefeitura":"LAPA","DTS":"CENTRO"},"geometry":{"type":"MultiPolygon","coordinates":[[[[-46.686348,-23.514893],[-46.686355,-23.515355],[-46.686402,-23.515375],[-46.68647,-23.515374],[-46.686518,-23.515361],[-46.686502,-23.514845],[-46.686437,-23.514848],[-46.686395,-23.51488],[-46.686348,-23.514893]]],[[[-46.686167,-23.512807],[-46.686155,-23.513639],[-46.686271,-23.514361],[-46.686345,-23.514379],[-46.686588,-23.514214],[-46.687021,-23.513705],[-46.687261,-23.513066],[-46.687351,-23.512734],[-46.687305,-23.512548],[-46.68728,-23.512271],[-46.687167,-23.511987],[-46.686894,-23.511653],[-46.686605,-23.511676],[-46.686194,-23.511901],[-46.686139,-23.511987],[-46.686184,-23.512271],[-46.686167,-23.512807]]]]}},{"type":"Feature","properties":{"id":"habi_obraurbanizacao2geosampa_ext.103","gid":103,"ID_Habitasampa":"bb1cce7e-ecde-4fb2-a3c7-b6535888476c","Nome":"PARAISÓPOLIS / COLOMBO - 1ª ETAPA - SUBPERÍMETRO 2","Agrupamento":"URBANIZAÇÃO COMPLEXA OUCFL","Estagio":"03 - OBRA EM ANDAMENTO","ID_unico":"1027.103.101-u","Escopo":"OBRA","Responsavel":"SEHAB/CFT-OBRA","Programa_metas":"2025-2028","Estimativa_familias":183.0,"Previsao_entrega_obra":"jul/27","Estagio_mapeamento":"Obra contratada","Area_m2":6067.98,"Distrito":"VILA SONIA","Subprefeitura":"BUTANTA","DTS":"SUL"},"geometry":{"type":"MultiPolygon","coordinates":[[[[-46.728718,-23.607589],[-46.728738,-23.607747],[-46.728656,-23.607752],[-46.728677,-23.607957],[-46.728593,-23.607967],[-46.728607,-23.608044],[-46.728532,-23.60805],[-46.728545,-23.608154],[-46.72848,-23.608161],[-46.728468,-23.608228],[-46.728603,-23.608216],[-46.728623,-23.608349],[-46.728638,-23.608422],[-46.729132,-23.608399],[-46.729172,-23.608392],[-46.729158,-23.608279],[-46.729159,-23.608225],[-46.729172,-23.608225],[-46.729173,-23.608106],[-46.729163,-23.608107],[-46.72916,-23.608012],[-46.729218,-23.608005],[-46.729217,-23.607909],[-46.729161,-23.607859],[-46.72917,-23.607788],[-46.729135,-23.607701],[-46.729271,-23.607704],[-46.729296,-23.607642],[-46.729276,-23.607514],[-46.729249,-23.607516],[-46.729225,-23.607481],[-46.729222,-23.607448],[-46.728714,-23.607446],[-46.728713,-23.607512],[-46.728718,-23.607589]]]]}},{"type":"Feature","properties":{"id":"habi_obraurbanizacao2geosampa_ext.104","gid":104,"ID_Habitasampa":"5e5e9976-2652-41f4-b719-8dce4edceac3","Nome":"LOTE 7 - CANTINHO DO CÉU - SUBPERÍMETRO 2","Agrupamento":"URBANIZAÇÃO COMPLEXA MANANCIAIS","Estagio":"01 - OBRA CONCLUÍDA","ID_unico":"1190.100.100-u","Escopo":"PROJETO+OBRA","Responsavel":"SEHAB/SEPM","Programa_metas":"2021-2024","Estimativa_familias":2206.0,"Previsao_entrega_obra":"mar/23","Estagio_mapeamento":"Obra contratada","Area_m2":228988.28,"Distrito":"GRAJAU","Subprefeitura":"CAPELA DO SOCORRO","DTS":"MANANCIAIS"},"geometry":{"type":"MultiPolygon","coordinates":[[[[-46.659167,-23.742723],[-46.658998,-23.742666],[-46.658625,-23.742742],[-46.658261,-23.742835],[-46.65779,-23.74304],[-46.65695,-23.743686],[-46.65673,-23.743701],[-46.65606,-23.743434],[-46.654896,-23.742],[-46.654953,-23.741889],[-46.65505,-23.741818],[-46.655575,-23.742142],[-46.655733,-23.742209],[-46.655748,-23.741999],[-46.655434,-23.741356],[-46.655224,-23.740742],[-46.655196,-23.740258],[-46.655354,-23.739908],[-46.656518,-23.739176],[-46.657148,-23.73917],[-46.65719,-23.738577],[-46.657533,-23.738357],[-46.658221,-23.737307],[-46.658525,-23.737018],[-46.659516,-23.738442],[-46.659936,-23.739127],[-46.659798,-23.740895],[-46.659752,-23.741976],[-46.659167,-23.742723]]]]}},{"type":"Feature","properties":{"id":"habi_obraurbanizacao2geosampa_ext.112","gid":112,"ID_Habitasampa":"9e409d80-5d1f-47ad-b001-87c96110b68f","Nome":"LIDIANE - SAMPAIO CORREA - SUBPERÍMETRO 1","Agrupamento":"URBANIZAÇÃO COMPLEXA OUCAB","Estagio":"03 - OBRA EM ANDAMENTO","ID_unico":"1022.101.100-u","Escopo":"OBRA","Responsavel":"SEHAB/CFT-OBRA","Programa_metas":"2025-2028","Estimativa_familias":265.0,"Previsao_entrega_obra":"dez-26","Estagio_mapeamento":"Obra contratada","Area_m2":6216.42,"Distrito":"LIMAO","Subprefeitura":"CASA VERDE-CACHOEIRINHA","DTS":"NORTE"},"geometry":{"type":"MultiPolygon","coordinates":[[[[-46.677784,-23.510014],[-46.677666,-23.509656],[-46.677228,-23.509742],[-46.67724,-23.509941],[-46.67693,-23.510183],[-46.676698,-23.510289],[-46.676834,-23.510363],[-46.677053,-23.510441],[-46.677176,-23.510495],[-46.677487,-23.510299],[-46.677724,-23.510539],[-46.677818,-23.510484],[-46.677753,-23.510403],[-46.677859,-23.510277],[-46.677931,-23.510082],[-46.677784,-23.510014]]]]}},{"type":"Feature","properties":{"id":"habi_obraurbanizacao2geosampa_ext.113","gid":113,"ID_Habitasampa":"eee09e2e-a34f-496f-adc0-81b19b142d5b","Nome":"JARDIM RODOLFO PIRANI","Agrupamento":"URB SIMPLES S/ REMOÇÃO","Estagio":"01 - OBRA CONCLUÍDA","ID_unico":"1120.101.100-u","Escopo":"OBRA","Responsavel":"SEHAB/CFT-OBRA","Programa_metas":"2021-2024","Estimativa_familias":76.0,"Previsao_entrega_obra":"Sem previsão","Estagio_mapeamento":"Obra contratada","Area_m2":18724.67,"Distrito":"SAO RAFAEL","Subprefeitura":"SAO MATEUS","DTS":"LESTE"},"geometry":{"type":"MultiPolygon","coordinates":[[[[-46.458864,-23.638562],[-46.458523,-23.638725],[-46.458429,-23.63876],[-46.458244,-23.638877],[-46.458223,-23.638908],[-46.458236,-23.638957],[-46.458353,-23.639035],[-46.458592,-23.639486],[-46.459327,-23.639094],[-46.460655,-23.638387],[-46.460515,-23.638171],[-46.460462,-23.637967],[-46.460372,-23.637754],[-46.459625,-23.638124],[-46.458864,-23.638562]]]]}},{"type":"Feature","properties":{"id":"habi_obraurbanizacao2geosampa_ext.105","gid":105,"ID_Habitasampa":"9045dece-bf8c-4d49-88a9-43cbee7b6534","Nome":"PARAISÓPOLIS / SETOR ANTONICO - SUBPERÍMETRO 4","Agrupamento":"URBANIZAÇÃO COMPLEXA OUCFL","Estagio":"03 - OBRA EM ANDAMENTO","ID_unico":"1027.102.103-u","Escopo":"OBRA","Responsavel":"SEHAB/CFT-OBRA","Programa_metas":"2025-2028","Estimativa_familias":409.0,"Previsao_entrega_obra":"mai-27","Estagio_mapeamento":"Obra contratada","Area_m2":10293.64,"Distrito":"VILA ANDRADE","Subprefeitura":"CAMPO LIMPO","DTS":"SUL"},"geometry":{"type":"MultiPolygon","coordinates":[[[[-46.728549,-23.615418],[-46.728489,-23.61536],[-46.728523,-23.615337],[-46.728434,-23.615197],[-46.728451,-23.61519],[-46.728429,-23.615154],[-46.728414,-23.615107],[-46.728359,-23.615019],[-46.72828,-23.614977],[-46.728241,-23.614954],[-46.728194,-23.614914],[-46.728176,-23.614894],[-46.728131,-23.614851],[-46.72812,-23.614858],[-46.728117,-23.614855],[-46.728122,-23.614849],[-46.728087,-23.614826],[-46.728079,-23.614844],[-46.728031,-23.614826],[-46.727991,-23.614809],[-46.72799,-23.614788],[-46.727845,-23.614797],[-46.727845,-23.614797],[-46.727843,-23.61474],[-46.727838,-23.614692],[-46.727833,-23.614644],[-46.727825,-23.614514],[-46.727699,-23.614515],[-46.727617,-23.614515],[-46.72759,-23.614527],[-46.727579,-23.614542],[-46.7275,-23.614551],[-46.727479,-23.614504],[-46.7274,-23.61458],[-46.72735,-23.614599],[-46.727333,-23.614623],[-46.727291,-23.614599],[-46.727144,-23.614599],[-46.727065,-23.614604],[-46.72707,-23.614633],[-46.727052,-23.614727],[-46.727138,-23.614731],[-46.727184,-23.614729],[-46.727225,-23.614728],[-46.727247,-23.614733],[-46.727238,-23.614826],[-46.727327,-23.61484],[-46.727343,-23.614843],[-46.727343,-23.614844],[-46.727342,-23.614844],[-46.727319,-23.61492],[-46.727327,-23.614922],[-46.727335,-23.614923],[-46.727343,-23.614925],[-46.727411,-23.614943],[-46.727476,-23.61495],[-46.727551,-23.614936],[-46.727556,-23.614962],[-46.727618,-23.614952],[-46.727623,-23.614968],[-46.727653,-23.614955],[-46.727688,-23.614944],[-46.727706,-23.614939],[-46.727707,-23.614939],[-46.727711,-23.615007],[-46.727721,-23.615007],[-46.727721,-23.61501],[-46.727734,-23.615112],[-46.727844,-23.615103],[-46.727893,-23.615102],[-46.727896,-23.615102],[-46.727898,-23.615138],[-46.727946,-23.615136],[-46.727946,-23.615147],[-46.727976,-23.615147],[-46.72804,-23.615145],[-46.72804,-23.615141],[-46.728113,-23.615138],[-46.72811,-23.61525],[-46.728186,-23.615249],[-46.728191,-23.61532],[-46.728294,-23.615319],[-46.728295,-23.615319],[-46.728298,-23.615354],[-46.728296,-23.615482],[-46.728389,-23.615474],[-46.728413,-23.615466],[-46.728415,-23.615471],[-46.728468,-23.61564],[-46.728475,-23.61564],[-46.72848,-23.615662],[-46.728482,-23.6157],[-46.728491,-23.6157],[-46.728495,-23.615736],[-46.72851,-23.615735],[-46.728512,-23.615766],[-46.728513,-23.615783],[-46.728607,-23.615778],[-46.728614,-23.615844],[-46.728629,-23.615843],[-46.728638,-23.615877],[-46.72864,-23.615883],[-46.728655,-23.61588],[-46.728706,-23.615866],[-46.728721,-23.615911],[-46.728734,-23.615964],[-46.728749,-23.615962],[-46.728769,-23.615957],[-46.72877,-23.615958],[-46.728776,-23.615982],[-46.728726,-23.615991],[-46.728733,-23.616034],[-46.728699,-23.616038],[-46.728706,-23.616081],[-46.728709,-23.616097],[-46.728757,-23.616092],[-46.72886,-23.616081],[-46.728866,-23.616126],[-46.728867,-23.616133],[-46.728873,-23.616139],[-46.728881,-23.616182],[-46.728892,-23.616181],[-46.728895,-23.616211],[-46.728901,-23.616257],[-46.72897,-23.61625],[-46.728991,-23.616357],[-46.729047,-23.616349],[-46.729076,-23.616349],[-46.729128,-23.616344],[-46.729197,-23.616335],[-46.729231,-23.616329],[-46.729246,-23.616328],[-46.729356,-23.616311],[-46.729335,-23.616209],[-46.72933,-23.616185],[-46.729316,-23.616112],[-46.729307,-23.616066],[-46.729264,-23.616074],[-46.729218,-23.616082],[-46.729211,-23.616083],[-46.72921,-23.616078],[-46.729205,-23.616052],[-46.7292,-23.616027],[-46.729196,-23.616007],[-46.729199,-23.616006],[-46.729193,-23.615977],[-46.729187,-23.615932],[-46.729185,-23.615913],[-46.729153,-23.615916],[-46.729147,-23.61586],[-46.729066,-23.615869],[-46.729065,-23.615863],[-46.729061,-23.615829],[-46.729057,-23.615792],[-46.729052,-23.615775],[-46.729058,-23.615762],[-46.729052,-23.615731],[-46.729037,-23.615733],[-46.728994,-23.615738],[-46.728981,-23.615739],[-46.72898,-23.615734],[-46.728978,-23.615624],[-46.72893,-23.615624],[-46.728933,-23.615574],[-46.728888,-23.615569],[-46.728891,-23.615549],[-46.728805,-23.615532],[-46.728824,-23.615434],[-46.72877,-23.615427],[-46.728763,-23.615425],[-46.728698,-23.615426],[-46.728674,-23.615426],[-46.728669,-23.615426],[-46.728572,-23.615419],[-46.728549,-23.615418]]]]}},{"type":"Feature","properties":{"id":"habi_obraurbanizacao2geosampa_ext.106","gid":106,"ID_Habitasampa":"21191f8a-3131-4364-9d0b-13dc87ca33c9","Nome":"LOTE 8 - JARDIM SANTA TEREZINHA - SUBPERÍMETRO 2","Agrupamento":"URBANIZAÇÃO COMPLEXA MANANCIAIS","Estagio":"12 - PROJETO CONTRATADO E NÃO INICIADO","ID_unico":"1208.100.101-u","Escopo":"PROJETO+OBRA","Responsavel":"SEHAB/SEPM","Programa_metas":"2025-2028","Estimativa_familias":21.0,"Previsao_entrega_obra":"Sem previsão","Estagio_mapeamento":"Projeto contratado","Area_m2":4571.68,"Distrito":"PARELHEIROS","Subprefeitura":"PARELHEIROS","DTS":"MANANCIAIS"},"geometry":{"type":"MultiPolygon","coordinates":[[[[-46.695462,-23.85342],[-46.695454,-23.853322],[-46.695314,-23.853404],[-46.695458,-23.853526],[-46.695447,-23.853658],[-46.696162,-23.854234],[-46.696436,-23.854367],[-46.696722,-23.853973],[-46.696199,-23.85385],[-46.695878,-23.853717],[-46.695611,-23.853546],[-46.695462,-23.85342]]]]}},{"type":"Feature","properties":{"id":"habi_obraurbanizacao2geosampa_ext.107","gid":107,"ID_Habitasampa":"d89d5072-df09-4f1a-8c60-af02c78ff1d3","Nome":"LOTE 2 - JARDIM ANGELA II - SUBPERÍMETRO 1","Agrupamento":"URBANIZAÇÃO COMPLEXA MANANCIAIS","Estagio":"03 - OBRA EM ANDAMENTO","ID_unico":"1172.100.100-u","Escopo":"PROJETO+OBRA","Responsavel":"SEHAB/SEPM","Programa_metas":"2025-2028","Estimativa_familias":393.0,"Previsao_entrega_obra":"dez-28","Estagio_mapeamento":"Obra contratada","Area_m2":31941.14,"Distrito":"JARDIM ANGELA","Subprefeitura":"M BOI MIRIM","DTS":"MANANCIAIS"},"geometry":{"type":"MultiPolygon","coordinates":[[[[-46.761747,-23.684023],[-46.761942,-23.683599],[-46.763945,-23.684146],[-46.764061,-23.68397],[-46.762534,-23.682953],[-46.762378,-23.683134],[-46.761619,-23.6828],[-46.761434,-23.6827],[-46.761182,-23.682566],[-46.761208,-23.682805],[-46.7608,-23.683097],[-46.760784,-23.683091],[-46.760769,-23.683084],[-46.760766,-23.683082],[-46.760762,-23.683081],[-46.760759,-23.68308],[-46.760755,-23.683079],[-46.760752,-23.683078],[-46.760748,-23.683078],[-46.760744,-23.683077],[-46.760741,-23.683077],[-46.760595,-23.683221],[-46.760575,-23.683242],[-46.760553,-23.683262],[-46.760529,-23.68328],[-46.760505,-23.683297],[-46.760479,-23.683313],[-46.760453,-23.683327],[-46.759943,-23.683571],[-46.759902,-23.683589],[-46.75986,-23.683605],[-46.759817,-23.683618],[-46.759773,-23.683629],[-46.759494,-23.683698],[-46.759378,-23.683784],[-46.760234,-23.683822],[-46.761202,-23.683856],[-46.761412,-23.683894],[-46.761647,-23.683987],[-46.761726,-23.684008],[-46.761747,-23.684023]]]]}},{"type":"Feature","properties":{"id":"habi_obraurbanizacao2geosampa_ext.108","gid":108,"ID_Habitasampa":"d750f887-b7b3-492d-909c-860cf52f4b5c","Nome":"LIDIANE - SAMPAIO CORREA - SUBPERÍMETRO 3","Agrupamento":"URBANIZAÇÃO COMPLEXA OUCAB","Estagio":"03 - OBRA EM ANDAMENTO","ID_unico":"1022.101.102-u","Escopo":"OBRA","Responsavel":"SEHAB/CFT-OBRA","Programa_metas":"2025-2028","Estimativa_familias":7.0,"Previsao_entrega_obra":"dez-26","Estagio_mapeamento":"Obra contratada","Area_m2":2972.0,"Distrito":"LIMAO","Subprefeitura":"CASA VERDE-CACHOEIRINHA","DTS":"NORTE"},"geometry":{"type":"MultiPolygon","coordinates":[[[[-46.676701,-23.511762],[-46.676711,-23.511669],[-46.676641,-23.511371],[-46.676659,-23.511281],[-46.676548,-23.511227],[-46.67627,-23.511128],[-46.676292,-23.511004],[-46.676076,-23.510939],[-46.676057,-23.511114],[-46.676117,-23.51116],[-46.67634,-23.511535],[-46.676436,-23.511798],[-46.676701,-23.511762]]]]}},{"type":"Feature","properties":{"id":"habi_obraurbanizacao2geosampa_ext.109","gid":109,"ID_Habitasampa":"674c537b-286a-4600-8f1e-836e713978dd","Nome":"LOTE 7 - CANTINHO DO CÉU - SUBPERÍMETRO 5 (FRENTES 1, 2 E 3)","Agrupamento":"URBANIZAÇÃO COMPLEXA MANANCIAIS","Estagio":"03 - OBRA EM ANDAMENTO","ID_unico":"1190.100.103-u","Escopo":"PROJETO+OBRA","Responsavel":"SEHAB/SEPM","Programa_metas":"","Estimativa_familias":1321.0,"Previsao_entrega_obra":"dez-26","Estagio_mapeamento":"Obra contratada","Area_m2":157596.48,"Distrito":"GRAJAU","Subprefeitura":"CAPELA DO SOCORRO","DTS":"MANANCIAIS"},"geometry":{"type":"MultiPolygon","coordinates":[[[[-46.661873,-23.73686],[-46.661942,-23.736796],[-46.662182,-23.736614],[-46.662635,-23.736148],[-46.662601,-23.735697],[-46.662795,-23.735048],[-46.662961,-23.734975],[-46.663364,-23.734551],[-46.663293,-23.734488],[-46.66298,-23.734504],[-46.66244,-23.734672],[-46.661886,-23.734856],[-46.661791,-23.73318],[-46.661466,-23.732687],[-46.660708,-23.732243],[-46.66033,-23.731976],[-46.659312,-23.732058],[-46.658756,-23.733046],[-46.658796,-23.73434],[-46.659219,-23.735102],[-46.65928,-23.735324],[-46.65942,-23.73589],[-46.659751,-23.736424],[-46.660076,-23.73645],[-46.660734,-23.736964],[-46.660986,-23.737096],[-46.661558,-23.736859],[-46.661746,-23.736834],[-46.661873,-23.73686]]]]}},{"type":"Feature","properties":{"id":"habi_obraurbanizacao2geosampa_ext.110","gid":110,"ID_Habitasampa":"afd94b60-639b-4500-9ea4-6afc05ab580a","Nome":"LOTE 4 - ALCINDO FERREIRA I / JARDIM CRUZEIRO","Agrupamento":"A DEFINIR MANANCIAIS","Estagio":"12 - PROJETO CONTRATADO E NÃO INICIADO","ID_unico":"1260.100.100-u","Escopo":"PROJETO+OBRA","Responsavel":"SEHAB/SEPM","Programa_metas":"2025-2028","Estimativa_familias":52.0,"Previsao_entrega_obra":"Sem previsão","Estagio_mapeamento":"Projeto contratado","Area_m2":23982.26,"Distrito":"CIDADE DUTRA","Subprefeitura":"CAPELA DO SOCORRO","DTS":"MANANCIAIS"},"geometry":{"type":"MultiPolygon","coordinates":[[[[-46.712304,-23.715405],[-46.712077,-23.714846],[-46.712009,-23.71474],[-46.7116,-23.714976],[-46.711261,-23.715043],[-46.710316,-23.714792],[-46.709331,-23.714468],[-46.709132,-23.714999],[-46.710252,-23.715505],[-46.711042,-23.715799],[-46.711053,-23.715803],[-46.711065,-23.715806],[-46.711077,-23.715808],[-46.711089,-23.71581],[-46.711101,-23.715811],[-46.711113,-23.715812],[-46.711126,-23.715812],[-46.711138,-23.715811],[-46.71115,-23.715809],[-46.711162,-23.715807],[-46.711174,-23.715804],[-46.711185,-23.7158],[-46.712304,-23.715405]]]]}},{"type":"Feature","properties":{"id":"habi_obraurbanizacao2geosampa_ext.111","gid":111,"ID_Habitasampa":"82157c07-6321-4846-a471-86f78c4ca0d6","Nome":"LOTE 2 - PARQUE SÃO FRANCISCO A","Agrupamento":"URBANIZAÇÃO COMPLEXA MANANCIAIS","Estagio":"12 - PROJETO CONTRATADO E NÃO INICIADO","ID_unico":"1175.100.100-u","Escopo":"PROJETO+OBRA","Responsavel":"SEHAB/SEPM","Programa_metas":"","Estimativa_familias":334.0,"Previsao_entrega_obra":"dez-27","Estagio_mapeamento":"Projeto contratado","Area_m2":85307.34,"Distrito":"JARDIM SAO LUIS","Subprefeitura":"M BOI MIRIM","DTS":"MANANCIAIS"},"geometry":{"type":"MultiPolygon","coordinates":[[[[-46.747546,-23.693333],[-46.747256,-23.693129],[-46.745874,-23.692553],[-46.744743,-23.691531],[-46.744609,-23.691496],[-46.744447,-23.691275],[-46.743825,-23.691497],[-46.74341,-23.691943],[-46.744678,-23.69243],[-46.745294,-23.693207],[-46.745442,-23.693267],[-46.746439,-23.693863],[-46.747474,-23.69415],[-46.748586,-23.694215],[-46.749515,-23.694172],[-46.749542,-23.693851],[-46.749751,-23.693228],[-46.750113,-23.692365],[-46.750161,-23.692195],[-46.750052,-23.69187],[-46.749896,-23.691475],[-46.749756,-23.691231],[-46.749707,-23.691159],[-46.749647,-23.691199],[-46.749751,-23.691391],[-46.749872,-23.691639],[-46.749897,-23.691701],[-46.749614,-23.691885],[-46.749293,-23.692014],[-46.749227,-23.692108],[-46.749152,-23.692285],[-46.749051,-23.692393],[-46.748724,-23.69246],[-46.748626,-23.692385],[-46.748551,-23.692344],[-46.748485,-23.692362],[-46.748368,-23.692493],[-46.748301,-23.692643],[-46.748256,-23.692759],[-46.748225,-23.69287],[-46.748249,-23.692966],[-46.748246,-23.693051],[-46.748232,-23.69315],[-46.748232,-23.693157],[-46.748224,-23.693276],[-46.7482,-23.693349],[-46.748174,-23.693384],[-46.748093,-23.69345],[-46.74801,-23.693494],[-46.747946,-23.693492],[-46.74772,-23.693445],[-46.747546,-23.693333]]]]}},{"type":"Feature","properties":{"id":"habi_obraurbanizacao2geosampa_ext.114","gid":114,"ID_Habitasampa":"54af1d0b-cb57-4b72-92c8-8b5898aa8923","Nome":"SÍTIO ITABERABA II","Agrupamento":"URBANIZAÇÃO COMPLEXA","Estagio":"01 - OBRA CONCLUÍDA","ID_unico":"1157.100.100-u","Escopo":"OBRA","Responsavel":"SEHAB/CFT-OBRA","Programa_metas":"","Estimativa_familias":1224.0,"Previsao_entrega_obra":"mar/24","Estagio_mapeamento":"Obra contratada","Area_m2":177303.13,"Distrito":"ANHANGUERA","Subprefeitura":"PERUS","DTS":"NORTE"},"geometry":{"type":"MultiPolygon","coordinates":[[[[-46.800603,-23.448116],[-46.799971,-23.44823],[-46.798703,-23.446773],[-46.799514,-23.449762],[-46.799324,-23.450241],[-46.799053,-23.450465],[-46.798811,-23.450936],[-46.798717,-23.451232],[-46.798719,-23.45145],[-46.798849,-23.451688],[-46.799254,-23.451986],[-46.799922,-23.451981],[-46.80055,-23.451994],[-46.801318,-23.451924],[-46.801992,-23.45173],[-46.802334,-23.451378],[-46.80296,-23.450831],[-46.803268,-23.450337],[-46.803468,-23.449916],[-46.803535,-23.449493],[-46.803569,-23.449183],[-46.803387,-23.44881],[-46.803111,-23.448464],[-46.802688,-23.448157],[-46.802051,-23.448003],[-46.801446,-23.447897],[-46.800884,-23.447918],[-46.800603,-23.448116]]]]}},{"type":"Feature","properties":{"id":"habi_obraurbanizacao2geosampa_ext.115","gid":115,"ID_Habitasampa":"b4337325-4ec6-457a-becf-4fc9220dcdf0","Nome":"LOTEAMENTO PARQUE DAS FLORES/JD CONTINENTAL/COHAB - NÚCLEO DOS ANTÚRIOS","Agrupamento":"URBANIZAÇÃO COMPLEXA","Estagio":"03 - OBRA EM ANDAMENTO","ID_unico":"1148.100.102-u","Escopo":"OBRA","Responsavel":"SEHAB/CFT-OBRA","Programa_metas":"2025-2028","Estimativa_familias":195.0,"Previsao_entrega_obra":"jul-28","Estagio_mapeamento":"Obra contratada","Area_m2":37866.51,"Distrito":"SAO RAFAEL","Subprefeitura":"SAO MATEUS","DTS":"LESTE"},"geometry":{"type":"MultiPolygon","coordinates":[[[[-46.440761,-23.637963],[-46.440874,-23.637753],[-46.440861,-23.63763],[-46.440888,-23.637439],[-46.44088,-23.63729],[-46.440716,-23.637304],[-46.440431,-23.637375],[-46.440406,-23.637467],[-46.440435,-23.637623],[-46.440356,-23.637785],[-46.440267,-23.63796],[-46.439975,-23.638483],[-46.439846,-23.63869],[-46.439601,-23.639178],[-46.439539,-23.63945],[-46.439562,-23.639631],[-46.439708,-23.639803],[-46.440297,-23.640248],[-46.440297,-23.640248],[-46.440297,-23.640248],[-46.440297,-23.640248],[-46.44066,-23.640308],[-46.440999,-23.640349],[-46.441279,-23.640306],[-46.441734,-23.640184],[-46.441874,-23.640063],[-46.441972,-23.639973],[-46.44211,-23.639782],[-46.441782,-23.639751],[-46.441523,-23.63974],[-46.441155,-23.639789],[-46.441126,-23.639667],[-46.441153,-23.639534],[-46.44114,-23.639493],[-46.44109,-23.639505],[-46.441076,-23.639305],[-46.441107,-23.639075],[-46.441131,-23.638832],[-46.440926,-23.638809],[-46.440847,-23.63873],[-46.440799,-23.638445],[-46.440719,-23.638449],[-46.440692,-23.638208],[-46.440722,-23.638028],[-46.440761,-23.637963]]]]}},{"type":"Feature","properties":{"id":"habi_obraurbanizacao2geosampa_ext.116","gid":116,"ID_Habitasampa":"bf49d3bb-65c7-4129-b464-d23838ae6dce","Nome":"ALTOS DE VILA PRUDENTE + FAZENDA DA JUTA IV (PAI ORATÓRIO 1)","Agrupamento":"URBANIZAÇÃO COMPLEXA","Estagio":"10 - PROJETO PARALISADO","ID_unico":"1120.102.iii-u","Escopo":"PROJETO","Responsavel":"SEHAB/CFT-PROJ","Programa_metas":null,"Estimativa_familias":471.0,"Previsao_entrega_obra":"Sem previsão","Estagio_mapeamento":"Projeto contratado","Area_m2":25494.71,"Distrito":"SAPOPEMBA","Subprefeitura":"SAPOPEMBA","DTS":"SUDESTE"},"geometry":{"type":"MultiPolygon","coordinates":[[[[-46.499227,-23.619851],[-46.499176,-23.619775],[-46.498745,-23.619969],[-46.498445,-23.620106],[-46.498295,-23.620365],[-46.498263,-23.620358],[-46.498096,-23.620329],[-46.49807,-23.620473],[-46.497871,-23.620368],[-46.497777,-23.620654],[-46.49769,-23.620885],[-46.497565,-23.621092],[-46.497619,-23.621137],[-46.497593,-23.621204],[-46.497454,-23.621339],[-46.497436,-23.621421],[-46.497374,-23.621489],[-46.497479,-23.62163],[-46.497315,-23.621766],[-46.497101,-23.621858],[-46.496858,-23.62191],[-46.496655,-23.621909],[-46.496515,-23.621928],[-46.496481,-23.621967],[-46.496406,-23.621989],[-46.496441,-23.622098],[-46.496285,-23.622141],[-46.496253,-23.6222],[-46.4961,-23.622243],[-46.496081,-23.622191],[-46.495929,-23.622243],[-46.496,-23.622445],[-46.495757,-23.622564],[-46.495797,-23.622682],[-46.49596,-23.623468],[-46.495924,-23.623842],[-46.496014,-23.623841],[-46.496071,-23.623501],[-46.496175,-23.623196],[-46.496162,-23.623129],[-46.496141,-23.622997],[-46.496129,-23.622855],[-46.496155,-23.622743],[-46.496232,-23.622632],[-46.49629,-23.622559],[-46.496351,-23.622514],[-46.496468,-23.622466],[-46.496743,-23.622369],[-46.497336,-23.622212],[-46.497546,-23.622137],[-46.497708,-23.622037],[-46.498296,-23.621461],[-46.498641,-23.620106],[-46.498769,-23.620067],[-46.499227,-23.619851]]]]}},{"type":"Feature","properties":{"id":"habi_obraurbanizacao2geosampa_ext.117","gid":117,"ID_Habitasampa":"0c0f13ba-8890-4e1d-9ef3-e2f9f8c76fb4","Nome":"LOTE 8 - JARDIM RECREIO","Agrupamento":"URBANIZAÇÃO COMPLEXA MANANCIAIS","Estagio":"03 - OBRA EM ANDAMENTO","ID_unico":"1204.100.100-u","Escopo":"PROJETO+OBRA","Responsavel":"SEHAB/SEPM","Programa_metas":"2025-2028","Estimativa_familias":109.0,"Previsao_entrega_obra":"dez-27","Estagio_mapeamento":"Obra contratada","Area_m2":10944.75,"Distrito":"PARELHEIROS","Subprefeitura":"PARELHEIROS","DTS":"MANANCIAIS"},"geometry":{"type":"MultiPolygon","coordinates":[[[[-46.73511,-23.842014],[-46.734662,-23.842163],[-46.734516,-23.841807],[-46.734477,-23.841705],[-46.734439,-23.841584],[-46.734404,-23.841422],[-46.734398,-23.841373],[-46.734444,-23.841202],[-46.734497,-23.841078],[-46.734503,-23.841009],[-46.734494,-23.840975],[-46.734581,-23.840908],[-46.734936,-23.840817],[-46.735012,-23.840809],[-46.735046,-23.840896],[-46.735053,-23.840945],[-46.735061,-23.840972],[-46.735097,-23.841067],[-46.735202,-23.841273],[-46.735279,-23.841386],[-46.735362,-23.841543],[-46.735616,-23.841836],[-46.735415,-23.841912],[-46.73511,-23.842014]]]]}},{"type":"Feature","properties":{"id":"habi_obraurbanizacao2geosampa_ext.118","gid":118,"ID_Habitasampa":"0a1e43b9-83f4-4108-a7db-f5338d715ea8","Nome":"LOTE 5 - MORRO DOS MACACOS - SUBPERÍMETRO 2 (PARQUE)","Agrupamento":"URB SIMPLES S/ REMOÇÃO MANANCIAIS","Estagio":"08 - AÇÕES PRELIMINARES DE OBRA","ID_unico":"1201.100.101-u","Escopo":"PROJETO+OBRA","Responsavel":"SEHAB/SEPM","Programa_metas":null,"Estimativa_familias":292.0,"Previsao_entrega_obra":"Sem previsão","Estagio_mapeamento":"Projeto finalizado","Area_m2":11615.51,"Distrito":"PEDREIRA","Subprefeitura":"CIDADE ADEMAR","DTS":"MANANCIAIS"},"geometry":{"type":"MultiPolygon","coordinates":[[[[-46.626635,-23.70483],[-46.626665,-23.704899],[-46.626597,-23.704926],[-46.626591,-23.705017],[-46.626571,-23.705017],[-46.626543,-23.705151],[-46.626647,-23.705171],[-46.626639,-23.705206],[-46.626654,-23.705208],[-46.626643,-23.705262],[-46.626432,-23.705246],[-46.626426,-23.705166],[-46.626415,-23.70511],[-46.626355,-23.705109],[-46.626351,-23.70511],[-46.626357,-23.705213],[-46.626332,-23.70533],[-46.62636,-23.705337],[-46.62637,-23.705371],[-46.626369,-23.705421],[-46.626418,-23.705602],[-46.626358,-23.705612],[-46.626356,-23.70571],[-46.626329,-23.705784],[-46.626142,-23.706028],[-46.626018,-23.706365],[-46.625998,-23.706468],[-46.626036,-23.706475],[-46.625793,-23.707424],[-46.625746,-23.707424],[-46.625685,-23.707656],[-46.625615,-23.707652],[-46.625617,-23.707627],[-46.625397,-23.707724],[-46.625382,-23.707581],[-46.625461,-23.707373],[-46.625575,-23.707145],[-46.625603,-23.706941],[-46.625593,-23.706799],[-46.625614,-23.706544],[-46.625605,-23.706361],[-46.625648,-23.706119],[-46.625458,-23.706028],[-46.625643,-23.705894],[-46.625786,-23.705789],[-46.625935,-23.705679],[-46.626045,-23.705556],[-46.626128,-23.705489],[-46.626175,-23.705329],[-46.626231,-23.70509],[-46.626295,-23.705025],[-46.626346,-23.705029],[-46.626356,-23.704983],[-46.626359,-23.70495],[-46.626635,-23.70483]]]]}},{"type":"Feature","properties":{"id":"habi_obraurbanizacao2geosampa_ext.119","gid":119,"ID_Habitasampa":"32f88810-8806-4581-8c81-d59aa1c312a8","Nome":"LOTE 7 - CANTINHO DO CÉU - SUBPERÍMETRO 1","Agrupamento":"URBANIZAÇÃO COMPLEXA MANANCIAIS","Estagio":"01 - OBRA CONCLUÍDA","ID_unico":"1190.100.106-u","Escopo":"PROJETO+OBRA","Responsavel":"SEHAB/SEPM","Programa_metas":null,"Estimativa_familias":1820.0,"Previsao_entrega_obra":"Não se aplica","Estagio_mapeamento":"Obra contratada","Area_m2":309795.89,"Distrito":"GRAJAU","Subprefeitura":"CAPELA DO SOCORRO","DTS":"MANANCIAIS"},"geometry":{"type":"MultiPolygon","coordinates":[[[[-46.662366,-23.750255],[-46.664561,-23.744888],[-46.662381,-23.744929],[-46.660494,-23.745755],[-46.660386,-23.746597],[-46.660606,-23.746683],[-46.660175,-23.747036],[-46.659762,-23.746995],[-46.65946,-23.747026],[-46.659046,-23.747288],[-46.658401,-23.747806],[-46.658231,-23.747956],[-46.657712,-23.748496],[-46.657446,-23.748747],[-46.65733,-23.749297],[-46.656939,-23.749277],[-46.656704,-23.749407],[-46.656434,-23.749634],[-46.656258,-23.750003],[-46.656446,-23.750421],[-46.656839,-23.750477],[-46.65727,-23.750609],[-46.657831,-23.750787],[-46.658254,-23.750823],[-46.660441,-23.751004],[-46.661144,-23.750954],[-46.662366,-23.750255]]]]}},{"type":"Feature","properties":{"id":"habi_obraurbanizacao2geosampa_ext.120","gid":120,"ID_Habitasampa":"0bc0bdc0-45b9-4ffc-961a-850e34d2f20b","Nome":"LOTE 3 - JARDIM CALÚ","Agrupamento":"A DEFINIR MANANCIAIS","Estagio":"03 - OBRA EM ANDAMENTO","ID_unico":"1309.100.100-u","Escopo":"PROJETO+OBRA","Responsavel":"SEHAB/SEPM","Programa_metas":null,"Estimativa_familias":511.0,"Previsao_entrega_obra":"dez-26","Estagio_mapeamento":"Obra contratada","Area_m2":39647.25,"Distrito":"JARDIM ANGELA","Subprefeitura":"M BOI MIRIM","DTS":"MANANCIAIS"},"geometry":{"type":"MultiPolygon","coordinates":[[[[-46.792147,-23.738909],[-46.792377,-23.738671],[-46.792489,-23.738571],[-46.792506,-23.738583],[-46.792543,-23.738551],[-46.792588,-23.738532],[-46.792668,-23.738517],[-46.792785,-23.738532],[-46.793372,-23.738797],[-46.793594,-23.738357],[-46.793697,-23.738158],[-46.793737,-23.738153],[-46.793832,-23.73802],[-46.793922,-23.737954],[-46.793996,-23.737887],[-46.794034,-23.737854],[-46.794193,-23.737745],[-46.794281,-23.737672],[-46.79441,-23.737557],[-46.794484,-23.737619],[-46.794521,-23.737606],[-46.794565,-23.737594],[-46.794583,-23.737586],[-46.794756,-23.737504],[-46.794801,-23.737475],[-46.79484,-23.737439],[-46.79491,-23.737361],[-46.794822,-23.737283],[-46.794771,-23.737272],[-46.794646,-23.737207],[-46.794381,-23.736948],[-46.794158,-23.736734],[-46.794043,-23.736594],[-46.794,-23.736529],[-46.793981,-23.736451],[-46.793971,-23.736226],[-46.793488,-23.73622],[-46.793477,-23.736538],[-46.79345,-23.73663],[-46.793402,-23.736646],[-46.793378,-23.736673],[-46.793329,-23.7366],[-46.793306,-23.736581],[-46.793242,-23.736512],[-46.793215,-23.736511],[-46.793109,-23.736371],[-46.792995,-23.736222],[-46.792946,-23.736178],[-46.792821,-23.736101],[-46.792676,-23.736906],[-46.792971,-23.737065],[-46.792976,-23.737057],[-46.793038,-23.737103],[-46.793179,-23.737216],[-46.79329,-23.737348],[-46.793364,-23.737412],[-46.793263,-23.737458],[-46.791564,-23.738677],[-46.792147,-23.738909]]]]}},{"type":"Feature","properties":{"id":"habi_obraurbanizacao2geosampa_ext.121","gid":121,"ID_Habitasampa":"3b4b890c-3749-4eba-8628-f72c8c1aec80","Nome":"JARDIM AURORA (JARDIM CÉLIA) - SUBPERÍMETRO 1","Agrupamento":"URB SIMPLES S/ REMOÇÃO PAC - ENCOSTAS","Estagio":"04 - OBRA CONTRATADA E NÃO INICIADA","ID_unico":"1152.100.100-u","Escopo":"OBRA","Responsavel":"SEHAB/CFT-OBRA","Programa_metas":"2025-2028","Estimativa_familias":201.0,"Previsao_entrega_obra":"nov-26","Estagio_mapeamento":"Obra contratada","Area_m2":13939.98,"Distrito":"LAJEADO","Subprefeitura":"GUAIANASES","DTS":"LESTE"},"geometry":{"type":"MultiPolygon","coordinates":[[[[-46.423044,-23.535608],[-46.422505,-23.535817],[-46.421888,-23.535966],[-46.421556,-23.536056],[-46.420933,-23.536684],[-46.421841,-23.536586],[-46.422484,-23.536515],[-46.422904,-23.536484],[-46.423132,-23.536467],[-46.423044,-23.535608]]]]}},{"type":"Feature","properties":{"id":"habi_obraurbanizacao2geosampa_ext.122","gid":122,"ID_Habitasampa":"23bcf162-f0b2-4a2c-856c-56e37dce52e7","Nome":"LOTE 8 - CHÁCARA PROGRESSO","Agrupamento":"A DEFINIR MANANCIAIS","Estagio":"12 - PROJETO CONTRATADO E NÃO INICIADO","ID_unico":"1265.100.100-u","Escopo":"PROJETO+OBRA","Responsavel":"SEHAB/SEPM","Programa_metas":"","Estimativa_familias":37.0,"Previsao_entrega_obra":"Sem previsão","Estagio_mapeamento":"Projeto contratado","Area_m2":7100.54,"Distrito":"PARELHEIROS","Subprefeitura":"PARELHEIROS","DTS":"MANANCIAIS"},"geometry":{"type":"MultiPolygon","coordinates":[[[[-46.735815,-23.846241],[-46.736382,-23.845402],[-46.736354,-23.845396],[-46.735773,-23.845119],[-46.73527,-23.845768],[-46.735815,-23.846241]]]]}},{"type":"Feature","properties":{"id":"habi_obraurbanizacao2geosampa_ext.123","gid":123,"ID_Habitasampa":"0cda9e46-094b-47ea-b3ff-e0ede1a57813","Nome":"JARDIM KERALUX - GLEBA 1 A GLEBA 5 (PAVIMENTAÇÃO E DRENAGEM)","Agrupamento":"URB SIMPLES S/ REMOÇÃO","Estagio":"01 - OBRA CONCLUÍDA","ID_unico":"1149.100.100-u","Escopo":"OBRA","Responsavel":"SEHAB/CFT-OBRA","Programa_metas":"2021-2024","Estimativa_familias":3479.0,"Previsao_entrega_obra":"Sem previsão","Estagio_mapeamento":"Obra contratada","Area_m2":244804.95,"Distrito":"ERMELINO MATARAZZO","Subprefeitura":"ERMELINO MATARAZZO","DTS":"LESTE"},"geometry":{"type":"MultiPolygon","coordinates":[[[[-46.496788,-23.478276],[-46.496338,-23.478461],[-46.496049,-23.478595],[-46.495736,-23.478386],[-46.494888,-23.478454],[-46.494408,-23.478749],[-46.493859,-23.47906],[-46.49336,-23.479516],[-46.49326,-23.4801],[-46.49303,-23.480688],[-46.49271,-23.481107],[-46.492105,-23.481361],[-46.49179,-23.481197],[-46.491499,-23.480938],[-46.491121,-23.480764],[-46.490633,-23.480804],[-46.490469,-23.481136],[-46.490246,-23.481586],[-46.489861,-23.482082],[-46.489461,-23.482677],[-46.489059,-23.482842],[-46.488776,-23.482751],[-46.488747,-23.482427],[-46.488959,-23.482101],[-46.489193,-23.481747],[-46.489297,-23.481393],[-46.489297,-23.481038],[-46.489142,-23.480718],[-46.488658,-23.480627],[-46.488609,-23.480949],[-46.488987,-23.481056],[-46.489092,-23.481301],[-46.489001,-23.481572],[-46.488704,-23.481926],[-46.488417,-23.482429],[-46.488602,-23.484281],[-46.48997,-23.483439],[-46.490417,-23.483163],[-46.49107,-23.482783],[-46.491751,-23.482595],[-46.492471,-23.482468],[-46.49324,-23.48252],[-46.493957,-23.482618],[-46.494494,-23.482856],[-46.494836,-23.483117],[-46.495483,-23.483455],[-46.49668,-23.480793],[-46.496788,-23.478276]]]]}},{"type":"Feature","properties":{"id":"habi_obraurbanizacao2geosampa_ext.124","gid":124,"ID_Habitasampa":"a8dc1cc9-d2cd-40d4-be19-3d3eab3c03c7","Nome":"LOTE 4 - JARDIM ROSCHEL","Agrupamento":"URB SIMPLES S/ REMOÇÃO MANANCIAIS","Estagio":"01 - OBRA CONCLUÍDA","ID_unico":"1183.100.100-u","Escopo":"PROJETO+OBRA","Responsavel":"SEHAB/SEPM","Programa_metas":"2021-2024","Estimativa_familias":80.0,"Previsao_entrega_obra":"Não se aplica","Estagio_mapeamento":"Obra contratada","Area_m2":12494.03,"Distrito":"PARELHEIROS","Subprefeitura":"PARELHEIROS","DTS":"MANANCIAIS"},"geometry":{"type":"MultiPolygon","coordinates":[[[[-46.727862,-23.821492],[-46.728031,-23.821722],[-46.727857,-23.821722],[-46.728466,-23.82288],[-46.729116,-23.822719],[-46.728604,-23.82152],[-46.728449,-23.821557],[-46.728162,-23.821154],[-46.728155,-23.821154],[-46.728073,-23.821161],[-46.728022,-23.82118],[-46.727985,-23.821209],[-46.727939,-23.821316],[-46.727889,-23.821436],[-46.727862,-23.821492]]]]}},{"type":"Feature","properties":{"id":"habi_obraurbanizacao2geosampa_ext.125","gid":125,"ID_Habitasampa":"4b169043-70f2-4d59-96e9-b78fce690104","Nome":"CÓRREGO DA MINA - SUBPERÍMETRO 2","Agrupamento":"URBANIZAÇÃO COMPLEXA","Estagio":"03 - OBRA EM ANDAMENTO","ID_unico":"1150.100.101-u","Escopo":"OBRA","Responsavel":"SEHAB/CFT-OBRA","Programa_metas":"2025-2028","Estimativa_familias":96.0,"Previsao_entrega_obra":"dez-26","Estagio_mapeamento":"Obra contratada","Area_m2":7304.17,"Distrito":"PERUS","Subprefeitura":"PERUS","DTS":"NORTE"},"geometry":{"type":"MultiPolygon","coordinates":[[[[-46.750886,-23.418744],[-46.750406,-23.418856],[-46.750453,-23.419312],[-46.750486,-23.419304],[-46.750596,-23.419652],[-46.750667,-23.419716],[-46.750715,-23.420035],[-46.7508,-23.420019],[-46.750813,-23.420107],[-46.751188,-23.420032],[-46.751153,-23.419888],[-46.750967,-23.419035],[-46.750886,-23.418744]]]]}},{"type":"Feature","properties":{"id":"habi_obraurbanizacao2geosampa_ext.126","gid":126,"ID_Habitasampa":"8ce5beab-da25-4ca7-a043-3e2f47f42a6b","Nome":"JARDIM CIPOABA (ASSOCIAÇÃO DOS MORADORES CIDADE A.E. CARVALHO)","Agrupamento":"URBANIZAÇÃO COMPLEXA","Estagio":"10 - PROJETO PARALISADO","ID_unico":"1120.106.iii-u","Escopo":"PROJETO","Responsavel":"SEHAB/CFT-PROJ","Programa_metas":"","Estimativa_familias":1233.0,"Previsao_entrega_obra":"Sem previsão","Estagio_mapeamento":"Projeto contratado","Area_m2":162443.22,"Distrito":"SAO RAFAEL","Subprefeitura":"SAO MATEUS","DTS":"LESTE"},"geometry":{"type":"MultiPolygon","coordinates":[[[[-46.465355,-23.635207],[-46.465164,-23.634694],[-46.464196,-23.633815],[-46.464241,-23.633406],[-46.463503,-23.633153],[-46.463467,-23.632845],[-46.463161,-23.632738],[-46.462894,-23.633819],[-46.462803,-23.633884],[-46.462513,-23.633634],[-46.458122,-23.634258],[-46.458227,-23.634502],[-46.458647,-23.635195],[-46.459035,-23.635748],[-46.459215,-23.635885],[-46.459343,-23.636118],[-46.460405,-23.63627],[-46.464603,-23.635699],[-46.464844,-23.635729],[-46.465355,-23.635207]]]]}},{"type":"Feature","properties":{"id":"habi_obraurbanizacao2geosampa_ext.127","gid":127,"ID_Habitasampa":"9e8a7a8c-e8e8-472a-8ba9-54c04dca5709","Nome":"LOTE 3 - JARDIM TANCREDO","Agrupamento":"URBANIZAÇÃO COMPLEXA MANANCIAIS","Estagio":"01 - OBRA CONCLUÍDA","ID_unico":"1180.100.100-u","Escopo":"PROJETO+OBRA","Responsavel":"SEHAB/SEPM","Programa_metas":"2021-2024","Estimativa_familias":106.0,"Previsao_entrega_obra":"Não se aplica","Estagio_mapeamento":"Obra contratada","Area_m2":10805.08,"Distrito":"JARDIM ANGELA","Subprefeitura":"M BOI MIRIM","DTS":"MANANCIAIS"},"geometry":{"type":"MultiPolygon","coordinates":[[[[-46.782112,-23.742736],[-46.782109,-23.742828],[-46.782107,-23.743004],[-46.782063,-23.743101],[-46.782023,-23.743181],[-46.781974,-23.743261],[-46.781961,-23.743324],[-46.782021,-23.743395],[-46.782108,-23.743431],[-46.782272,-23.743467],[-46.782373,-23.743495],[-46.782459,-23.743478],[-46.78249,-23.743444],[-46.782607,-23.743333],[-46.782846,-23.743465],[-46.78323,-23.743611],[-46.783415,-23.743471],[-46.783504,-23.743373],[-46.783572,-23.743312],[-46.783237,-23.743076],[-46.783086,-23.743018],[-46.782907,-23.743021],[-46.78271,-23.742983],[-46.782601,-23.742892],[-46.782542,-23.742745],[-46.782425,-23.742039],[-46.78234,-23.74204],[-46.782112,-23.742736]]]]}},{"type":"Feature","properties":{"id":"habi_obraurbanizacao2geosampa_ext.128","gid":128,"ID_Habitasampa":"c7574287-9727-4501-9e38-398ae6d56f7c","Nome":"LOTE 3 - JARDIM HORIZONTE AZUL/ SAPATO BRANCO","Agrupamento":"A DEFINIR MANANCIAIS","Estagio":"11 - PROJETO EM ANDAMENTO","ID_unico":"1312.100.iii-u","Escopo":"PROJETO+OBRA","Responsavel":"SEHAB/SEPM","Programa_metas":null,"Estimativa_familias":562.0,"Previsao_entrega_obra":"Sem previsão","Estagio_mapeamento":"Projeto contratado","Area_m2":128366.3,"Distrito":"JARDIM ANGELA","Subprefeitura":"M BOI MIRIM","DTS":"MANANCIAIS"},"geometry":{"type":"MultiPolygon","coordinates":[[[[-46.777194,-23.750106],[-46.774698,-23.749916],[-46.774676,-23.750332],[-46.773179,-23.75035],[-46.773062,-23.750814],[-46.772958,-23.751257],[-46.772888,-23.751629],[-46.77289,-23.752389],[-46.773016,-23.754017],[-46.773411,-23.754012],[-46.774439,-23.752786],[-46.775476,-23.75301],[-46.7755,-23.753015],[-46.775524,-23.753019],[-46.775548,-23.753021],[-46.775573,-23.753022],[-46.775597,-23.753021],[-46.775622,-23.753019],[-46.775646,-23.753015],[-46.77567,-23.753011],[-46.775693,-23.753004],[-46.775716,-23.752997],[-46.775739,-23.752988],[-46.775761,-23.752977],[-46.775782,-23.752966],[-46.776458,-23.75258],[-46.77648,-23.752563],[-46.7765,-23.752544],[-46.77652,-23.752524],[-46.776538,-23.752503],[-46.776554,-23.752481],[-46.776569,-23.752458],[-46.776583,-23.752434],[-46.776594,-23.75241],[-46.776605,-23.752385],[-46.776613,-23.752359],[-46.77662,-23.752333],[-46.776625,-23.752307],[-46.776628,-23.75228],[-46.77663,-23.752254],[-46.776629,-23.752227],[-46.776627,-23.7522],[-46.776623,-23.752174],[-46.776574,-23.751841],[-46.776571,-23.751788],[-46.776572,-23.751735],[-46.776576,-23.751682],[-46.776584,-23.75163],[-46.776595,-23.751578],[-46.776609,-23.751526],[-46.776627,-23.751476],[-46.777069,-23.7506],[-46.777194,-23.750106]]]]}},{"type":"Feature","properties":{"id":"habi_obraurbanizacao2geosampa_ext.129","gid":129,"ID_Habitasampa":"d5d3d1b2-7a59-46e9-b381-9fc614f6c724","Nome":"JARDIM VITÓRIA - SUBPERÍMETRO 2","Agrupamento":"URBANIZAÇÃO COMPLEXA","Estagio":"04 - OBRA CONTRATADA E NÃO INICIADA","ID_unico":"1154.100.101-u","Escopo":"OBRA","Responsavel":"SEHAB/CFT-OBRA","Programa_metas":"2025-2028","Estimativa_familias":319.0,"Previsao_entrega_obra":null,"Estagio_mapeamento":"Obra contratada","Area_m2":67018.24,"Distrito":"CIDADE TIRADENTES","Subprefeitura":"CIDADE TIRADENTES","DTS":"LESTE"},"geometry":{"type":"MultiPolygon","coordinates":[[[[-46.385784,-23.59035],[-46.385353,-23.590249],[-46.385482,-23.589796],[-46.384926,-23.589705],[-46.384884,-23.589897],[-46.384243,-23.59024],[-46.384037,-23.590158],[-46.383871,-23.590258],[-46.383607,-23.590246],[-46.383119,-23.590002],[-46.38292,-23.590514],[-46.38288,-23.590988],[-46.383723,-23.591321],[-46.384137,-23.591143],[-46.384275,-23.591268],[-46.384883,-23.591359],[-46.385315,-23.591574],[-46.386001,-23.592081],[-46.386438,-23.592092],[-46.386782,-23.591998],[-46.387035,-23.591704],[-46.386757,-23.590075],[-46.386029,-23.589726],[-46.385784,-23.59035]]]]}},{"type":"Feature","properties":{"id":"habi_obraurbanizacao2geosampa_ext.130","gid":130,"ID_Habitasampa":"908d0acf-88a5-4e26-9827-fe8cb4c87068","Nome":"JOSÉ GAIBA","Agrupamento":"URB SIMPLES S/ REMOÇÃO","Estagio":"09 - PROJETO CONCLUÍDO","ID_unico":"1161.100.100-u","Escopo":"PROJETO","Responsavel":"SEHAB/CFT-PROJ","Programa_metas":"","Estimativa_familias":9.0,"Previsao_entrega_obra":"Sem previsão","Estagio_mapeamento":"Projeto finalizado","Area_m2":1231.54,"Distrito":"CURSINO","Subprefeitura":"IPIRANGA","DTS":"SUDESTE"},"geometry":{"type":"MultiPolygon","coordinates":[[[[-46.619952,-23.631431],[-46.61969,-23.631331],[-46.619507,-23.631645],[-46.619801,-23.631767],[-46.619952,-23.631431]]]]}},{"type":"Feature","properties":{"id":"habi_obraurbanizacao2geosampa_ext.131","gid":131,"ID_Habitasampa":"e6896b0c-d9ad-4d44-acdf-8162c9de08ed","Nome":"JARDIM DA PAZ - SUBPERÍMETRO 2","Agrupamento":"URBANIZAÇÃO COMPLEXA","Estagio":"03 - OBRA EM ANDAMENTO","ID_unico":"1150.101.101-u","Escopo":"OBRA","Responsavel":"SEHAB/CFT-OBRA","Programa_metas":"2025-2028","Estimativa_familias":293.0,"Previsao_entrega_obra":null,"Estagio_mapeamento":"Obra contratada","Area_m2":17207.51,"Distrito":"PERUS","Subprefeitura":"PERUS","DTS":"NORTE"},"geometry":{"type":"MultiPolygon","coordinates":[[[[-46.750666,-23.421943],[-46.751132,-23.421821],[-46.751521,-23.421728],[-46.751579,-23.422127],[-46.751699,-23.422986],[-46.751633,-23.423922],[-46.75149,-23.423935],[-46.751264,-23.423896],[-46.751235,-23.423751],[-46.751143,-23.423502],[-46.751113,-23.423304],[-46.750981,-23.423103],[-46.750893,-23.42302],[-46.750756,-23.422766],[-46.750739,-23.422574],[-46.750749,-23.422473],[-46.750716,-23.422106],[-46.75069,-23.42198],[-46.750666,-23.421943]]]]}},{"type":"Feature","properties":{"id":"habi_obraurbanizacao2geosampa_ext.132","gid":132,"ID_Habitasampa":"d809e995-7906-46d0-95c4-56ad25ac096c","Nome":"LOTE 3 - CHÁCARA SONHO AZUL","Agrupamento":"A DEFINIR MANANCIAIS","Estagio":"11 - PROJETO EM ANDAMENTO","ID_unico":"1313.100.iii-u","Escopo":"PROJETO+OBRA","Responsavel":"SEHAB/SEPM","Programa_metas":null,"Estimativa_familias":1504.0,"Previsao_entrega_obra":"Sem previsão","Estagio_mapeamento":"Projeto contratado","Area_m2":159932.4,"Distrito":"JARDIM ANGELA","Subprefeitura":"M BOI MIRIM","DTS":"MANANCIAIS"},"geometry":{"type":"MultiPolygon","coordinates":[[[[-46.790798,-23.74105],[-46.790035,-23.740523],[-46.790029,-23.740505],[-46.790342,-23.739812],[-46.789973,-23.739383],[-46.789854,-23.738841],[-46.790827,-23.738368],[-46.790474,-23.738119],[-46.789726,-23.737418],[-46.789495,-23.737154],[-46.7887,-23.737859],[-46.788456,-23.738191],[-46.788257,-23.738227],[-46.788114,-23.738317],[-46.787992,-23.738188],[-46.788004,-23.737785],[-46.788485,-23.737367],[-46.788154,-23.736678],[-46.787997,-23.736541],[-46.78824,-23.736205],[-46.788884,-23.736118],[-46.788663,-23.735682],[-46.78761,-23.735837],[-46.786901,-23.736134],[-46.786473,-23.736951],[-46.786443,-23.737266],[-46.787045,-23.737666],[-46.786726,-23.738929],[-46.786696,-23.73932],[-46.786736,-23.739715],[-46.786913,-23.74],[-46.787329,-23.740025],[-46.788093,-23.739686],[-46.788193,-23.739838],[-46.788787,-23.739655],[-46.788682,-23.739998],[-46.788737,-23.740451],[-46.788778,-23.741933],[-46.788932,-23.741884],[-46.788964,-23.741986],[-46.788987,-23.742149],[-46.78906,-23.742321],[-46.789252,-23.742495],[-46.789281,-23.742546],[-46.789312,-23.742543],[-46.789392,-23.742642],[-46.7893,-23.742708],[-46.789438,-23.742934],[-46.790387,-23.742609],[-46.790357,-23.742528],[-46.790252,-23.742352],[-46.790152,-23.742203],[-46.790069,-23.7421],[-46.789977,-23.742004],[-46.789856,-23.741832],[-46.789727,-23.741645],[-46.78971,-23.741465],[-46.789764,-23.741389],[-46.789965,-23.741328],[-46.790228,-23.741205],[-46.790432,-23.741114],[-46.790798,-23.74105]]]]}},{"type":"Feature","properties":{"id":"habi_obraurbanizacao2geosampa_ext.133","gid":133,"ID_Habitasampa":"058789a1-e6b9-4389-b04b-8063278cd734","Nome":"LOTE 6 - NÚCLEO BORORÉ - ÁREA 1 - SANTA TEREZA","Agrupamento":"A DEFINIR MANANCIAIS","Estagio":"11 - PROJETO EM ANDAMENTO","ID_unico":"1310.100.iii-u","Escopo":"PROJETO+OBRA","Responsavel":"SEHAB/SEPM","Programa_metas":null,"Estimativa_familias":256.0,"Previsao_entrega_obra":"Sem previsão","Estagio_mapeamento":"Projeto contratado","Area_m2":315875.22,"Distrito":"GRAJAU","Subprefeitura":"CAPELA DO SOCORRO","DTS":"MANANCIAIS"},"geometry":{"type":"MultiPolygon","coordinates":[[[[-46.643975,-23.793386],[-46.645233,-23.792761],[-46.644907,-23.793978],[-46.644794,-23.794739],[-46.644495,-23.79484],[-46.643642,-23.795053],[-46.642955,-23.79639],[-46.642619,-23.796683],[-46.639527,-23.797186],[-46.639504,-23.796508],[-46.639164,-23.795897],[-46.63866,-23.796216],[-46.638298,-23.796524],[-46.635825,-23.797447],[-46.635799,-23.797458],[-46.63651,-23.794928],[-46.636957,-23.794572],[-46.638485,-23.794414],[-46.638446,-23.793734],[-46.638195,-23.793657],[-46.638289,-23.793178],[-46.638708,-23.793256],[-46.638711,-23.793259],[-46.638848,-23.7928],[-46.638279,-23.792551],[-46.638537,-23.791568],[-46.639489,-23.791995],[-46.63953,-23.791287],[-46.640886,-23.792407],[-46.64122,-23.79289],[-46.642356,-23.793707],[-46.643975,-23.793386]]]]}},{"type":"Feature","properties":{"id":"habi_obraurbanizacao2geosampa_ext.134","gid":134,"ID_Habitasampa":"c49b160a-dd23-48b4-b986-4904a413490d","Nome":"LOTE 6 - NÚCLEO BORORÉ - ÁREA 2 - JARDIM BORBA GATO","Agrupamento":"A DEFINIR MANANCIAIS","Estagio":"11 - PROJETO EM ANDAMENTO","ID_unico":"1310.101.iii-u","Escopo":"PROJETO+OBRA","Responsavel":"SEHAB/SEPM","Programa_metas":null,"Estimativa_familias":24.0,"Previsao_entrega_obra":"Sem previsão","Estagio_mapeamento":"Projeto contratado","Area_m2":9608.88,"Distrito":"GRAJAU","Subprefeitura":"CAPELA DO SOCORRO","DTS":"MANANCIAIS"},"geometry":{"type":"MultiPolygon","coordinates":[[[[-46.640941,-23.800819],[-46.640789,-23.800895],[-46.640645,-23.80096],[-46.640502,-23.801123],[-46.640415,-23.801138],[-46.640275,-23.801083],[-46.640079,-23.800913],[-46.639947,-23.800812],[-46.639771,-23.800782],[-46.639573,-23.800811],[-46.639466,-23.800855],[-46.639115,-23.800514],[-46.639479,-23.800502],[-46.639965,-23.800524],[-46.640448,-23.80057],[-46.640743,-23.800571],[-46.641034,-23.800547],[-46.641296,-23.800492],[-46.641667,-23.80064],[-46.641276,-23.800994],[-46.640941,-23.800819]]]]}},{"type":"Feature","properties":{"id":"habi_obraurbanizacao2geosampa_ext.135","gid":135,"ID_Habitasampa":"c6237b5c-37a8-4a6f-b2b6-515a0ad2a15f","Nome":"LOTE 3 - JARDIM COLORADO","Agrupamento":"A DEFINIR MANANCIAIS","Estagio":"11 - PROJETO EM ANDAMENTO","ID_unico":"1311.100.iii-u","Escopo":"PROJETO+OBRA","Responsavel":"SEHAB/SEPM","Programa_metas":null,"Estimativa_familias":810.0,"Previsao_entrega_obra":"Sem previsão","Estagio_mapeamento":"Projeto contratado","Area_m2":81471.61,"Distrito":"JARDIM ANGELA","Subprefeitura":"M BOI MIRIM","DTS":"MANANCIAIS"},"geometry":{"type":"MultiPolygon","coordinates":[[[[-46.781875,-23.74681],[-46.781875,-23.74681],[-46.782245,-23.747109],[-46.782364,-23.7472],[-46.782447,-23.747296],[-46.782517,-23.747448],[-46.782959,-23.748167],[-46.78361,-23.748062],[-46.784089,-23.748065],[-46.784199,-23.748012],[-46.784674,-23.748015],[-46.784774,-23.747966],[-46.785019,-23.747919],[-46.785116,-23.747872],[-46.785361,-23.747825],[-46.785506,-23.747732],[-46.785623,-23.747678],[-46.78588,-23.747426],[-46.785172,-23.745405],[-46.784744,-23.745517],[-46.784666,-23.745519],[-46.784138,-23.745672],[-46.783759,-23.745807],[-46.783609,-23.745839],[-46.782951,-23.746146],[-46.78266,-23.746281],[-46.782248,-23.74637],[-46.781728,-23.746419],[-46.781699,-23.746497],[-46.781752,-23.746525],[-46.781788,-23.746571],[-46.781875,-23.74681]]]]}},{"type":"Feature","properties":{"id":"habi_obraurbanizacao2geosampa_ext.136","gid":136,"ID_Habitasampa":"1c9a024b-3b94-4b4d-813f-b429e4a6e71a","Nome":"LOTE 6 - NÚCLEO BORORÉ - ÁREA 3 - PEIXE DE PRATA","Agrupamento":"A DEFINIR MANANCIAIS","Estagio":"11 - PROJETO EM ANDAMENTO","ID_unico":"1310.102.iii-u","Escopo":"PROJETO+OBRA","Responsavel":"SEHAB/SEPM","Programa_metas":null,"Estimativa_familias":19.0,"Previsao_entrega_obra":"Sem previsão","Estagio_mapeamento":"Projeto contratado","Area_m2":7126.17,"Distrito":"GRAJAU","Subprefeitura":"CAPELA DO SOCORRO","DTS":"MANANCIAIS"},"geometry":{"type":"MultiPolygon","coordinates":[[[[-46.640832,-23.806626],[-46.64178,-23.806939],[-46.64181,-23.807392],[-46.64185,-23.80772],[-46.641861,-23.807797],[-46.641867,-23.807797],[-46.641953,-23.807892],[-46.641874,-23.808035],[-46.641621,-23.807905],[-46.6415,-23.807805],[-46.641175,-23.807208],[-46.641151,-23.807064],[-46.641058,-23.806905],[-46.640832,-23.806626]]]]}},{"type":"Feature","properties":{"id":"habi_obraurbanizacao2geosampa_ext.137","gid":137,"ID_Habitasampa":"ed2ca29e-d0cb-457f-ba1c-f2711ea449b4","Nome":"COMPLEXO JARDIM PARANÁ","Agrupamento":"URBANIZAÇÃO COMPLEXA","Estagio":"07 - EDITAL DE OBRA EM ELABORAÇÃO","ID_unico":"1314.100.iii-u","Escopo":"PROJETO+OBRA","Responsavel":"SEHAB/CFT-OBRA","Programa_metas":null,"Estimativa_familias":2856.0,"Previsao_entrega_obra":"Sem previsão","Estagio_mapeamento":"Projeto finalizado","Area_m2":261464.25,"Distrito":"BRASILANDIA","Subprefeitura":"FREGUESIA-BRASILANDIA","DTS":"NORTE"},"geometry":{"type":"MultiPolygon","coordinates":[[[[-46.691519,-23.445501],[-46.692364,-23.445425],[-46.692451,-23.445652],[-46.692475,-23.446274],[-46.692531,-23.446868],[-46.692579,-23.447915],[-46.691376,-23.448047],[-46.691388,-23.448647],[-46.691588,-23.449309],[-46.691872,-23.450518],[-46.692068,-23.451144],[-46.690885,-23.451064],[-46.690831,-23.450948],[-46.691179,-23.45066],[-46.691057,-23.450444],[-46.690987,-23.450271],[-46.690967,-23.450125],[-46.690906,-23.449951],[-46.690831,-23.449813],[-46.690664,-23.449699],[-46.690489,-23.449657],[-46.69026,-23.449719],[-46.690022,-23.44986],[-46.689733,-23.449916],[-46.689245,-23.449788],[-46.688774,-23.449812],[-46.688071,-23.449867],[-46.687647,-23.449824],[-46.68694,-23.449602],[-46.686665,-23.449548],[-46.686361,-23.44961],[-46.685801,-23.449622],[-46.685556,-23.449657],[-46.685607,-23.44886],[-46.685962,-23.447],[-46.686618,-23.447047],[-46.686773,-23.446905],[-46.686973,-23.446887],[-46.688252,-23.446568],[-46.688492,-23.44631],[-46.688537,-23.446223],[-46.688966,-23.446374],[-46.689276,-23.446356],[-46.689967,-23.446119],[-46.690302,-23.445863],[-46.690529,-23.445753],[-46.690781,-23.44565],[-46.691059,-23.445575],[-46.691519,-23.445501]]]]}},{"type":"Feature","properties":{"id":"habi_obraurbanizacao2geosampa_ext.138","gid":138,"ID_Habitasampa":"7eb08c07-3be6-40d4-a626-a35acfe9346a","Nome":"NOVO SÍTIO ITABERABA","Agrupamento":"URBANIZAÇÃO COMPLEXA","Estagio":"07 - EDITAL DE OBRA EM ELABORAÇÃO","ID_unico":"1157.101.iii-u","Escopo":"OBRA","Responsavel":"SEHAB/CFT-OBRA","Programa_metas":null,"Estimativa_familias":370.0,"Previsao_entrega_obra":"Sem previsão","Estagio_mapeamento":"Projeto finalizado","Area_m2":72240.61,"Distrito":"ANHANGUERA","Subprefeitura":"PERUS","DTS":"NORTE"},"geometry":{"type":"MultiPolygon","coordinates":[[[[-46.803865,-23.450676],[-46.803268,-23.450337],[-46.802919,-23.450062],[-46.803006,-23.449879],[-46.803008,-23.449711],[-46.80281,-23.449635],[-46.802659,-23.449628],[-46.802361,-23.449691],[-46.802142,-23.449743],[-46.802141,-23.449982],[-46.802022,-23.450132],[-46.801966,-23.45039],[-46.801976,-23.450556],[-46.80165,-23.450555],[-46.801452,-23.450528],[-46.801271,-23.450466],[-46.801121,-23.450327],[-46.801082,-23.450205],[-46.800834,-23.450221],[-46.800845,-23.450701],[-46.800586,-23.450711],[-46.800291,-23.450676],[-46.800037,-23.450635],[-46.799831,-23.450582],[-46.799839,-23.450418],[-46.79991,-23.450205],[-46.799983,-23.450072],[-46.800003,-23.449956],[-46.799864,-23.449896],[-46.799669,-23.449905],[-46.799623,-23.449985],[-46.799523,-23.450089],[-46.799324,-23.450241],[-46.799053,-23.450465],[-46.798811,-23.450936],[-46.799083,-23.451156],[-46.799528,-23.451368],[-46.8001,-23.451516],[-46.800427,-23.451593],[-46.800813,-23.451623],[-46.801191,-23.451662],[-46.801718,-23.45179],[-46.802095,-23.451899],[-46.802461,-23.451982],[-46.802733,-23.45196],[-46.802954,-23.451903],[-46.803236,-23.451581],[-46.803865,-23.450676]]]]}},{"type":"Feature","properties":{"id":"habi_obraurbanizacao2geosampa_ext.139","gid":139,"ID_Habitasampa":"00025c47-566d-468c-8f53-d7f556e2849d","Nome":"LOTE 4 - JARDIM POUSO ALEGRE","Agrupamento":"URBANIZAÇÃO COMPLEXA MANANCIAIS","Estagio":"11 - PROJETO EM ANDAMENTO","ID_unico":"1182.100.100-u","Escopo":"PROJETO+OBRA","Responsavel":"SEHAB/SEPM","Programa_metas":"2025-2028","Estimativa_familias":471.0,"Previsao_entrega_obra":"jul-27","Estagio_mapeamento":"Projeto contratado","Area_m2":33613.83,"Distrito":"CIDADE DUTRA","Subprefeitura":"CAPELA DO SOCORRO","DTS":"MANANCIAIS"},"geometry":{"type":"MultiPolygon","coordinates":[[[[-46.71433,-23.732964],[-46.713709,-23.733008],[-46.713378,-23.733077],[-46.713507,-23.733306],[-46.713595,-23.733463],[-46.714054,-23.734554],[-46.714105,-23.734679],[-46.714154,-23.734775],[-46.714192,-23.73484],[-46.714248,-23.734917],[-46.714317,-23.735017],[-46.714376,-23.735098],[-46.714449,-23.735171],[-46.714505,-23.735243],[-46.714578,-23.735329],[-46.714674,-23.73545],[-46.714734,-23.735544],[-46.714787,-23.735642],[-46.714821,-23.735682],[-46.714832,-23.735715],[-46.714844,-23.735748],[-46.714857,-23.735781],[-46.714895,-23.735837],[-46.715176,-23.736223],[-46.715208,-23.736262],[-46.715251,-23.736323],[-46.715288,-23.736357],[-46.715302,-23.736385],[-46.71533,-23.736419],[-46.715348,-23.736445],[-46.715392,-23.736504],[-46.715425,-23.736545],[-46.715578,-23.73671],[-46.715813,-23.73696],[-46.715921,-23.736933],[-46.716063,-23.736659],[-46.716219,-23.736356],[-46.716352,-23.736081],[-46.716023,-23.735843],[-46.715725,-23.735584],[-46.715398,-23.735895],[-46.715369,-23.735872],[-46.715339,-23.73585],[-46.715309,-23.735827],[-46.715279,-23.735804],[-46.715254,-23.735782],[-46.71523,-23.735758],[-46.715207,-23.735733],[-46.715187,-23.735707],[-46.715168,-23.735679],[-46.715154,-23.735656],[-46.715142,-23.735633],[-46.715131,-23.735608],[-46.715122,-23.735583],[-46.715114,-23.735558],[-46.715108,-23.735532],[-46.715106,-23.735487],[-46.715103,-23.735442],[-46.715099,-23.735398],[-46.715095,-23.735353],[-46.715092,-23.735279],[-46.715086,-23.735204],[-46.71508,-23.73513],[-46.715072,-23.735056],[-46.715073,-23.735013],[-46.715071,-23.73497],[-46.715069,-23.734928],[-46.715064,-23.734885],[-46.715052,-23.734811],[-46.715041,-23.734736],[-46.71503,-23.734662],[-46.715021,-23.734587],[-46.714992,-23.734589],[-46.714963,-23.734589],[-46.714934,-23.734589],[-46.714905,-23.734588],[-46.714881,-23.734589],[-46.714857,-23.734588],[-46.714834,-23.734586],[-46.714811,-23.734582],[-46.714788,-23.734577],[-46.714765,-23.734571],[-46.714743,-23.734563],[-46.714721,-23.734555],[-46.7147,-23.734544],[-46.714655,-23.734489],[-46.71465,-23.734451],[-46.714592,-23.734469],[-46.714566,-23.734387],[-46.714546,-23.734304],[-46.714531,-23.73422],[-46.714522,-23.734136],[-46.714519,-23.734051],[-46.714513,-23.733955],[-46.714504,-23.733859],[-46.714495,-23.733764],[-46.714483,-23.733668],[-46.71441,-23.7332],[-46.71433,-23.732964]]]]}},{"type":"Feature","properties":{"id":"habi_obraurbanizacao2geosampa_ext.160","gid":160,"ID_Habitasampa":"e722c626-0341-4d40-826e-e73611986c0f","Nome":"LOTE 7 - CANTINHO DO CÉU - SUBPERÍMETRO 4 (FRENTES 1, 2)","Agrupamento":"URBANIZAÇÃO COMPLEXA MANANCIAIS","Estagio":"03 - OBRA EM ANDAMENTO","ID_unico":"1190.100.102-u","Escopo":"PROJETO+OBRA","Responsavel":"SEHAB/SEPM","Programa_metas":"2025-2028","Estimativa_familias":1216.0,"Previsao_entrega_obra":"dez-26","Estagio_mapeamento":"Obra contratada","Area_m2":104107.09,"Distrito":"GRAJAU","Subprefeitura":"CAPELA DO SOCORRO","DTS":"MANANCIAIS"},"geometry":{"type":"MultiPolygon","coordinates":[[[[-46.662558,-23.737915],[-46.662392,-23.737711],[-46.661884,-23.737682],[-46.661581,-23.737576],[-46.661501,-23.737422],[-46.661546,-23.73716],[-46.661942,-23.736796],[-46.662182,-23.736614],[-46.662635,-23.736148],[-46.662601,-23.735697],[-46.662795,-23.735048],[-46.662961,-23.734975],[-46.663364,-23.734551],[-46.664016,-23.734689],[-46.66415,-23.734997],[-46.664316,-23.735268],[-46.664448,-23.735336],[-46.665362,-23.735703],[-46.665586,-23.735873],[-46.66575,-23.736086],[-46.665971,-23.736602],[-46.666061,-23.736976],[-46.665784,-23.73719],[-46.665611,-23.73773],[-46.664156,-23.737629],[-46.663768,-23.737677],[-46.662985,-23.737839],[-46.662558,-23.737915]]]]}},{"type":"Feature","properties":{"id":"habi_obraurbanizacao2geosampa_ext.140","gid":140,"ID_Habitasampa":"8c3625f3-eee7-41be-8b15-7a33d70a881e","Nome":"LOTE 8 - JARDIM SÃO NORBERTO - SUBPERÍMETRO 3","Agrupamento":"A DEFINIR MANANCIAIS","Estagio":"12 - PROJETO CONTRATADO E NÃO INICIADO","ID_unico":"1203.100.102-u","Escopo":"PROJETO+OBRA","Responsavel":"SEHAB/SEPM","Programa_metas":"","Estimativa_familias":1228.0,"Previsao_entrega_obra":"Sem previsão","Estagio_mapeamento":"Projeto contratado","Area_m2":340592.77,"Distrito":"PARELHEIROS","Subprefeitura":"PARELHEIROS","DTS":"MANANCIAIS"},"geometry":{"type":"MultiPolygon","coordinates":[[[[-46.702726,-23.821396],[-46.702695,-23.821242],[-46.70277,-23.820874],[-46.703344,-23.820068],[-46.703518,-23.819712],[-46.703972,-23.818935],[-46.704522,-23.818286],[-46.705185,-23.817158],[-46.705208,-23.817121],[-46.705222,-23.817064],[-46.705745,-23.817202],[-46.7068,-23.818352],[-46.707754,-23.819096],[-46.708139,-23.818592],[-46.708093,-23.818323],[-46.708126,-23.817619],[-46.707272,-23.81727],[-46.706729,-23.816957],[-46.706363,-23.816633],[-46.705972,-23.816565],[-46.706155,-23.816127],[-46.707597,-23.816725],[-46.708683,-23.81618],[-46.709567,-23.815682],[-46.70927,-23.814924],[-46.707714,-23.813805],[-46.707477,-23.81324],[-46.707212,-23.813294],[-46.706708,-23.813363],[-46.705528,-23.813245],[-46.704484,-23.813449],[-46.704084,-23.814019],[-46.703929,-23.814011],[-46.703272,-23.814187],[-46.702924,-23.814255],[-46.702471,-23.814175],[-46.702549,-23.81476],[-46.702746,-23.816143],[-46.702635,-23.816594],[-46.702663,-23.817329],[-46.702067,-23.817356],[-46.702032,-23.817259],[-46.701696,-23.817289],[-46.701706,-23.817562],[-46.701708,-23.817614],[-46.701628,-23.817734],[-46.701741,-23.818092],[-46.701968,-23.818466],[-46.702371,-23.818696],[-46.702606,-23.81876],[-46.702422,-23.819389],[-46.702397,-23.819454],[-46.702385,-23.819482],[-46.702382,-23.81953],[-46.701814,-23.821321],[-46.70178,-23.821367],[-46.701777,-23.821414],[-46.701978,-23.821358],[-46.70226,-23.821344],[-46.702616,-23.821495],[-46.702726,-23.821396]]]]}},{"type":"Feature","properties":{"id":"habi_obraurbanizacao2geosampa_ext.141","gid":141,"ID_Habitasampa":"24d1496b-10a3-4cf7-99e9-189fec8ccaad","Nome":"LOTE 5 - JARDIM ELDORADO / MATA VIRGEM","Agrupamento":"URBANIZAÇÃO COMPLEXA MANANCIAIS","Estagio":"01 - OBRA CONCLUÍDA","ID_unico":"1186.100.100-u","Escopo":"PROJETO+OBRA","Responsavel":"SEHAB/SEPM","Programa_metas":"2021-2024","Estimativa_familias":283.0,"Previsao_entrega_obra":"Não se aplica","Estagio_mapeamento":"Obra contratada","Area_m2":33098.77,"Distrito":"PEDREIRA","Subprefeitura":"CIDADE ADEMAR","DTS":"MANANCIAIS"},"geometry":{"type":"MultiPolygon","coordinates":[[[[-46.622987,-23.70724],[-46.622176,-23.707233],[-46.622072,-23.707139],[-46.622323,-23.706892],[-46.622354,-23.706691],[-46.622295,-23.706569],[-46.622201,-23.706476],[-46.622732,-23.706235],[-46.622641,-23.705747],[-46.622699,-23.70549],[-46.621997,-23.70548],[-46.621976,-23.705577],[-46.621777,-23.705608],[-46.62172,-23.705864],[-46.621752,-23.706257],[-46.621714,-23.706419],[-46.621953,-23.706572],[-46.621871,-23.706729],[-46.621724,-23.706863],[-46.621401,-23.707086],[-46.621158,-23.707067],[-46.620929,-23.707077],[-46.620624,-23.707128],[-46.620639,-23.70758],[-46.620771,-23.708134],[-46.621582,-23.708129],[-46.621643,-23.708061],[-46.621977,-23.708039],[-46.622143,-23.707913],[-46.622219,-23.707722],[-46.622398,-23.707583],[-46.62255,-23.707487],[-46.622752,-23.707498],[-46.622922,-23.707519],[-46.622987,-23.70724]]]]}},{"type":"Feature","properties":{"id":"habi_obraurbanizacao2geosampa_ext.142","gid":142,"ID_Habitasampa":"63636d68-ef40-4594-88aa-6b1d8d1748f7","Nome":"LOTE 3 - JARDIM DO ÉDEN","Agrupamento":"URBANIZAÇÃO COMPLEXA MANANCIAIS","Estagio":"03 - OBRA EM ANDAMENTO","ID_unico":"1124.101.100-u","Escopo":"PROJETO+OBRA","Responsavel":"SEHAB/SEPM","Programa_metas":"2025-2028","Estimativa_familias":275.0,"Previsao_entrega_obra":"jul-27","Estagio_mapeamento":"Obra contratada","Area_m2":75132.87,"Distrito":"JARDIM ANGELA","Subprefeitura":"M BOI MIRIM","DTS":"MANANCIAIS"},"geometry":{"type":"MultiPolygon","coordinates":[[[[-46.790404,-23.742608],[-46.790387,-23.742609],[-46.789438,-23.742934],[-46.7893,-23.742708],[-46.789392,-23.742642],[-46.789312,-23.742543],[-46.789281,-23.742546],[-46.789252,-23.742495],[-46.78906,-23.742321],[-46.788987,-23.742149],[-46.788964,-23.741986],[-46.788932,-23.741884],[-46.788778,-23.741933],[-46.788793,-23.741978],[-46.788761,-23.741987],[-46.788752,-23.742049],[-46.788781,-23.742043],[-46.788795,-23.742109],[-46.788774,-23.742114],[-46.788798,-23.742202],[-46.788882,-23.742178],[-46.788967,-23.742481],[-46.7889,-23.74249],[-46.788901,-23.742535],[-46.788819,-23.742545],[-46.788827,-23.742612],[-46.78878,-23.742644],[-46.788831,-23.742895],[-46.788683,-23.742934],[-46.788672,-23.742906],[-46.788629,-23.742936],[-46.788521,-23.742985],[-46.788429,-23.743056],[-46.788259,-23.743172],[-46.788032,-23.743001],[-46.787684,-23.743081],[-46.787461,-23.743241],[-46.787243,-23.743249],[-46.786848,-23.743363],[-46.786917,-23.743678],[-46.786941,-23.743842],[-46.787099,-23.744296],[-46.787208,-23.744595],[-46.787377,-23.744881],[-46.787557,-23.745032],[-46.787698,-23.745003],[-46.787846,-23.74499],[-46.788001,-23.745048],[-46.788173,-23.745112],[-46.78835,-23.745088],[-46.788556,-23.74502],[-46.788667,-23.744899],[-46.78885,-23.744881],[-46.788793,-23.745035],[-46.788787,-23.745094],[-46.788799,-23.745094],[-46.788793,-23.745151],[-46.789055,-23.745183],[-46.789186,-23.745171],[-46.789327,-23.745152],[-46.789394,-23.745157],[-46.789464,-23.745007],[-46.789506,-23.744824],[-46.789674,-23.74461],[-46.790013,-23.744274],[-46.790504,-23.74387],[-46.790437,-23.743686],[-46.790218,-23.743242],[-46.790553,-23.743102],[-46.790545,-23.742923],[-46.790404,-23.742608]]]]}},{"type":"Feature","properties":{"id":"habi_obraurbanizacao2geosampa_ext.143","gid":143,"ID_Habitasampa":"eefc6d75-d803-4661-befa-82af6aceaca0","Nome":"LOTE 7 - PABREU - SUBPERÍMETRO 1 (ÁREA VERDE 1, 2 E 3)","Agrupamento":"URBANIZAÇÃO COMPLEXA MANANCIAIS","Estagio":"01 - OBRA CONCLUÍDA","ID_unico":"1197.100.100-u","Escopo":"PROJETO+OBRA","Responsavel":"SEHAB/SEPM","Programa_metas":"2021-2024","Estimativa_familias":119.0,"Previsao_entrega_obra":"Não se aplica","Estagio_mapeamento":"Obra contratada","Area_m2":36164.11,"Distrito":"GRAJAU","Subprefeitura":"CAPELA DO SOCORRO","DTS":"MANANCIAIS"},"geometry":{"type":"MultiPolygon","coordinates":[[[[-46.656252,-23.754161],[-46.656236,-23.75426],[-46.656142,-23.754333],[-46.656173,-23.754451],[-46.656405,-23.754497],[-46.656538,-23.754648],[-46.656497,-23.754807],[-46.655941,-23.755083],[-46.655962,-23.755139],[-46.656617,-23.754816],[-46.656849,-23.754788],[-46.656816,-23.754683],[-46.656691,-23.754525],[-46.65657,-23.754417],[-46.656432,-23.754363],[-46.656401,-23.754006],[-46.656052,-23.753947],[-46.656027,-23.75404],[-46.656189,-23.754067],[-46.656252,-23.754161]]],[[[-46.660326,-23.751982],[-46.659536,-23.751936],[-46.658919,-23.752001],[-46.658834,-23.752082],[-46.65899,-23.752569],[-46.659134,-23.753454],[-46.659186,-23.753859],[-46.659105,-23.753763],[-46.659027,-23.753663],[-46.658893,-23.75349],[-46.658722,-23.753177],[-46.658658,-23.753068],[-46.658135,-23.752521],[-46.658069,-23.752485],[-46.657838,-23.752336],[-46.657658,-23.752216],[-46.657413,-23.752012],[-46.65705,-23.751806],[-46.656697,-23.75181],[-46.656416,-23.751783],[-46.656218,-23.75171],[-46.655829,-23.751693],[-46.655293,-23.751812],[-46.655324,-23.752054],[-46.655308,-23.7519],[-46.655569,-23.751864],[-46.655884,-23.751852],[-46.656301,-23.751898],[-46.65675,-23.751952],[-46.656938,-23.752055],[-46.657128,-23.752209],[-46.657369,-23.752328],[-46.657561,-23.752449],[-46.657774,-23.752561],[-46.657887,-23.752629],[-46.658009,-23.752694],[-46.658511,-23.753162],[-46.658576,-23.753326],[-46.658641,-23.753491],[-46.658921,-23.753906],[-46.658986,-23.754017],[-46.659076,-23.754097],[-46.65913,-23.754169],[-46.659267,-23.75426],[-46.659405,-23.754352],[-46.6595,-23.754193],[-46.659619,-23.753938],[-46.660026,-23.752802],[-46.660125,-23.752524],[-46.660249,-23.752211],[-46.660326,-23.751982]]]]}},{"type":"Feature","properties":{"id":"habi_obraurbanizacao2geosampa_ext.144","gid":144,"ID_Habitasampa":"aa8c33dc-4bcd-4967-ad08-2d98015fea31","Nome":"LOTE 8 - JARDIM SANTA TEREZINHA - SUBPERÍMETRO 3","Agrupamento":"URBANIZAÇÃO COMPLEXA MANANCIAIS","Estagio":"11 - PROJETO EM ANDAMENTO","ID_unico":"1208.100.102-u","Escopo":"PROJETO+OBRA","Responsavel":"SEHAB/SEPM","Programa_metas":"","Estimativa_familias":91.0,"Previsao_entrega_obra":"Sem previsão","Estagio_mapeamento":"Projeto contratado","Area_m2":8401.37,"Distrito":"PARELHEIROS","Subprefeitura":"PARELHEIROS","DTS":"MANANCIAIS"},"geometry":{"type":"MultiPolygon","coordinates":[[[[-46.695217,-23.853461],[-46.695314,-23.853404],[-46.695454,-23.853322],[-46.695427,-23.853166],[-46.695309,-23.852823],[-46.695133,-23.852465],[-46.694971,-23.852598],[-46.694737,-23.852394],[-46.69448,-23.85229],[-46.694179,-23.852935],[-46.694554,-23.852952],[-46.695217,-23.853461]]]]}},{"type":"Feature","properties":{"id":"habi_obraurbanizacao2geosampa_ext.145","gid":145,"ID_Habitasampa":"00a35a28-2b15-44ef-813d-2d56b2bf2f40","Nome":"LOTE 2 - SANTA MARGARIDA V A","Agrupamento":"A DEFINIR MANANCIAIS","Estagio":"12 - PROJETO CONTRATADO E NÃO INICIADO","ID_unico":"1177.100.100-u","Escopo":"PROJETO+OBRA","Responsavel":"SEHAB/SEPM","Programa_metas":"2025-2028","Estimativa_familias":68.0,"Previsao_entrega_obra":"dez-27","Estagio_mapeamento":"Projeto contratado","Area_m2":6399.95,"Distrito":"JARDIM ANGELA","Subprefeitura":"M BOI MIRIM","DTS":"MANANCIAIS"},"geometry":{"type":"MultiPolygon","coordinates":[[[[-46.753409,-23.681174],[-46.753614,-23.681111],[-46.753604,-23.681061],[-46.753595,-23.681008],[-46.753501,-23.680477],[-46.753529,-23.68039],[-46.753526,-23.680384],[-46.753524,-23.680377],[-46.753522,-23.68037],[-46.75352,-23.680363],[-46.753453,-23.679946],[-46.753446,-23.679913],[-46.753438,-23.679881],[-46.753326,-23.679528],[-46.753323,-23.679521],[-46.75332,-23.679515],[-46.753317,-23.679509],[-46.753314,-23.679502],[-46.75331,-23.679496],[-46.753305,-23.679491],[-46.7533,-23.679485],[-46.753295,-23.67948],[-46.75329,-23.679476],[-46.753284,-23.679471],[-46.753278,-23.679467],[-46.753271,-23.679463],[-46.753265,-23.67946],[-46.753258,-23.679457],[-46.753251,-23.679454],[-46.753243,-23.679452],[-46.753236,-23.67945],[-46.753229,-23.679449],[-46.753221,-23.679448],[-46.753214,-23.679448],[-46.753206,-23.679447],[-46.753198,-23.679448],[-46.753191,-23.679449],[-46.753183,-23.67945],[-46.753176,-23.679452],[-46.753169,-23.679454],[-46.753162,-23.679456],[-46.753155,-23.679459],[-46.753148,-23.679462],[-46.753142,-23.679466],[-46.753135,-23.67947],[-46.75313,-23.679475],[-46.753124,-23.679479],[-46.753119,-23.679484],[-46.753114,-23.67949],[-46.7531,-23.679507],[-46.753087,-23.679525],[-46.753075,-23.679543],[-46.753064,-23.679563],[-46.753039,-23.67961],[-46.753026,-23.679637],[-46.753014,-23.679665],[-46.753005,-23.679694],[-46.752997,-23.679723],[-46.752992,-23.679753],[-46.752988,-23.679783],[-46.752986,-23.679812],[-46.752987,-23.679842],[-46.752989,-23.679872],[-46.752994,-23.679902],[-46.753001,-23.679931],[-46.753009,-23.67996],[-46.753409,-23.681174]]]]}},{"type":"Feature","properties":{"id":"habi_obraurbanizacao2geosampa_ext.161","gid":161,"ID_Habitasampa":"e7d46b2d-7777-432a-bdd7-8f3713762fc3","Nome":"SÃO PEDRO / LIVIERO - SUBPERÍMETRO 2","Agrupamento":"URBANIZAÇÃO COMPLEXA","Estagio":"11 - PROJETO EM ANDAMENTO","ID_unico":"1031.100.101-u","Escopo":"PROJETO+OBRA","Responsavel":"SEHAB/CFT-OBRA","Programa_metas":null,"Estimativa_familias":191.0,"Previsao_entrega_obra":"Sem previsão","Estagio_mapeamento":"Projeto contratado","Area_m2":9613.03,"Distrito":"SACOMA","Subprefeitura":"IPIRANGA","DTS":"SUDESTE"},"geometry":{"type":"MultiPolygon","coordinates":[[[[-46.595666,-23.651146],[-46.596329,-23.651806],[-46.596753,-23.652208],[-46.597074,-23.652454],[-46.597363,-23.652639],[-46.597323,-23.652725],[-46.59723,-23.652694],[-46.597209,-23.652732],[-46.596941,-23.652612],[-46.596903,-23.652646],[-46.596615,-23.652496],[-46.596582,-23.652532],[-46.59651,-23.65247],[-46.596465,-23.652492],[-46.596346,-23.652385],[-46.59633,-23.652402],[-46.596267,-23.65236],[-46.595911,-23.651932],[-46.595853,-23.65197],[-46.595783,-23.65189],[-46.595414,-23.651545],[-46.595323,-23.65144],[-46.595666,-23.651146]]]]}},{"type":"Feature","properties":{"id":"habi_obraurbanizacao2geosampa_ext.146","gid":146,"ID_Habitasampa":"531bdbe0-eeb8-420f-bbdf-644aee754c4e","Nome":"LOTE 3 - ARIZONA","Agrupamento":"A DEFINIR MANANCIAIS","Estagio":"11 - PROJETO EM ANDAMENTO","ID_unico":"1313.101.iii-u","Escopo":"PROJETO+OBRA","Responsavel":"SEHAB/SEPM","Programa_metas":null,"Estimativa_familias":4371.0,"Previsao_entrega_obra":"Sem previsão","Estagio_mapeamento":"Projeto contratado","Area_m2":375367.77,"Distrito":"JARDIM ANGELA","Subprefeitura":"M BOI MIRIM","DTS":"MANANCIAIS"},"geometry":{"type":"MultiPolygon","coordinates":[[[[-46.783427,-23.736901],[-46.783986,-23.737059],[-46.78424,-23.737122],[-46.784111,-23.737418],[-46.784118,-23.737594],[-46.784232,-23.73798],[-46.784349,-23.738532],[-46.784409,-23.738755],[-46.784461,-23.739113],[-46.784489,-23.739278],[-46.784522,-23.73945],[-46.784506,-23.73999],[-46.784541,-23.739825],[-46.78461,-23.739543],[-46.784654,-23.73932],[-46.784768,-23.739318],[-46.785031,-23.739321],[-46.785253,-23.739322],[-46.785339,-23.739541],[-46.785455,-23.739968],[-46.785664,-23.740172],[-46.785969,-23.740188],[-46.786227,-23.740035],[-46.78672,-23.740002],[-46.786894,-23.739969],[-46.786736,-23.739715],[-46.786696,-23.73932],[-46.786726,-23.738929],[-46.787045,-23.737666],[-46.786443,-23.737266],[-46.786473,-23.736951],[-46.786901,-23.736134],[-46.78761,-23.735837],[-46.788553,-23.735698],[-46.788499,-23.735606],[-46.78835,-23.735306],[-46.787972,-23.734711],[-46.787614,-23.734172],[-46.787392,-23.733787],[-46.787191,-23.733429],[-46.787041,-23.733172],[-46.786853,-23.732868],[-46.786655,-23.732557],[-46.786456,-23.732247],[-46.786278,-23.731973],[-46.786117,-23.731699],[-46.785982,-23.731468],[-46.785897,-23.731315],[-46.785866,-23.731295],[-46.785563,-23.731571],[-46.785249,-23.731857],[-46.785085,-23.732014],[-46.784862,-23.732217],[-46.784626,-23.732433],[-46.784356,-23.732682],[-46.783993,-23.733005],[-46.783763,-23.733149],[-46.783742,-23.733159],[-46.783137,-23.733398],[-46.782682,-23.733585],[-46.782578,-23.733655],[-46.782271,-23.733989],[-46.782045,-23.734276],[-46.781173,-23.735424],[-46.780934,-23.73593],[-46.780751,-23.737114],[-46.78085,-23.73713],[-46.781051,-23.737154],[-46.781271,-23.737166],[-46.781571,-23.737198],[-46.781785,-23.737202],[-46.78186,-23.737255],[-46.782089,-23.73742],[-46.782257,-23.737462],[-46.782441,-23.737449],[-46.782656,-23.737376],[-46.783116,-23.737414],[-46.783252,-23.737417],[-46.783427,-23.736901]]]]}},{"type":"Feature","properties":{"id":"habi_obraurbanizacao2geosampa_ext.147","gid":147,"ID_Habitasampa":"b07fc05a-fa84-44a7-8d56-688d46238ba1","Nome":"LOTE 5 - GUAICURI - ÂNGELO REMAZOTTI / MISSIONÁRIA V / CIDADE JÚLIA","Agrupamento":"URBANIZAÇÃO COMPLEXA MANANCIAIS","Estagio":"03 - OBRA EM ANDAMENTO","ID_unico":"1113.101.100-u","Escopo":"PROJETO+OBRA","Responsavel":"SEHAB/SEPM","Programa_metas":"2025-2028","Estimativa_familias":3601.0,"Previsao_entrega_obra":null,"Estagio_mapeamento":"Obra contratada","Area_m2":243066.09,"Distrito":"CIDADE ADEMAR","Subprefeitura":"CIDADE ADEMAR","DTS":"MANANCIAIS"},"geometry":{"type":"MultiPolygon","coordinates":[[[[-46.643474,-23.694399],[-46.643474,-23.6944],[-46.643708,-23.69472],[-46.644385,-23.695126],[-46.644581,-23.695202],[-46.644609,-23.695116],[-46.644564,-23.695033],[-46.645181,-23.695186],[-46.645233,-23.695032],[-46.644633,-23.694899],[-46.644399,-23.694765],[-46.644278,-23.694619],[-46.645207,-23.692591],[-46.645193,-23.692556],[-46.644891,-23.692438],[-46.64564,-23.691369],[-46.645787,-23.690174],[-46.645807,-23.688968],[-46.645827,-23.68869],[-46.645815,-23.688587],[-46.646042,-23.68854],[-46.646079,-23.688544],[-46.646514,-23.688854],[-46.646715,-23.688737],[-46.646849,-23.688701],[-46.646955,-23.6887],[-46.647096,-23.688701],[-46.647281,-23.688731],[-46.64748,-23.68878],[-46.647615,-23.688806],[-46.647679,-23.688809],[-46.647791,-23.688779],[-46.647846,-23.688723],[-46.647879,-23.688574],[-46.647633,-23.687766],[-46.646517,-23.687959],[-46.645552,-23.688006],[-46.645432,-23.687899],[-46.645275,-23.687349],[-46.645207,-23.687183],[-46.645264,-23.687118],[-46.645438,-23.686784],[-46.645474,-23.68641],[-46.645735,-23.68601],[-46.646066,-23.685721],[-46.645952,-23.685218],[-46.64535,-23.685057],[-46.645131,-23.685139],[-46.644974,-23.684794],[-46.645072,-23.684743],[-46.644782,-23.684029],[-46.64508,-23.683992],[-46.644913,-23.683276],[-46.644346,-23.683336],[-46.643442,-23.683563],[-46.642539,-23.683862],[-46.642243,-23.684071],[-46.64201,-23.684005],[-46.641829,-23.683725],[-46.64148,-23.683675],[-46.641371,-23.683882],[-46.641503,-23.684476],[-46.641467,-23.684652],[-46.64188,-23.684869],[-46.641773,-23.685247],[-46.641868,-23.685582],[-46.642003,-23.685749],[-46.642529,-23.686067],[-46.643385,-23.687248],[-46.643856,-23.686854],[-46.644393,-23.687371],[-46.644562,-23.687972],[-46.644752,-23.689414],[-46.644846,-23.691097],[-46.644337,-23.691872],[-46.644293,-23.691983],[-46.64398,-23.692455],[-46.643565,-23.692853],[-46.643349,-23.692992],[-46.643479,-23.693288],[-46.643436,-23.69347],[-46.643451,-23.69387],[-46.643453,-23.694098],[-46.643474,-23.694399]]]]}},{"type":"Feature","properties":{"id":"habi_obraurbanizacao2geosampa_ext.148","gid":148,"ID_Habitasampa":"fac48ecd-a7ce-4304-ad9e-69e29217d047","Nome":"LOTE 2 - SÃO LOURENÇO","Agrupamento":"A DEFINIR MANANCIAIS","Estagio":"12 - PROJETO CONTRATADO E NÃO INICIADO","ID_unico":"1218.101.100-u","Escopo":"PROJETO+OBRA","Responsavel":"SEHAB/SEPM","Programa_metas":"2025-2028","Estimativa_familias":118.0,"Previsao_entrega_obra":"dez-27","Estagio_mapeamento":"Projeto contratado","Area_m2":17226.46,"Distrito":"JARDIM ANGELA","Subprefeitura":"M BOI MIRIM","DTS":"MANANCIAIS"},"geometry":{"type":"MultiPolygon","coordinates":[[[[-46.79069,-23.703212],[-46.790144,-23.703335],[-46.789274,-23.703396],[-46.788454,-23.703427],[-46.788212,-23.70342],[-46.78802,-23.703484],[-46.787936,-23.703598],[-46.788168,-23.703913],[-46.788306,-23.703854],[-46.788553,-23.703768],[-46.78896,-23.703693],[-46.789271,-23.703673],[-46.790108,-23.70363],[-46.79069,-23.703603],[-46.790741,-23.704358],[-46.791147,-23.704368],[-46.791313,-23.703667],[-46.791364,-23.703246],[-46.790902,-23.703189],[-46.79069,-23.703212]]]]}},{"type":"Feature","properties":{"id":"habi_obraurbanizacao2geosampa_ext.149","gid":149,"ID_Habitasampa":"b34d55b1-bd19-4c57-b174-6be1394c69ad","Nome":"LOTE 8 - TOMÁS SANDRINO - SUBPERÍMETRO 2","Agrupamento":"URBANIZAÇÃO COMPLEXA MANANCIAIS","Estagio":"12 - PROJETO CONTRATADO E NÃO INICIADO","ID_unico":"1266.100.101-u","Escopo":"PROJETO+OBRA","Responsavel":"SEHAB/SEPM","Programa_metas":"2025-2028","Estimativa_familias":67.0,"Previsao_entrega_obra":"dez-27","Estagio_mapeamento":"Projeto contratado","Area_m2":24526.98,"Distrito":"PARELHEIROS","Subprefeitura":"PARELHEIROS","DTS":"MANANCIAIS"},"geometry":{"type":"MultiPolygon","coordinates":[[[[-46.736281,-23.82909],[-46.735318,-23.829255],[-46.735369,-23.829454],[-46.73575,-23.830393],[-46.736458,-23.831831],[-46.736927,-23.831709],[-46.736986,-23.8317],[-46.736281,-23.82909]]]]}},{"type":"Feature","properties":{"id":"habi_obraurbanizacao2geosampa_ext.150","gid":150,"ID_Habitasampa":"40aadb23-ed63-4146-8e3e-8ec654e2bd9b","Nome":"SAPÉ IV","Agrupamento":"URBANIZAÇÃO COMPLEXA","Estagio":"01 - OBRA CONCLUÍDA","ID_unico":"1024.104.100-u","Escopo":"OBRA","Responsavel":"SEHAB/CFT-OBRA","Programa_metas":"2021-2024","Estimativa_familias":10.0,"Previsao_entrega_obra":"Sem previsão","Estagio_mapeamento":"Obra contratada","Area_m2":3086.43,"Distrito":"RIO PEQUENO","Subprefeitura":"BUTANTA","DTS":"SUL"},"geometry":{"type":"MultiPolygon","coordinates":[[[[-46.761202,-23.57131],[-46.761344,-23.571377],[-46.761675,-23.570751],[-46.761703,-23.570687],[-46.761732,-23.570597],[-46.761767,-23.570398],[-46.761775,-23.570104],[-46.761546,-23.570056],[-46.761553,-23.570204],[-46.761547,-23.570323],[-46.761535,-23.570481],[-46.76151,-23.57058],[-46.761202,-23.57131]]]]}},{"type":"Feature","properties":{"id":"habi_obraurbanizacao2geosampa_ext.151","gid":151,"ID_Habitasampa":"a5e7f5ec-1634-4b3c-a493-017788441c86","Nome":"LOTE 7 - CANTINHO DO CÉU - SUBPERÍMETRO 3 (FRENTE 1,2)","Agrupamento":"URBANIZAÇÃO COMPLEXA MANANCIAIS","Estagio":"03 - OBRA EM ANDAMENTO","ID_unico":"1190.100.101-u","Escopo":"PROJETO+OBRA","Responsavel":"SEHAB/SEPM","Programa_metas":"2025-2028","Estimativa_familias":3796.0,"Previsao_entrega_obra":"dez-26","Estagio_mapeamento":"Obra contratada","Area_m2":394829.05,"Distrito":"GRAJAU","Subprefeitura":"CAPELA DO SOCORRO","DTS":"MANANCIAIS"},"geometry":{"type":"MultiPolygon","coordinates":[[[[-46.659167,-23.742723],[-46.659235,-23.742746],[-46.660887,-23.742563],[-46.662036,-23.742534],[-46.662276,-23.742649],[-46.662689,-23.743063],[-46.662891,-23.743263],[-46.66315,-23.743396],[-46.663887,-23.743623],[-46.664235,-23.743718],[-46.664709,-23.743788],[-46.664988,-23.743834],[-46.666745,-23.739575],[-46.666615,-23.738929],[-46.66593,-23.738267],[-46.66626,-23.737648],[-46.666061,-23.736976],[-46.665784,-23.73719],[-46.665611,-23.73773],[-46.664156,-23.737629],[-46.663768,-23.737677],[-46.662985,-23.737839],[-46.662558,-23.737915],[-46.662342,-23.737922],[-46.661969,-23.73808],[-46.661718,-23.738138],[-46.66157,-23.738135],[-46.661503,-23.738174],[-46.66147,-23.738233],[-46.661373,-23.738279],[-46.661163,-23.738065],[-46.660205,-23.737482],[-46.660129,-23.737317],[-46.659646,-23.737239],[-46.659455,-23.737242],[-46.658966,-23.737085],[-46.65878,-23.737],[-46.658525,-23.737018],[-46.659516,-23.738442],[-46.659936,-23.739127],[-46.659798,-23.740895],[-46.659752,-23.741976],[-46.659167,-23.742723]]]]}},{"type":"Feature","properties":{"id":"habi_obraurbanizacao2geosampa_ext.152","gid":152,"ID_Habitasampa":"ad6c4926-cfb6-43a9-a6e1-06654a77d3f9","Nome":"LOTE 2 - COSTA DO VALADO","Agrupamento":"URBANIZAÇÃO COMPLEXA MANANCIAIS","Estagio":"03 - OBRA EM ANDAMENTO","ID_unico":"1171.100.100-u","Escopo":"PROJETO+OBRA","Responsavel":"SEHAB/SEPM","Programa_metas":"2025-2028","Estimativa_familias":1031.0,"Previsao_entrega_obra":"out-27","Estagio_mapeamento":"Obra contratada","Area_m2":84852.58,"Distrito":"JARDIM ANGELA","Subprefeitura":"M BOI MIRIM","DTS":"MANANCIAIS"},"geometry":{"type":"MultiPolygon","coordinates":[[[[-46.78589,-23.700097],[-46.785282,-23.700803],[-46.78488,-23.701257],[-46.784439,-23.701614],[-46.784138,-23.702025],[-46.784026,-23.702152],[-46.784047,-23.702252],[-46.784162,-23.702268],[-46.784326,-23.70214],[-46.784498,-23.702199],[-46.784672,-23.702252],[-46.784923,-23.702744],[-46.785246,-23.703262],[-46.785423,-23.703552],[-46.785501,-23.703722],[-46.785313,-23.704819],[-46.785222,-23.70503],[-46.785299,-23.705039],[-46.785398,-23.705414],[-46.785674,-23.705707],[-46.785703,-23.705789],[-46.785806,-23.705823],[-46.785994,-23.705814],[-46.786157,-23.705778],[-46.786263,-23.705708],[-46.786323,-23.705659],[-46.786066,-23.705061],[-46.786022,-23.704857],[-46.786036,-23.704688],[-46.786425,-23.702401],[-46.786731,-23.701823],[-46.786872,-23.701714],[-46.786671,-23.700104],[-46.786792,-23.70005],[-46.786799,-23.699633],[-46.786611,-23.699657],[-46.786148,-23.699844],[-46.786148,-23.699844],[-46.78589,-23.700097]]]]}},{"type":"Feature","properties":{"id":"habi_obraurbanizacao2geosampa_ext.159","gid":159,"ID_Habitasampa":"411c1c22-9268-4612-820b-90ce71b6e132","Nome":"LOTE 4 - IPOJUCA LINS DE ARAUJO","Agrupamento":"A DEFINIR MANANCIAIS","Estagio":"12 - PROJETO CONTRATADO E NÃO INICIADO","ID_unico":"1262.100.100-u","Escopo":"PROJETO+OBRA","Responsavel":"SEHAB/SEPM","Programa_metas":"2025-2028","Estimativa_familias":106.0,"Previsao_entrega_obra":"Sem previsão","Estagio_mapeamento":"Projeto contratado","Area_m2":9243.82,"Distrito":"CIDADE DUTRA","Subprefeitura":"CAPELA DO SOCORRO","DTS":"MANANCIAIS"},"geometry":{"type":"MultiPolygon","coordinates":[[[[-46.696814,-23.725399],[-46.696798,-23.725327],[-46.696838,-23.725323],[-46.696831,-23.72529],[-46.696917,-23.725291],[-46.696915,-23.725191],[-46.696945,-23.725195],[-46.696989,-23.725204],[-46.697033,-23.7252],[-46.697088,-23.725211],[-46.697197,-23.725249],[-46.697285,-23.725017],[-46.697153,-23.724957],[-46.697118,-23.724949],[-46.697082,-23.724944],[-46.697047,-23.72494],[-46.697011,-23.724939],[-46.696975,-23.724939],[-46.696939,-23.724942],[-46.696904,-23.724946],[-46.696869,-23.724953],[-46.696834,-23.724961],[-46.696809,-23.724959],[-46.696796,-23.724955],[-46.696784,-23.724949],[-46.696772,-23.724943],[-46.696761,-23.724937],[-46.69675,-23.724929],[-46.6967,-23.724871],[-46.696686,-23.724824],[-46.696646,-23.724696],[-46.696646,-23.724696],[-46.696589,-23.724499],[-46.696589,-23.724499],[-46.696558,-23.724393],[-46.696535,-23.724326],[-46.696501,-23.724278],[-46.69612,-23.724139],[-46.69612,-23.724139],[-46.695925,-23.72408],[-46.695877,-23.724076],[-46.695929,-23.724404],[-46.695929,-23.724404],[-46.696014,-23.72484],[-46.696014,-23.72484],[-46.69605,-23.724946],[-46.696182,-23.72492],[-46.696246,-23.725263],[-46.696673,-23.725227],[-46.696724,-23.72543],[-46.696769,-23.725404],[-46.696814,-23.725399]]]]}},{"type":"Feature","properties":{"id":"habi_obraurbanizacao2geosampa_ext.153","gid":153,"ID_Habitasampa":"f77483fe-214d-46b3-a88b-a8dcc94160c6","Nome":"LOTE 4 - CEU CIDADE DUTRA","Agrupamento":"A DEFINIR MANANCIAIS","Estagio":"12 - PROJETO CONTRATADO E NÃO INICIADO","ID_unico":"1261.100.100-u","Escopo":"PROJETO+OBRA","Responsavel":"SEHAB/SEPM","Programa_metas":"2025-2028","Estimativa_familias":95.0,"Previsao_entrega_obra":"Sem previsão","Estagio_mapeamento":"Projeto contratado","Area_m2":38466.71,"Distrito":"CIDADE DUTRA","Subprefeitura":"CAPELA DO SOCORRO","DTS":"MANANCIAIS"},"geometry":{"type":"MultiPolygon","coordinates":[[[[-46.707445,-23.711007],[-46.707442,-23.711005],[-46.707439,-23.711003],[-46.707435,-23.711002],[-46.707431,-23.711001],[-46.707428,-23.711],[-46.707424,-23.710999],[-46.70742,-23.710999],[-46.707416,-23.710998],[-46.707412,-23.710998],[-46.707408,-23.710998],[-46.707404,-23.710999],[-46.7074,-23.710999],[-46.707397,-23.711],[-46.707393,-23.711001],[-46.707389,-23.711002],[-46.707386,-23.711003],[-46.707382,-23.711005],[-46.707379,-23.711007],[-46.707375,-23.711009],[-46.707372,-23.711011],[-46.707369,-23.711013],[-46.707173,-23.711182],[-46.707037,-23.711284],[-46.706907,-23.711381],[-46.706792,-23.711462],[-46.706676,-23.71154],[-46.706642,-23.711564],[-46.706607,-23.711585],[-46.70657,-23.711604],[-46.706532,-23.711621],[-46.706493,-23.711636],[-46.706453,-23.711649],[-46.706412,-23.711659],[-46.70637,-23.711667],[-46.706329,-23.711672],[-46.706302,-23.711675],[-46.706275,-23.711676],[-46.706248,-23.711676],[-46.706221,-23.711674],[-46.706194,-23.71167],[-46.706167,-23.711666],[-46.706141,-23.711659],[-46.706115,-23.711651],[-46.706027,-23.711608],[-46.705941,-23.71156],[-46.705858,-23.711507],[-46.705778,-23.71145],[-46.705703,-23.711389],[-46.705578,-23.711282],[-46.705486,-23.711191],[-46.705471,-23.711177],[-46.705299,-23.711264],[-46.705273,-23.711279],[-46.705247,-23.711295],[-46.705223,-23.711312],[-46.705199,-23.711331],[-46.705178,-23.711352],[-46.705157,-23.711373],[-46.705138,-23.711396],[-46.705121,-23.71142],[-46.705105,-23.711444],[-46.705092,-23.71147],[-46.705079,-23.711496],[-46.705069,-23.711523],[-46.705061,-23.711551],[-46.704998,-23.711783],[-46.705028,-23.711788],[-46.705338,-23.711845],[-46.705518,-23.711899],[-46.705716,-23.711999],[-46.705862,-23.712107],[-46.705909,-23.712143],[-46.706069,-23.712299],[-46.706439,-23.712693],[-46.706553,-23.712824],[-46.706817,-23.713104],[-46.706905,-23.713196],[-46.706956,-23.713251],[-46.707787,-23.714117],[-46.70779,-23.71412],[-46.707793,-23.714123],[-46.707797,-23.714126],[-46.7078,-23.714128],[-46.707804,-23.714131],[-46.707808,-23.714133],[-46.707812,-23.714134],[-46.707816,-23.714136],[-46.707821,-23.714137],[-46.707825,-23.714138],[-46.70783,-23.714139],[-46.707834,-23.71414],[-46.707839,-23.71414],[-46.707843,-23.71414],[-46.707848,-23.71414],[-46.707852,-23.714139],[-46.707857,-23.714138],[-46.707861,-23.714137],[-46.707865,-23.714136],[-46.70787,-23.714135],[-46.707874,-23.714133],[-46.707878,-23.714131],[-46.707882,-23.714129],[-46.707885,-23.714126],[-46.707889,-23.714124],[-46.708008,-23.714028],[-46.708063,-23.713983],[-46.708127,-23.713932],[-46.708309,-23.713786],[-46.708312,-23.713783],[-46.708316,-23.713779],[-46.708319,-23.713776],[-46.708322,-23.713772],[-46.708325,-23.713768],[-46.708327,-23.713764],[-46.70833,-23.71376],[-46.708332,-23.713755],[-46.708333,-23.713751],[-46.708335,-23.713746],[-46.708336,-23.713742],[-46.708336,-23.713737],[-46.708337,-23.713732],[-46.708337,-23.713728],[-46.708337,-23.713723],[-46.708336,-23.713718],[-46.708335,-23.713714],[-46.708334,-23.713709],[-46.708333,-23.713705],[-46.708331,-23.7137],[-46.708329,-23.713696],[-46.708326,-23.713692],[-46.708324,-23.713688],[-46.708321,-23.713684],[-46.708318,-23.71368],[-46.708314,-23.713677],[-46.707948,-23.713318],[-46.70774,-23.71311],[-46.707538,-23.712897],[-46.707336,-23.712684],[-46.70714,-23.712467],[-46.70713,-23.712455],[-46.707122,-23.712442],[-46.707114,-23.712429],[-46.707108,-23.712415],[-46.707102,-23.712401],[-46.707098,-23.712387],[-46.707094,-23.712372],[-46.707091,-23.712357],[-46.70709,-23.712342],[-46.707089,-23.712327],[-46.707089,-23.712312],[-46.707091,-23.712297],[-46.707093,-23.712283],[-46.707096,-23.712268],[-46.707101,-23.712253],[-46.707106,-23.712239],[-46.707112,-23.712225],[-46.707119,-23.712212],[-46.707127,-23.712199],[-46.707136,-23.712186],[-46.707146,-23.712174],[-46.707157,-23.712163],[-46.707826,-23.71136],[-46.707828,-23.711357],[-46.70783,-23.711354],[-46.707832,-23.711351],[-46.707834,-23.711348],[-46.707835,-23.711345],[-46.707836,-23.711341],[-46.707837,-23.711338],[-46.707838,-23.711334],[-46.707839,-23.711331],[-46.707839,-23.711327],[-46.707839,-23.711323],[-46.707839,-23.71132],[-46.707838,-23.711316],[-46.707837,-23.711313],[-46.707837,-23.711309],[-46.707835,-23.711306],[-46.707834,-23.711303],[-46.707832,-23.711299],[-46.70783,-23.711296],[-46.707828,-23.711293],[-46.707826,-23.71129],[-46.707824,-23.711287],[-46.707821,-23.711285],[-46.707818,-23.711282],[-46.707815,-23.71128],[-46.707626,-23.71114],[-46.707573,-23.711101],[-46.707449,-23.711009],[-46.707445,-23.711007]]]]}},{"type":"Feature","properties":{"id":"habi_obraurbanizacao2geosampa_ext.154","gid":154,"ID_Habitasampa":"ae23ffd1-4abd-479d-bdc8-0508ad715306","Nome":"LOTE 5 - SETE PRAIAS (MATA VIRGEM) - EEE","Agrupamento":"URB SIMPLES S/ REMOÇÃO MANANCIAIS","Estagio":"02 - OBRA PARALISADA","ID_unico":"1186.101.100-u","Escopo":"PROJETO+OBRA","Responsavel":"SEHAB/SEPM","Programa_metas":"2025-2028","Estimativa_familias":null,"Previsao_entrega_obra":"Sem previsão","Estagio_mapeamento":"Obra contratada","Area_m2":126.01,"Distrito":"PEDREIRA","Subprefeitura":"CIDADE ADEMAR","DTS":"MANANCIAIS"},"geometry":{"type":"MultiPolygon","coordinates":[[[[-46.63896,-23.713024],[-46.638819,-23.713085],[-46.638852,-23.71315],[-46.638993,-23.713089],[-46.63896,-23.713024]]]]}},{"type":"Feature","properties":{"id":"habi_obraurbanizacao2geosampa_ext.155","gid":155,"ID_Habitasampa":"05269125-6e2c-4dd9-a1ed-1834e6354066","Nome":"ÁRVORE DE SÃO TOMÁS - SUBPERÍMETRO 1","Agrupamento":"URBANIZAÇÃO COMPLEXA","Estagio":"03 - OBRA EM ANDAMENTO","ID_unico":"1020.101.100-u","Escopo":"OBRA","Responsavel":"SEHAB/CFT-OBRA","Programa_metas":"2025-2028","Estimativa_familias":99.0,"Previsao_entrega_obra":"dez-26","Estagio_mapeamento":"Obra contratada","Area_m2":8307.62,"Distrito":"PERUS","Subprefeitura":"PERUS","DTS":"NORTE"},"geometry":{"type":"MultiPolygon","coordinates":[[[[-46.760939,-23.41168],[-46.760939,-23.411747],[-46.761425,-23.411914],[-46.76171,-23.411961],[-46.762272,-23.411988],[-46.762831,-23.411958],[-46.763222,-23.411891],[-46.76352,-23.411768],[-46.76343,-23.411536],[-46.763136,-23.411619],[-46.762523,-23.411619],[-46.760939,-23.41168]]]]}},{"type":"Feature","properties":{"id":"habi_obraurbanizacao2geosampa_ext.156","gid":156,"ID_Habitasampa":"1c47afdf-9bbf-4046-b00d-08059ac6f0fa","Nome":"JARDIM AURORA (JARDIM CÉLIA) - SUBPERÍMETRO 2","Agrupamento":"URB SIMPLES S/ REMOÇÃO PAC - ENCOSTAS","Estagio":"04 - OBRA CONTRATADA E NÃO INICIADA","ID_unico":"1152.100.101-u","Escopo":"OBRA","Responsavel":"SEHAB/CFT-OBRA","Programa_metas":"2025-2028","Estimativa_familias":125.0,"Previsao_entrega_obra":"nov-26","Estagio_mapeamento":"Obra contratada","Area_m2":9544.83,"Distrito":"LAJEADO","Subprefeitura":"GUAIANASES","DTS":"LESTE"},"geometry":{"type":"MultiPolygon","coordinates":[[[[-46.421556,-23.536056],[-46.420933,-23.536684],[-46.420499,-23.536803],[-46.420003,-23.536979],[-46.419684,-23.536508],[-46.419502,-23.536162],[-46.420126,-23.536287],[-46.420783,-23.53627],[-46.421556,-23.536056]]]]}},{"type":"Feature","properties":{"id":"habi_obraurbanizacao2geosampa_ext.157","gid":157,"ID_Habitasampa":"635cc913-c54a-4149-9096-02111a376a1e","Nome":"JARDIM AURORA (JARDIM CÉLIA) - SUBPERÍMETRO 3","Agrupamento":"URB SIMPLES S/ REMOÇÃO PAC - ENCOSTAS","Estagio":"04 - OBRA CONTRATADA E NÃO INICIADA","ID_unico":"1152.100.102-u","Escopo":"OBRA","Responsavel":"SEHAB/CFT-OBRA","Programa_metas":"2025-2028","Estimativa_familias":99.0,"Previsao_entrega_obra":"nov-26","Estagio_mapeamento":"Obra contratada","Area_m2":6931.59,"Distrito":"LAJEADO","Subprefeitura":"GUAIANASES","DTS":"LESTE"},"geometry":{"type":"MultiPolygon","coordinates":[[[[-46.421841,-23.536586],[-46.421934,-23.537157],[-46.421118,-23.537233],[-46.421084,-23.53697],[-46.420616,-23.537049],[-46.420499,-23.536803],[-46.420933,-23.536684],[-46.421841,-23.536586]]]]}},{"type":"Feature","properties":{"id":"habi_obraurbanizacao2geosampa_ext.158","gid":158,"ID_Habitasampa":"365b3297-77c9-4424-8cc7-f6871804273a","Nome":"PARAISÓPOLIS / SETOR ANTONICO - SUBPERÍMETRO 3","Agrupamento":"URBANIZAÇÃO COMPLEXA OUCFL","Estagio":"03 - OBRA EM ANDAMENTO","ID_unico":"1027.102.102-u","Escopo":"OBRA","Responsavel":"SEHAB/CFT-OBRA","Programa_metas":"2025-2028","Estimativa_familias":251.0,"Previsao_entrega_obra":"mai-27","Estagio_mapeamento":"Obra contratada","Area_m2":6495.33,"Distrito":"VILA ANDRADE","Subprefeitura":"CAMPO LIMPO","DTS":"SUL"},"geometry":{"type":"MultiPolygon","coordinates":[[[[-46.726729,-23.614466],[-46.726729,-23.61447],[-46.726745,-23.614474],[-46.726765,-23.614477],[-46.726773,-23.614478],[-46.726775,-23.614478],[-46.726775,-23.614512],[-46.726786,-23.614513],[-46.726787,-23.614513],[-46.72679,-23.614513],[-46.726844,-23.614516],[-46.726844,-23.614519],[-46.726882,-23.61452],[-46.726881,-23.614524],[-46.726903,-23.614526],[-46.726949,-23.61453],[-46.726952,-23.614503],[-46.726955,-23.614504],[-46.726957,-23.614493],[-46.726958,-23.614493],[-46.726962,-23.614492],[-46.726972,-23.614492],[-46.726985,-23.614493],[-46.727006,-23.614494],[-46.727019,-23.614495],[-46.72702,-23.614485],[-46.727042,-23.614484],[-46.727044,-23.61451],[-46.727065,-23.614604],[-46.727144,-23.614599],[-46.727221,-23.614599],[-46.727291,-23.614599],[-46.727333,-23.614623],[-46.72735,-23.614599],[-46.7274,-23.61458],[-46.727479,-23.614504],[-46.727437,-23.614466],[-46.727424,-23.614451],[-46.72742,-23.614455],[-46.727387,-23.614425],[-46.727376,-23.614415],[-46.727345,-23.614446],[-46.72731,-23.614413],[-46.727294,-23.614429],[-46.727252,-23.61439],[-46.727261,-23.614384],[-46.727227,-23.614347],[-46.727218,-23.614337],[-46.727222,-23.614335],[-46.727197,-23.614308],[-46.727165,-23.614327],[-46.727142,-23.614269],[-46.727141,-23.614218],[-46.727169,-23.614195],[-46.72719,-23.614182],[-46.727149,-23.614133],[-46.727124,-23.614143],[-46.727107,-23.614263],[-46.727103,-23.614263],[-46.727101,-23.614273],[-46.727096,-23.614272],[-46.727093,-23.614281],[-46.727014,-23.61427],[-46.726979,-23.614266],[-46.726974,-23.614305],[-46.72691,-23.614299],[-46.726912,-23.614281],[-46.726899,-23.614271],[-46.726824,-23.614262],[-46.726814,-23.614256],[-46.726789,-23.614244],[-46.726762,-23.61423],[-46.726726,-23.614211],[-46.726751,-23.614166],[-46.726748,-23.614134],[-46.726779,-23.61406],[-46.726769,-23.614044],[-46.726681,-23.61397],[-46.72661,-23.613917],[-46.726534,-23.613858],[-46.726533,-23.61386],[-46.726508,-23.613842],[-46.726517,-23.61383],[-46.726453,-23.613784],[-46.726404,-23.613757],[-46.726386,-23.613744],[-46.726297,-23.61369],[-46.726213,-23.613673],[-46.726145,-23.613673],[-46.726124,-23.613672],[-46.726102,-23.613672],[-46.726098,-23.613673],[-46.726068,-23.613679],[-46.726062,-23.613692],[-46.726027,-23.613687],[-46.726023,-23.613685],[-46.725984,-23.613699],[-46.725988,-23.613713],[-46.725985,-23.613715],[-46.725981,-23.613718],[-46.725941,-23.613708],[-46.725935,-23.613684],[-46.725607,-23.613718],[-46.725636,-23.613784],[-46.725627,-23.613891],[-46.725691,-23.613911],[-46.725694,-23.613974],[-46.725792,-23.61397],[-46.725792,-23.613959],[-46.725827,-23.613958],[-46.725841,-23.613956],[-46.725861,-23.613956],[-46.725888,-23.613953],[-46.725889,-23.613953],[-46.725896,-23.613953],[-46.725903,-23.613954],[-46.725919,-23.613954],[-46.725926,-23.613954],[-46.725941,-23.613952],[-46.725941,-23.613949],[-46.725963,-23.613947],[-46.72598,-23.613946],[-46.726005,-23.613944],[-46.726004,-23.613947],[-46.726058,-23.613942],[-46.726102,-23.613935],[-46.726113,-23.613934],[-46.726126,-23.613934],[-46.726151,-23.613936],[-46.726151,-23.613939],[-46.726209,-23.613935],[-46.72624,-23.613934],[-46.726242,-23.613951],[-46.726246,-23.613982],[-46.726252,-23.614037],[-46.72625,-23.6141],[-46.726266,-23.6141],[-46.726431,-23.614138],[-46.726428,-23.614162],[-46.72642,-23.614162],[-46.726417,-23.614201],[-46.726411,-23.614206],[-46.726397,-23.614243],[-46.726454,-23.614261],[-46.726449,-23.614275],[-46.726376,-23.614251],[-46.726293,-23.614226],[-46.726293,-23.614225],[-46.726253,-23.614212],[-46.726257,-23.614244],[-46.72626,-23.614271],[-46.726305,-23.614286],[-46.726489,-23.614353],[-46.726481,-23.614366],[-46.726534,-23.614391],[-46.726531,-23.614396],[-46.726568,-23.614411],[-46.726576,-23.614406],[-46.726578,-23.614407],[-46.726676,-23.614454],[-46.726695,-23.614459],[-46.726729,-23.614466]]]]}},{"type":"Feature","properties":{"id":"habi_obraurbanizacao2geosampa_ext.162","gid":162,"ID_Habitasampa":"78241721-c984-48c3-ab0f-af6693db35d9","Nome":"PARAISÓPOLIS / SETOR ANTONICO - SUBPERÍMETRO 2","Agrupamento":"URBANIZAÇÃO COMPLEXA OUCFL","Estagio":"03 - OBRA EM ANDAMENTO","ID_unico":"1027.102.101-u","Escopo":"OBRA","Responsavel":"SEHAB/CFT-OBRA","Programa_metas":"2025-2028","Estimativa_familias":353.0,"Previsao_entrega_obra":"mai-27","Estagio_mapeamento":"Obra contratada","Area_m2":10808.54,"Distrito":"VILA ANDRADE","Subprefeitura":"CAMPO LIMPO","DTS":"SUL"},"geometry":{"type":"MultiPolygon","coordinates":[[[[-46.724055,-23.612919],[-46.724114,-23.61339],[-46.724609,-23.613346],[-46.724993,-23.613308],[-46.725011,-23.613461],[-46.725035,-23.613689],[-46.725045,-23.613777],[-46.725935,-23.613684],[-46.725917,-23.613566],[-46.725823,-23.613575],[-46.725815,-23.613478],[-46.725723,-23.613488],[-46.725711,-23.613401],[-46.725655,-23.613405],[-46.72561,-23.613409],[-46.725594,-23.613304],[-46.725563,-23.613305],[-46.725505,-23.613317],[-46.725488,-23.613243],[-46.725472,-23.613245],[-46.725463,-23.6132],[-46.725401,-23.613212],[-46.725384,-23.613143],[-46.725373,-23.613073],[-46.725294,-23.613079],[-46.725257,-23.613081],[-46.725257,-23.613066],[-46.725249,-23.613029],[-46.725257,-23.613022],[-46.725222,-23.612974],[-46.725213,-23.612927],[-46.725187,-23.612795],[-46.724935,-23.612813],[-46.724569,-23.612838],[-46.724048,-23.612877],[-46.724048,-23.612877],[-46.724055,-23.612919]]]]}},{"type":"Feature","properties":{"id":"habi_obraurbanizacao2geosampa_ext.163","gid":163,"ID_Habitasampa":"e3705999-061d-4a30-a699-c62b993131ef","Nome":"LOTE 8 - JARDIM SÃO NORBERTO - SUBPERÍMETRO 2","Agrupamento":"A DEFINIR MANANCIAIS","Estagio":"11 - PROJETO EM ANDAMENTO","ID_unico":"1203.100.101-u","Escopo":"PROJETO+OBRA","Responsavel":"SEHAB/SEPM","Programa_metas":"2025-2028","Estimativa_familias":846.0,"Previsao_entrega_obra":"Sem previsão","Estagio_mapeamento":"Projeto contratado","Area_m2":162870.2,"Distrito":"PARELHEIROS","Subprefeitura":"PARELHEIROS","DTS":"MANANCIAIS"},"geometry":{"type":"MultiPolygon","coordinates":[[[[-46.70605,-23.824156],[-46.705889,-23.824129],[-46.704624,-23.823876],[-46.704375,-23.823766],[-46.70427,-23.823532],[-46.704265,-23.823515],[-46.704284,-23.823207],[-46.704219,-23.823045],[-46.703977,-23.822603],[-46.703801,-23.822325],[-46.703477,-23.822012],[-46.702751,-23.821414],[-46.702726,-23.821396],[-46.702616,-23.821495],[-46.70226,-23.821344],[-46.701978,-23.821358],[-46.701777,-23.821414],[-46.701695,-23.821796],[-46.701072,-23.822073],[-46.700924,-23.822224],[-46.700999,-23.822445],[-46.701051,-23.822771],[-46.700796,-23.823445],[-46.701099,-23.823613],[-46.701491,-23.823736],[-46.701696,-23.82345],[-46.701815,-23.823433],[-46.701721,-23.823759],[-46.701672,-23.824037],[-46.701689,-23.824072],[-46.701729,-23.824126],[-46.70177,-23.824179],[-46.702436,-23.824728],[-46.703108,-23.825585],[-46.703858,-23.826177],[-46.704296,-23.826065],[-46.704755,-23.825911],[-46.705178,-23.825836],[-46.705629,-23.825819],[-46.70635,-23.825776],[-46.706504,-23.825618],[-46.706776,-23.825152],[-46.706668,-23.824672],[-46.706318,-23.82426],[-46.70605,-23.824156]]]]}},{"type":"Feature","properties":{"id":"habi_obraurbanizacao2geosampa_ext.164","gid":164,"ID_Habitasampa":"e6fcc13d-f5f4-4c95-a33b-fb2fcd8303b0","Nome":"SÃO PEDRO / LIVIERO - SUBPERÍMETRO 1","Agrupamento":"URBANIZAÇÃO COMPLEXA","Estagio":"11 - PROJETO EM ANDAMENTO","ID_unico":"1031.100.100-u","Escopo":"PROJETO+OBRA","Responsavel":"SEHAB/CFT-OBRA","Programa_metas":null,"Estimativa_familias":281.0,"Previsao_entrega_obra":"Sem previsão","Estagio_mapeamento":"Projeto contratado","Area_m2":20007.91,"Distrito":"SACOMA","Subprefeitura":"IPIRANGA","DTS":"SUDESTE"},"geometry":{"type":"MultiPolygon","coordinates":[[[[-46.595278,-23.65139],[-46.595223,-23.651428],[-46.594998,-23.651353],[-46.594735,-23.651594],[-46.595053,-23.651736],[-46.595439,-23.651931],[-46.595943,-23.652544],[-46.596345,-23.652796],[-46.596764,-23.652933],[-46.597904,-23.653102],[-46.598251,-23.653126],[-46.598652,-23.653099],[-46.599146,-23.653032],[-46.599508,-23.653245],[-46.599702,-23.653395],[-46.599943,-23.653531],[-46.600383,-23.653698],[-46.600638,-23.653756],[-46.600649,-23.653707],[-46.600677,-23.653628],[-46.600657,-23.653618],[-46.600566,-23.65358],[-46.600471,-23.653485],[-46.600402,-23.653523],[-46.600343,-23.653498],[-46.60032,-23.653512],[-46.600287,-23.653502],[-46.600266,-23.65351],[-46.600233,-23.6535],[-46.600134,-23.653455],[-46.600047,-23.65338],[-46.599998,-23.653413],[-46.599946,-23.65338],[-46.599962,-23.653351],[-46.599686,-23.653078],[-46.599372,-23.652995],[-46.599396,-23.652965],[-46.59941,-23.652927],[-46.599407,-23.652808],[-46.599186,-23.652852],[-46.599042,-23.652891],[-46.598191,-23.652856],[-46.597412,-23.652662],[-46.597363,-23.652639],[-46.597323,-23.652725],[-46.59723,-23.652694],[-46.597209,-23.652732],[-46.596941,-23.652612],[-46.596903,-23.652646],[-46.596615,-23.652496],[-46.596582,-23.652532],[-46.59651,-23.65247],[-46.596465,-23.652492],[-46.596346,-23.652385],[-46.59633,-23.652402],[-46.596267,-23.65236],[-46.595911,-23.651932],[-46.595853,-23.65197],[-46.595783,-23.65189],[-46.595414,-23.651545],[-46.595278,-23.65139]]]]}}]}